z_bin_index	z_bin_lower	z_bin_upper	redshift	field	id	radius_kpc	mass_sd_msun_kpc2	sfr_sd_msun_yr_kpc2	ssfr_yr-1	mass_weighted_age_gyr	reliable_measurement
0	5.00000000e-01	1.65125732e+00	1.52555180e+00	ceers-full-grizli-v7.2	15655	5.00000000e-01	1.39700092e+10	4.40301626e+01	3.15176333e-09	9.74388058e-01	1
0	5.00000000e-01	1.65125732e+00	1.52555180e+00	ceers-full-grizli-v7.2	15655	2.00000000e+00	4.02862855e+09	1.58594012e+00	3.93667499e-10	2.16856271e+00	1
0	5.00000000e-01	1.65125732e+00	1.52555180e+00	ceers-full-grizli-v7.2	15655	3.50000000e+00	1.44679018e+09	2.38430343e-01	1.64799530e-10	1.68835466e+00	1
0	5.00000000e-01	1.65125732e+00	1.52555180e+00	ceers-full-grizli-v7.2	15655	5.00000000e+00	6.89075680e+08	2.56926132e-01	3.72856189e-10	1.34502725e+00	1
0	5.00000000e-01	1.65125732e+00	1.52555180e+00	ceers-full-grizli-v7.2	15655	6.50000000e+00	3.11519794e+08	1.25827432e-01	4.03914726e-10	1.29789272e+00	1
0	5.00000000e-01	1.65125732e+00	1.52555180e+00	ceers-full-grizli-v7.2	15655	8.00000000e+00	1.73145954e+08	7.69212200e-02	4.44256526e-10	1.12450525e+00	1
0	5.00000000e-01	1.65125732e+00	1.52555180e+00	ceers-full-grizli-v7.2	15655	9.50000000e+00	9.48177727e+07	5.25288572e-02	5.53998008e-10	9.69905610e-01	1
0	5.00000000e-01	1.65125732e+00	1.52555180e+00	ceers-full-grizli-v7.2	15655	1.10000000e+01	5.26513547e+07	4.04688308e-02	7.68618986e-10	8.34747483e-01	1
0	5.00000000e-01	1.65125732e+00	1.52555180e+00	ceers-full-grizli-v7.2	15655	1.25000000e+01	2.97164991e+07	3.36387778e-02	1.13198993e-09	7.23083752e-01	1
0	5.00000000e-01	1.65125732e+00	1.52555180e+00	ceers-full-grizli-v7.2	15655	1.40000000e+01	1.67050539e+07	3.02275618e-02	1.80948604e-09	6.55839064e-01	1
0	5.00000000e-01	1.65125732e+00	1.52555180e+00	ceers-full-grizli-v7.2	15655	1.55000000e+01	1.00424060e+07	2.49388213e-02	2.48335124e-09	6.32061878e-01	1
0	5.00000000e-01	1.65125732e+00	1.52555180e+00	ceers-full-grizli-v7.2	15655	1.70000000e+01	8.21780770e+06	2.58808289e-02	3.14935928e-09	6.17352081e-01	1
0	5.00000000e-01	1.65125732e+00	1.52555180e+00	ceers-full-grizli-v7.2	15655	1.85000000e+01	6.79294891e+06	2.39870425e-02	3.53116781e-09	6.28912092e-01	1
0	5.00000000e-01	1.65125732e+00	1.52555180e+00	ceers-full-grizli-v7.2	15655	2.00000000e+01	5.95618666e+06	2.33019942e-02	3.91223370e-09	6.32426929e-01	1
0	5.00000000e-01	1.65125732e+00	1.52555180e+00	ceers-full-grizli-v7.2	15655	2.15000000e+01	5.37360277e+06	1.96266158e-02	3.65241285e-09	6.05815254e-01	1
0	5.00000000e-01	1.65125732e+00	1.52555180e+00	ceers-full-grizli-v7.2	15655	2.30000000e+01	nan	nan	nan	nan	1
0	5.00000000e-01	1.65125732e+00	1.52555180e+00	ceers-full-grizli-v7.2	15655	2.45000000e+01	nan	nan	nan	nan	1
0	5.00000000e-01	1.65125732e+00	1.52555180e+00	ceers-full-grizli-v7.2	15655	2.60000000e+01	nan	nan	nan	nan	1
0	5.00000000e-01	1.65125732e+00	1.52555180e+00	ceers-full-grizli-v7.2	15655	2.75000000e+01	nan	nan	nan	nan	1
0	5.00000000e-01	1.65125732e+00	1.52555180e+00	ceers-full-grizli-v7.2	15655	2.90000000e+01	nan	nan	nan	nan	1
0	5.00000000e-01	1.65125732e+00	1.52555180e+00	ceers-full-grizli-v7.2	15655	3.05000000e+01	nan	nan	nan	nan	1
0	5.00000000e-01	1.65125732e+00	1.08491051e+00	ceers-full-grizli-v7.2	19427	5.00000000e-01	3.86139347e+09	8.36533023e-02	2.16640192e-11	2.14796255e+00	1
0	5.00000000e-01	1.65125732e+00	1.08491051e+00	ceers-full-grizli-v7.2	19427	2.00000000e+00	1.25986337e+09	2.05867611e-01	1.63404712e-10	1.86998698e+00	1
0	5.00000000e-01	1.65125732e+00	1.08491051e+00	ceers-full-grizli-v7.2	19427	3.50000000e+00	5.71875752e+08	3.14093255e-01	5.49233384e-10	1.19176406e+00	1
0	5.00000000e-01	1.65125732e+00	1.08491051e+00	ceers-full-grizli-v7.2	19427	5.00000000e+00	3.32249118e+08	2.29683754e-01	6.91299815e-10	1.21424229e+00	1
0	5.00000000e-01	1.65125732e+00	1.08491051e+00	ceers-full-grizli-v7.2	19427	6.50000000e+00	1.98768093e+08	9.04328572e-02	4.54966670e-10	1.61027701e+00	1
0	5.00000000e-01	1.65125732e+00	1.08491051e+00	ceers-full-grizli-v7.2	19427	8.00000000e+00	1.26949431e+08	4.56756223e-02	3.59793831e-10	1.68843031e+00	1
0	5.00000000e-01	1.65125732e+00	1.08491051e+00	ceers-full-grizli-v7.2	19427	9.50000000e+00	8.55396265e+07	2.61632143e-02	3.05860750e-10	1.81505140e+00	1
0	5.00000000e-01	1.65125732e+00	1.08491051e+00	ceers-full-grizli-v7.2	19427	1.10000000e+01	5.93586049e+07	2.04438170e-02	3.44412019e-10	1.77865713e+00	1
0	5.00000000e-01	1.65125732e+00	1.08491051e+00	ceers-full-grizli-v7.2	19427	1.25000000e+01	3.98262389e+07	1.50380025e-02	3.77590326e-10	1.70235001e+00	1
0	5.00000000e-01	1.65125732e+00	1.08491051e+00	ceers-full-grizli-v7.2	19427	1.40000000e+01	2.52014461e+07	1.10225096e-02	4.37376074e-10	1.58673196e+00	1
0	5.00000000e-01	1.65125732e+00	1.08491051e+00	ceers-full-grizli-v7.2	19427	1.55000000e+01	1.57305685e+07	9.45304699e-03	6.00934862e-10	1.47666195e+00	1
0	5.00000000e-01	1.65125732e+00	1.08491051e+00	ceers-full-grizli-v7.2	19427	1.70000000e+01	1.09698896e+07	1.02986523e-02	9.38810938e-10	1.31990743e+00	1
0	5.00000000e-01	1.65125732e+00	1.08491051e+00	ceers-full-grizli-v7.2	19427	1.85000000e+01	8.74579727e+06	1.07478804e-02	1.22891945e-09	1.18451848e+00	1
0	5.00000000e-01	1.65125732e+00	1.08491051e+00	ceers-full-grizli-v7.2	19427	2.00000000e+01	7.24004116e+06	8.28694031e-03	1.14459851e-09	1.13647526e+00	1
0	5.00000000e-01	1.65125732e+00	1.08491051e+00	ceers-full-grizli-v7.2	19427	2.15000000e+01	6.50079463e+06	1.08430355e-02	1.66795540e-09	9.62716724e-01	1
0	5.00000000e-01	1.65125732e+00	1.08491051e+00	ceers-full-grizli-v7.2	19427	2.30000000e+01	8.75414516e+06	2.67539627e-02	3.05614794e-09	6.05212800e-01	1
0	5.00000000e-01	1.65125732e+00	1.08491051e+00	ceers-full-grizli-v7.2	19427	2.45000000e+01	4.05478408e+06	1.89808157e-02	4.68109161e-09	2.06821446e-01	1
0	5.00000000e-01	1.65125732e+00	1.08491051e+00	ceers-full-grizli-v7.2	19427	2.60000000e+01	nan	nan	nan	nan	1
0	5.00000000e-01	1.65125732e+00	1.08491051e+00	ceers-full-grizli-v7.2	19427	2.75000000e+01	nan	nan	nan	nan	1
0	5.00000000e-01	1.65125732e+00	1.08491051e+00	ceers-full-grizli-v7.2	19427	2.90000000e+01	nan	nan	nan	nan	1
0	5.00000000e-01	1.65125732e+00	1.08491051e+00	ceers-full-grizli-v7.2	19427	3.05000000e+01	nan	nan	nan	nan	1
0	5.00000000e-01	1.65125732e+00	8.30110550e-01	ceers-full-grizli-v7.2	23809	5.00000000e-01	7.26031158e+09	4.72810855e-03	6.51226672e-13	3.44980955e+00	1
0	5.00000000e-01	1.65125732e+00	8.30110550e-01	ceers-full-grizli-v7.2	23809	2.00000000e+00	2.38675967e+09	4.39238410e-02	1.84031269e-11	2.70984475e+00	1
0	5.00000000e-01	1.65125732e+00	8.30110550e-01	ceers-full-grizli-v7.2	23809	3.50000000e+00	8.87591586e+08	8.54986053e-02	9.63265163e-11	2.19573659e+00	1
0	5.00000000e-01	1.65125732e+00	8.30110550e-01	ceers-full-grizli-v7.2	23809	5.00000000e+00	4.77432553e+08	4.77809015e-02	1.00078851e-10	2.32080817e+00	1
0	5.00000000e-01	1.65125732e+00	8.30110550e-01	ceers-full-grizli-v7.2	23809	6.50000000e+00	2.98905924e+08	7.80152367e-03	2.61002645e-11	3.06793152e+00	1
0	5.00000000e-01	1.65125732e+00	8.30110550e-01	ceers-full-grizli-v7.2	23809	8.00000000e+00	1.71176925e+08	3.83701910e-03	2.24155160e-11	3.39678076e+00	1
0	5.00000000e-01	1.65125732e+00	8.30110550e-01	ceers-full-grizli-v7.2	23809	9.50000000e+00	9.49483948e+07	4.18747643e-03	4.41026564e-11	3.44534708e+00	1
0	5.00000000e-01	1.65125732e+00	8.30110550e-01	ceers-full-grizli-v7.2	23809	1.10000000e+01	6.34361265e+07	4.26284022e-02	6.71989362e-10	3.19164448e+00	1
0	5.00000000e-01	1.65125732e+00	8.30110550e-01	ceers-full-grizli-v7.2	23809	1.25000000e+01	4.54827528e+07	1.05787623e-01	2.32588436e-09	2.19066176e+00	1
0	5.00000000e-01	1.65125732e+00	8.30110550e-01	ceers-full-grizli-v7.2	23809	1.40000000e+01	3.39714114e+07	1.13640278e-01	3.34517388e-09	1.39211425e+00	1
0	5.00000000e-01	1.65125732e+00	8.30110550e-01	ceers-full-grizli-v7.2	23809	1.55000000e+01	2.52008432e+07	9.24306919e-02	3.66776187e-09	1.11713494e+00	1
0	5.00000000e-01	1.65125732e+00	8.30110550e-01	ceers-full-grizli-v7.2	23809	1.70000000e+01	1.91108357e+07	7.15577671e-02	3.74435573e-09	1.06120374e+00	1
0	5.00000000e-01	1.65125732e+00	8.30110550e-01	ceers-full-grizli-v7.2	23809	1.85000000e+01	1.49297944e+07	5.24754397e-02	3.51481328e-09	1.06227610e+00	1
0	5.00000000e-01	1.65125732e+00	8.30110550e-01	ceers-full-grizli-v7.2	23809	2.00000000e+01	1.15610703e+07	3.74201233e-02	3.23673520e-09	1.06328410e+00	1
0	5.00000000e-01	1.65125732e+00	8.30110550e-01	ceers-full-grizli-v7.2	23809	2.15000000e+01	9.35988508e+06	2.68150867e-02	2.86489486e-09	1.06348814e+00	1
0	5.00000000e-01	1.65125732e+00	8.30110550e-01	ceers-full-grizli-v7.2	23809	2.30000000e+01	8.13428698e+06	1.99697375e-02	2.45500774e-09	1.06572775e+00	1
0	5.00000000e-01	1.65125732e+00	8.30110550e-01	ceers-full-grizli-v7.2	23809	2.45000000e+01	7.85655248e+06	1.82247943e-02	2.31969357e-09	1.07261471e+00	1
0	5.00000000e-01	1.65125732e+00	8.30110550e-01	ceers-full-grizli-v7.2	23809	2.60000000e+01	6.75751108e+06	1.89827971e-02	2.80914036e-09	1.06424156e+00	1
0	5.00000000e-01	1.65125732e+00	8.30110550e-01	ceers-full-grizli-v7.2	23809	2.75000000e+01	7.18039013e+06	2.41075762e-02	3.35741872e-09	1.05043088e+00	1
0	5.00000000e-01	1.65125732e+00	8.30110550e-01	ceers-full-grizli-v7.2	23809	2.90000000e+01	1.54847437e+07	5.48974071e-02	3.54525771e-09	9.40748910e-01	1
0	5.00000000e-01	1.65125732e+00	8.30110550e-01	ceers-full-grizli-v7.2	23809	3.05000000e+01	1.64922903e+07	7.93188878e-02	4.80945258e-09	9.51633900e-01	1
0	5.00000000e-01	1.65125732e+00	7.89162695e-01	ceers-full-grizli-v7.2	24517	5.00000000e-01	1.01026489e+10	2.36663346e-04	2.34258707e-14	5.44450051e+00	1
0	5.00000000e-01	1.65125732e+00	7.89162695e-01	ceers-full-grizli-v7.2	24517	2.00000000e+00	2.76651214e+09	2.03005488e-03	7.33795760e-13	4.54142795e+00	1
0	5.00000000e-01	1.65125732e+00	7.89162695e-01	ceers-full-grizli-v7.2	24517	3.50000000e+00	8.35919319e+08	1.04389372e-02	1.24879722e-11	3.62089178e+00	1
0	5.00000000e-01	1.65125732e+00	7.89162695e-01	ceers-full-grizli-v7.2	24517	5.00000000e+00	4.13079679e+08	1.03400825e-02	2.50316902e-11	3.29290784e+00	1
0	5.00000000e-01	1.65125732e+00	7.89162695e-01	ceers-full-grizli-v7.2	24517	6.50000000e+00	2.13630496e+08	1.27216327e-02	5.95497032e-11	3.00269917e+00	1
0	5.00000000e-01	1.65125732e+00	7.89162695e-01	ceers-full-grizli-v7.2	24517	8.00000000e+00	1.57680445e+08	4.75750415e-03	3.01718083e-11	3.60781607e+00	1
0	5.00000000e-01	1.65125732e+00	7.89162695e-01	ceers-full-grizli-v7.2	24517	9.50000000e+00	1.16979296e+08	1.57648099e-03	1.34765813e-11	4.12474379e+00	1
0	5.00000000e-01	1.65125732e+00	7.89162695e-01	ceers-full-grizli-v7.2	24517	1.10000000e+01	8.50351859e+07	1.85449331e-02	2.18085406e-10	4.18937410e+00	1
0	5.00000000e-01	1.65125732e+00	7.89162695e-01	ceers-full-grizli-v7.2	24517	1.25000000e+01	5.91043965e+07	5.86666531e-02	9.92593726e-10	3.46819502e+00	1
0	5.00000000e-01	1.65125732e+00	7.89162695e-01	ceers-full-grizli-v7.2	24517	1.40000000e+01	3.85493725e+07	8.27736325e-02	2.14721089e-09	2.24015841e+00	1
0	5.00000000e-01	1.65125732e+00	7.89162695e-01	ceers-full-grizli-v7.2	24517	1.55000000e+01	2.42945122e+07	7.96468259e-02	3.27838753e-09	1.41433203e+00	1
0	5.00000000e-01	1.65125732e+00	7.89162695e-01	ceers-full-grizli-v7.2	24517	1.70000000e+01	1.76394604e+07	6.63376574e-02	3.76075321e-09	1.13710547e+00	1
0	5.00000000e-01	1.65125732e+00	7.89162695e-01	ceers-full-grizli-v7.2	24517	1.85000000e+01	1.35823588e+07	5.23266586e-02	3.85254573e-09	1.10809473e+00	1
0	5.00000000e-01	1.65125732e+00	7.89162695e-01	ceers-full-grizli-v7.2	24517	2.00000000e+01	1.01424392e+07	3.97997516e-02	3.92408087e-09	1.09547889e+00	1
0	5.00000000e-01	1.65125732e+00	7.89162695e-01	ceers-full-grizli-v7.2	24517	2.15000000e+01	7.95004912e+06	2.94128350e-02	3.69970481e-09	1.07519712e+00	1
0	5.00000000e-01	1.65125732e+00	7.89162695e-01	ceers-full-grizli-v7.2	24517	2.30000000e+01	8.00053558e+06	2.46600613e-02	3.08230131e-09	1.06578705e+00	1
0	5.00000000e-01	1.65125732e+00	7.89162695e-01	ceers-full-grizli-v7.2	24517	2.45000000e+01	9.99639962e+06	2.72952120e-02	2.73050429e-09	1.05850571e+00	1
0	5.00000000e-01	1.65125732e+00	7.89162695e-01	ceers-full-grizli-v7.2	24517	2.60000000e+01	6.36512075e+06	1.95619257e-02	3.07330001e-09	1.05349866e+00	1
0	5.00000000e-01	1.65125732e+00	7.89162695e-01	ceers-full-grizli-v7.2	24517	2.75000000e+01	4.42298580e+06	1.53662178e-02	3.47417300e-09	1.05014633e+00	1
0	5.00000000e-01	1.65125732e+00	7.89162695e-01	ceers-full-grizli-v7.2	24517	2.90000000e+01	3.20058749e+06	1.35246403e-02	4.22567431e-09	1.04577859e+00	1
0	5.00000000e-01	1.65125732e+00	7.89162695e-01	ceers-full-grizli-v7.2	24517	3.05000000e+01	nan	nan	nan	nan	1
0	5.00000000e-01	1.65125732e+00	1.01250005e+00	ceers-full-grizli-v7.2	38604	5.00000000e-01	1.42677721e+10	1.88656926e-03	1.32225918e-13	4.86817179e+00	1
0	5.00000000e-01	1.65125732e+00	1.01250005e+00	ceers-full-grizli-v7.2	38604	2.00000000e+00	3.68003193e+09	2.45896038e-03	6.68189956e-13	4.38487021e+00	1
0	5.00000000e-01	1.65125732e+00	1.01250005e+00	ceers-full-grizli-v7.2	38604	3.50000000e+00	1.09136510e+09	6.47319186e-03	5.93127988e-12	3.69757192e+00	1
0	5.00000000e-01	1.65125732e+00	1.01250005e+00	ceers-full-grizli-v7.2	38604	5.00000000e+00	4.92166988e+08	1.32239970e-02	2.68689231e-11	3.02787678e+00	1
0	5.00000000e-01	1.65125732e+00	1.01250005e+00	ceers-full-grizli-v7.2	38604	6.50000000e+00	2.69228561e+08	8.11280693e-03	3.01335300e-11	2.96379036e+00	1
0	5.00000000e-01	1.65125732e+00	1.01250005e+00	ceers-full-grizli-v7.2	38604	8.00000000e+00	1.83682376e+08	6.26951121e-03	3.41323504e-11	2.98814505e+00	1
0	5.00000000e-01	1.65125732e+00	1.01250005e+00	ceers-full-grizli-v7.2	38604	9.50000000e+00	1.28694613e+08	6.26183996e-03	4.86565819e-11	2.90959060e+00	1
0	5.00000000e-01	1.65125732e+00	1.01250005e+00	ceers-full-grizli-v7.2	38604	1.10000000e+01	9.41893840e+07	6.72700551e-03	7.14199969e-11	2.73584177e+00	1
0	5.00000000e-01	1.65125732e+00	1.01250005e+00	ceers-full-grizli-v7.2	38604	1.25000000e+01	6.71815744e+07	7.38010864e-03	1.09853166e-10	2.48348893e+00	1
0	5.00000000e-01	1.65125732e+00	1.01250005e+00	ceers-full-grizli-v7.2	38604	1.40000000e+01	4.89164415e+07	7.20237037e-03	1.47238232e-10	2.30595470e+00	1
0	5.00000000e-01	1.65125732e+00	1.01250005e+00	ceers-full-grizli-v7.2	38604	1.55000000e+01	3.53105947e+07	6.37113074e-03	1.80431137e-10	2.18282479e+00	1
0	5.00000000e-01	1.65125732e+00	1.01250005e+00	ceers-full-grizli-v7.2	38604	1.70000000e+01	2.60154283e+07	5.25044667e-03	2.01820497e-10	2.14895090e+00	1
0	5.00000000e-01	1.65125732e+00	1.01250005e+00	ceers-full-grizli-v7.2	38604	1.85000000e+01	1.96016098e+07	4.23859459e-03	2.16237066e-10	2.11084802e+00	1
0	5.00000000e-01	1.65125732e+00	1.01250005e+00	ceers-full-grizli-v7.2	38604	2.00000000e+01	1.59373092e+07	3.72708599e-03	2.33859175e-10	2.03325474e+00	1
0	5.00000000e-01	1.65125732e+00	1.01250005e+00	ceers-full-grizli-v7.2	38604	2.15000000e+01	1.34628733e+07	3.41508544e-03	2.53666909e-10	1.97146754e+00	1
0	5.00000000e-01	1.65125732e+00	1.01250005e+00	ceers-full-grizli-v7.2	38604	2.30000000e+01	1.18239822e+07	3.13467463e-03	2.65111584e-10	1.92852826e+00	1
0	5.00000000e-01	1.65125732e+00	1.01250005e+00	ceers-full-grizli-v7.2	38604	2.45000000e+01	1.03077711e+07	2.80964615e-03	2.72575526e-10	1.92712023e+00	1
0	5.00000000e-01	1.65125732e+00	1.01250005e+00	ceers-full-grizli-v7.2	38604	2.60000000e+01	1.04893370e+07	2.78156183e-03	2.65179947e-10	1.98231337e+00	1
0	5.00000000e-01	1.65125732e+00	1.01250005e+00	ceers-full-grizli-v7.2	38604	2.75000000e+01	9.60048274e+06	2.67435792e-03	2.78564943e-10	1.96082362e+00	1
0	5.00000000e-01	1.65125732e+00	1.01250005e+00	ceers-full-grizli-v7.2	38604	2.90000000e+01	6.75751471e+06	2.25950351e-03	3.34369012e-10	1.91698801e+00	1
0	5.00000000e-01	1.65125732e+00	1.01250005e+00	ceers-full-grizli-v7.2	38604	3.05000000e+01	6.78887105e+06	1.46264137e-03	2.15446922e-10	1.93756658e+00	1
0	5.00000000e-01	1.65125732e+00	1.52866185e+00	ceers-full-grizli-v7.2	40663	5.00000000e-01	7.64704267e+09	2.66185302e+01	3.48089208e-09	9.63500530e-01	1
0	5.00000000e-01	1.65125732e+00	1.52866185e+00	ceers-full-grizli-v7.2	40663	2.00000000e+00	4.27226688e+09	5.64417504e+00	1.32111949e-09	2.59294331e+00	1
0	5.00000000e-01	1.65125732e+00	1.52866185e+00	ceers-full-grizli-v7.2	40663	3.50000000e+00	2.14884476e+09	4.51698196e-03	2.10205132e-12	2.95140057e+00	1
0	5.00000000e-01	1.65125732e+00	1.52866185e+00	ceers-full-grizli-v7.2	40663	5.00000000e+00	9.19373336e+08	1.41429300e-02	1.53832284e-11	2.64512903e+00	1
0	5.00000000e-01	1.65125732e+00	1.52866185e+00	ceers-full-grizli-v7.2	40663	6.50000000e+00	4.06996826e+08	3.10776885e-02	7.63585523e-11	2.23515806e+00	1
0	5.00000000e-01	1.65125732e+00	1.52866185e+00	ceers-full-grizli-v7.2	40663	8.00000000e+00	2.22531287e+08	4.49265130e-02	2.01888523e-10	1.77942531e+00	1
0	5.00000000e-01	1.65125732e+00	1.52866185e+00	ceers-full-grizli-v7.2	40663	9.50000000e+00	1.28724769e+08	4.56834669e-02	3.54892593e-10	1.47533240e+00	1
0	5.00000000e-01	1.65125732e+00	1.52866185e+00	ceers-full-grizli-v7.2	40663	1.10000000e+01	8.53534343e+07	3.72782125e-02	4.36751173e-10	1.37567191e+00	1
0	5.00000000e-01	1.65125732e+00	1.52866185e+00	ceers-full-grizli-v7.2	40663	1.25000000e+01	5.89944540e+07	3.19007683e-02	5.40741818e-10	1.29123118e+00	1
0	5.00000000e-01	1.65125732e+00	1.52866185e+00	ceers-full-grizli-v7.2	40663	1.40000000e+01	4.44501137e+07	2.57385269e-02	5.79042994e-10	1.30226571e+00	1
0	5.00000000e-01	1.65125732e+00	1.52866185e+00	ceers-full-grizli-v7.2	40663	1.55000000e+01	3.61864679e+07	2.09916436e-02	5.80096506e-10	1.33477752e+00	1
0	5.00000000e-01	1.65125732e+00	1.52866185e+00	ceers-full-grizli-v7.2	40663	1.70000000e+01	3.02395036e+07	1.68349623e-02	5.56720853e-10	1.38007700e+00	1
0	5.00000000e-01	1.65125732e+00	1.52866185e+00	ceers-full-grizli-v7.2	40663	1.85000000e+01	2.50154565e+07	1.28266313e-02	5.12748239e-10	1.46091083e+00	1
0	5.00000000e-01	1.65125732e+00	1.52866185e+00	ceers-full-grizli-v7.2	40663	2.00000000e+01	2.11318110e+07	1.01278886e-02	4.79272155e-10	1.53483998e+00	1
0	5.00000000e-01	1.65125732e+00	1.52866185e+00	ceers-full-grizli-v7.2	40663	2.15000000e+01	1.76213285e+07	9.31237425e-03	5.28471745e-10	1.53489302e+00	1
0	5.00000000e-01	1.65125732e+00	1.52866185e+00	ceers-full-grizli-v7.2	40663	2.30000000e+01	1.60720779e+07	1.19722224e-02	7.44908187e-10	1.37247618e+00	1
0	5.00000000e-01	1.65125732e+00	1.52866185e+00	ceers-full-grizli-v7.2	40663	2.45000000e+01	1.51686439e+07	1.98947479e-02	1.31157064e-09	1.11209716e+00	1
0	5.00000000e-01	1.65125732e+00	1.52866185e+00	ceers-full-grizli-v7.2	40663	2.60000000e+01	1.45139544e+07	2.39633532e-02	1.65105611e-09	8.78437696e-01	1
0	5.00000000e-01	1.65125732e+00	1.52866185e+00	ceers-full-grizli-v7.2	40663	2.75000000e+01	1.49175808e+07	2.83024234e-02	1.89725290e-09	7.43306820e-01	1
0	5.00000000e-01	1.65125732e+00	1.52866185e+00	ceers-full-grizli-v7.2	40663	2.90000000e+01	1.53026251e+07	4.96561487e-02	3.24494315e-09	5.38636460e-01	1
0	5.00000000e-01	1.65125732e+00	1.52866185e+00	ceers-full-grizli-v7.2	40663	3.05000000e+01	2.10540488e+07	1.08547145e-01	5.15564234e-09	4.05179410e-01	1
0	5.00000000e-01	1.65125732e+00	1.41927636e+00	ceers-full-grizli-v7.2	40664	5.00000000e-01	1.06711670e+10	1.22334837e-02	1.14640542e-12	2.73530719e+00	1
0	5.00000000e-01	1.65125732e+00	1.41927636e+00	ceers-full-grizli-v7.2	40664	2.00000000e+00	4.24019494e+09	5.39421752e-03	1.27216262e-12	3.05636231e+00	1
0	5.00000000e-01	1.65125732e+00	1.41927636e+00	ceers-full-grizli-v7.2	40664	3.50000000e+00	1.99124701e+09	9.52666475e-03	4.78427071e-12	3.08707130e+00	1
0	5.00000000e-01	1.65125732e+00	1.41927636e+00	ceers-full-grizli-v7.2	40664	5.00000000e+00	8.52663476e+08	2.77220811e-02	3.25123357e-11	2.72150018e+00	1
0	5.00000000e-01	1.65125732e+00	1.41927636e+00	ceers-full-grizli-v7.2	40664	6.50000000e+00	3.58429518e+08	5.17360857e-02	1.44341030e-10	2.16717251e+00	1
0	5.00000000e-01	1.65125732e+00	1.41927636e+00	ceers-full-grizli-v7.2	40664	8.00000000e+00	1.91498980e+08	5.95589348e-02	3.11014372e-10	1.70837710e+00	1
0	5.00000000e-01	1.65125732e+00	1.41927636e+00	ceers-full-grizli-v7.2	40664	9.50000000e+00	1.09977793e+08	4.98255568e-02	4.53051072e-10	1.48156126e+00	1
0	5.00000000e-01	1.65125732e+00	1.41927636e+00	ceers-full-grizli-v7.2	40664	1.10000000e+01	7.44351392e+07	3.78518769e-02	5.08521611e-10	1.41874448e+00	1
0	5.00000000e-01	1.65125732e+00	1.41927636e+00	ceers-full-grizli-v7.2	40664	1.25000000e+01	5.44583109e+07	2.70038788e-02	4.95863318e-10	1.42299029e+00	1
0	5.00000000e-01	1.65125732e+00	1.41927636e+00	ceers-full-grizli-v7.2	40664	1.40000000e+01	4.14334277e+07	2.14527662e-02	5.17764699e-10	1.45383416e+00	1
0	5.00000000e-01	1.65125732e+00	1.41927636e+00	ceers-full-grizli-v7.2	40664	1.55000000e+01	3.22172769e+07	2.04898349e-02	6.35989037e-10	1.36734832e+00	1
0	5.00000000e-01	1.65125732e+00	1.41927636e+00	ceers-full-grizli-v7.2	40664	1.70000000e+01	2.71077103e+07	1.69899646e-02	6.26757641e-10	1.40234842e+00	1
0	5.00000000e-01	1.65125732e+00	1.41927636e+00	ceers-full-grizli-v7.2	40664	1.85000000e+01	2.24484451e+07	1.26069241e-02	5.61594533e-10	1.43085518e+00	1
0	5.00000000e-01	1.65125732e+00	1.41927636e+00	ceers-full-grizli-v7.2	40664	2.00000000e+01	1.89870650e+07	1.00052296e-02	5.26949772e-10	1.51001460e+00	1
0	5.00000000e-01	1.65125732e+00	1.41927636e+00	ceers-full-grizli-v7.2	40664	2.15000000e+01	1.65768333e+07	8.38652797e-03	5.05918579e-10	1.58727692e+00	1
0	5.00000000e-01	1.65125732e+00	1.41927636e+00	ceers-full-grizli-v7.2	40664	2.30000000e+01	1.49765715e+07	9.14770563e-03	6.10801051e-10	1.47192466e+00	1
0	5.00000000e-01	1.65125732e+00	1.41927636e+00	ceers-full-grizli-v7.2	40664	2.45000000e+01	1.46577855e+07	1.67272967e-02	1.14118853e-09	1.32773747e+00	1
0	5.00000000e-01	1.65125732e+00	1.41927636e+00	ceers-full-grizli-v7.2	40664	2.60000000e+01	1.42459042e+07	1.48943698e-02	1.04551944e-09	1.28612039e+00	1
0	5.00000000e-01	1.65125732e+00	1.41927636e+00	ceers-full-grizli-v7.2	40664	2.75000000e+01	1.43309638e+07	1.36634751e-02	9.53423324e-10	1.15116094e+00	1
0	5.00000000e-01	1.65125732e+00	1.41927636e+00	ceers-full-grizli-v7.2	40664	2.90000000e+01	1.22898624e+07	2.62083483e-02	2.13251764e-09	7.37098892e-01	1
0	5.00000000e-01	1.65125732e+00	1.41927636e+00	ceers-full-grizli-v7.2	40664	3.05000000e+01	1.76874137e+07	9.07755050e-02	5.13220906e-09	2.86658587e-01	1
0	5.00000000e-01	1.65125732e+00	8.25307786e-01	ceers-full-grizli-v7.2	50468	5.00000000e-01	6.63645892e+09	7.96652330e+00	1.20041778e-09	1.99381138e+00	1
0	5.00000000e-01	1.65125732e+00	8.25307786e-01	ceers-full-grizli-v7.2	50468	2.00000000e+00	2.68904749e+09	1.33753741e+00	4.97401928e-10	1.71664114e+00	1
0	5.00000000e-01	1.65125732e+00	8.25307786e-01	ceers-full-grizli-v7.2	50468	3.50000000e+00	8.61142154e+08	1.92685541e-01	2.23755787e-10	1.79087896e+00	1
0	5.00000000e-01	1.65125732e+00	8.25307786e-01	ceers-full-grizli-v7.2	50468	5.00000000e+00	4.39001091e+08	2.28023014e-02	5.19413319e-11	2.59618789e+00	1
0	5.00000000e-01	1.65125732e+00	8.25307786e-01	ceers-full-grizli-v7.2	50468	6.50000000e+00	2.28796291e+08	6.61037985e-03	2.88919887e-11	3.10265911e+00	1
0	5.00000000e-01	1.65125732e+00	8.25307786e-01	ceers-full-grizli-v7.2	50468	8.00000000e+00	1.31911098e+08	8.79930049e-03	6.67062939e-11	3.17377978e+00	1
0	5.00000000e-01	1.65125732e+00	8.25307786e-01	ceers-full-grizli-v7.2	50468	9.50000000e+00	8.19965772e+07	3.37971372e-02	4.12177415e-10	3.17610823e+00	1
0	5.00000000e-01	1.65125732e+00	8.25307786e-01	ceers-full-grizli-v7.2	50468	1.10000000e+01	5.69509684e+07	1.32061564e-01	2.31886423e-09	1.89895524e+00	1
0	5.00000000e-01	1.65125732e+00	8.25307786e-01	ceers-full-grizli-v7.2	50468	1.25000000e+01	3.75728001e+07	1.36424283e-01	3.63093203e-09	1.10193861e+00	1
0	5.00000000e-01	1.65125732e+00	8.25307786e-01	ceers-full-grizli-v7.2	50468	1.40000000e+01	2.64646008e+07	9.42432645e-02	3.56110660e-09	1.10005312e+00	1
0	5.00000000e-01	1.65125732e+00	8.25307786e-01	ceers-full-grizli-v7.2	50468	1.55000000e+01	1.87806478e+07	6.85787771e-02	3.65156611e-09	1.09681995e+00	1
0	5.00000000e-01	1.65125732e+00	8.25307786e-01	ceers-full-grizli-v7.2	50468	1.70000000e+01	1.44782419e+07	5.38530158e-02	3.71958255e-09	1.09367220e+00	1
0	5.00000000e-01	1.65125732e+00	8.25307786e-01	ceers-full-grizli-v7.2	50468	1.85000000e+01	1.05314232e+07	4.09864310e-02	3.89182263e-09	1.08940961e+00	1
0	5.00000000e-01	1.65125732e+00	8.25307786e-01	ceers-full-grizli-v7.2	50468	2.00000000e+01	9.08914636e+06	3.41194905e-02	3.75387183e-09	1.09770553e+00	1
0	5.00000000e-01	1.65125732e+00	8.25307786e-01	ceers-full-grizli-v7.2	50468	2.15000000e+01	8.35682047e+06	2.52187430e-02	3.01774378e-09	1.14467645e+00	1
0	5.00000000e-01	1.65125732e+00	8.25307786e-01	ceers-full-grizli-v7.2	50468	2.30000000e+01	9.11211343e+06	2.11739523e-02	2.32371474e-09	1.15123774e+00	1
0	5.00000000e-01	1.65125732e+00	8.25307786e-01	ceers-full-grizli-v7.2	50468	2.45000000e+01	9.75436938e+06	3.22927707e-02	3.31059543e-09	1.17422147e+00	1
0	5.00000000e-01	1.65125732e+00	8.25307786e-01	ceers-full-grizli-v7.2	50468	2.60000000e+01	1.02782023e+07	3.67350725e-02	3.57407565e-09	1.09090752e+00	1
0	5.00000000e-01	1.65125732e+00	8.25307786e-01	ceers-full-grizli-v7.2	50468	2.75000000e+01	9.68925994e+06	2.95984625e-02	3.05477019e-09	1.08397990e+00	1
0	5.00000000e-01	1.65125732e+00	8.25307786e-01	ceers-full-grizli-v7.2	50468	2.90000000e+01	1.32770460e+07	3.34473170e-02	2.51918363e-09	1.08397990e+00	1
0	5.00000000e-01	1.65125732e+00	8.25307786e-01	ceers-full-grizli-v7.2	50468	3.05000000e+01	4.23707115e+07	1.01661565e-01	2.39933579e-09	1.08397990e+00	1
0	5.00000000e-01	1.65125732e+00	1.53217006e+00	ceers-full-grizli-v7.2	63074	5.00000000e-01	4.57730746e+09	5.46975339e+00	1.19497181e-09	9.60778928e-01	1
0	5.00000000e-01	1.65125732e+00	1.53217006e+00	ceers-full-grizli-v7.2	63074	2.00000000e+00	2.02877613e+09	4.18051681e+00	2.06061021e-09	5.16076131e-01	1
0	5.00000000e-01	1.65125732e+00	1.53217006e+00	ceers-full-grizli-v7.2	63074	3.50000000e+00	1.06802998e+09	1.79325256e+00	1.67902830e-09	5.88427133e-01	1
0	5.00000000e-01	1.65125732e+00	1.53217006e+00	ceers-full-grizli-v7.2	63074	5.00000000e+00	7.70366861e+08	8.04832983e-01	1.04473988e-09	1.13259016e+00	1
0	5.00000000e-01	1.65125732e+00	1.53217006e+00	ceers-full-grizli-v7.2	63074	6.50000000e+00	5.14218242e+08	3.30428942e-01	6.42585026e-10	1.27974485e+00	1
0	5.00000000e-01	1.65125732e+00	1.53217006e+00	ceers-full-grizli-v7.2	63074	8.00000000e+00	3.18601493e+08	2.51779612e-01	7.90265011e-10	1.15203251e+00	1
0	5.00000000e-01	1.65125732e+00	1.53217006e+00	ceers-full-grizli-v7.2	63074	9.50000000e+00	1.93063435e+08	1.66389176e-01	8.61836815e-10	1.10201038e+00	1
0	5.00000000e-01	1.65125732e+00	1.53217006e+00	ceers-full-grizli-v7.2	63074	1.10000000e+01	1.18543875e+08	9.24170164e-02	7.79601782e-10	1.00574770e+00	1
0	5.00000000e-01	1.65125732e+00	1.53217006e+00	ceers-full-grizli-v7.2	63074	1.25000000e+01	6.36789821e+07	5.63266518e-02	8.84540706e-10	8.54668080e-01	1
0	5.00000000e-01	1.65125732e+00	1.53217006e+00	ceers-full-grizli-v7.2	63074	1.40000000e+01	3.47032677e+07	4.35120303e-02	1.25383093e-09	7.21737992e-01	1
0	5.00000000e-01	1.65125732e+00	1.53217006e+00	ceers-full-grizli-v7.2	63074	1.55000000e+01	2.04582509e+07	3.12222173e-02	1.52614304e-09	6.94394820e-01	1
0	5.00000000e-01	1.65125732e+00	1.53217006e+00	ceers-full-grizli-v7.2	63074	1.70000000e+01	1.49977304e+07	2.83350585e-02	1.88928977e-09	6.78673462e-01	1
0	5.00000000e-01	1.65125732e+00	1.53217006e+00	ceers-full-grizli-v7.2	63074	1.85000000e+01	1.13845112e+07	2.64950496e-02	2.32728917e-09	6.52704107e-01	1
0	5.00000000e-01	1.65125732e+00	1.53217006e+00	ceers-full-grizli-v7.2	63074	2.00000000e+01	8.25603908e+06	2.35175507e-02	2.84852706e-09	5.73949389e-01	1
0	5.00000000e-01	1.65125732e+00	1.53217006e+00	ceers-full-grizli-v7.2	63074	2.15000000e+01	5.87142383e+06	2.16224281e-02	3.68265496e-09	4.99186717e-01	1
0	5.00000000e-01	1.65125732e+00	1.53217006e+00	ceers-full-grizli-v7.2	63074	2.30000000e+01	5.58387544e+06	2.13166360e-02	3.81753430e-09	5.41231538e-01	1
0	5.00000000e-01	1.65125732e+00	1.53217006e+00	ceers-full-grizli-v7.2	63074	2.45000000e+01	4.57815704e+06	1.56053208e-02	3.40864691e-09	5.80026799e-01	1
0	5.00000000e-01	1.65125732e+00	1.53217006e+00	ceers-full-grizli-v7.2	63074	2.60000000e+01	5.72064770e+06	1.05175494e-02	1.83852423e-09	6.12723847e-01	1
0	5.00000000e-01	1.65125732e+00	1.53217006e+00	ceers-full-grizli-v7.2	63074	2.75000000e+01	6.55776716e+06	1.29931845e-02	1.98134276e-09	6.97449302e-01	1
0	5.00000000e-01	1.65125732e+00	1.53217006e+00	ceers-full-grizli-v7.2	63074	2.90000000e+01	nan	nan	nan	nan	1
0	5.00000000e-01	1.65125732e+00	1.53217006e+00	ceers-full-grizli-v7.2	63074	3.05000000e+01	nan	nan	nan	nan	1
0	5.00000000e-01	1.65125732e+00	9.15165007e-01	ceers-full-grizli-v7.2	64549	5.00000000e-01	1.02887170e+10	1.02966871e+01	1.00077464e-09	3.44099998e+00	1
0	5.00000000e-01	1.65125732e+00	9.15165007e-01	ceers-full-grizli-v7.2	64549	2.00000000e+00	3.16718426e+09	1.50124764e+00	4.74000728e-10	3.77002848e+00	1
0	5.00000000e-01	1.65125732e+00	9.15165007e-01	ceers-full-grizli-v7.2	64549	3.50000000e+00	1.07761760e+09	8.69367453e-03	8.06749491e-12	3.73615538e+00	1
0	5.00000000e-01	1.65125732e+00	9.15165007e-01	ceers-full-grizli-v7.2	64549	5.00000000e+00	5.18442506e+08	1.57169782e-02	3.03157593e-11	3.24413749e+00	1
0	5.00000000e-01	1.65125732e+00	9.15165007e-01	ceers-full-grizli-v7.2	64549	6.50000000e+00	2.47405290e+08	2.46699186e-02	9.97145962e-11	2.76945623e+00	1
0	5.00000000e-01	1.65125732e+00	9.15165007e-01	ceers-full-grizli-v7.2	64549	8.00000000e+00	1.46509723e+08	2.69142560e-02	1.83702866e-10	2.45747806e+00	1
0	5.00000000e-01	1.65125732e+00	9.15165007e-01	ceers-full-grizli-v7.2	64549	9.50000000e+00	1.00531432e+08	2.09874995e-02	2.08765548e-10	2.45354776e+00	1
0	5.00000000e-01	1.65125732e+00	9.15165007e-01	ceers-full-grizli-v7.2	64549	1.10000000e+01	7.23094707e+07	1.69786472e-02	2.34805303e-10	2.39422184e+00	1
0	5.00000000e-01	1.65125732e+00	9.15165007e-01	ceers-full-grizli-v7.2	64549	1.25000000e+01	5.57378773e+07	1.38848206e-02	2.49109246e-10	2.39309088e+00	1
0	5.00000000e-01	1.65125732e+00	9.15165007e-01	ceers-full-grizli-v7.2	64549	1.40000000e+01	4.52709867e+07	1.19525627e-02	2.64022579e-10	2.34154646e+00	1
0	5.00000000e-01	1.65125732e+00	9.15165007e-01	ceers-full-grizli-v7.2	64549	1.55000000e+01	3.61840777e+07	9.97131077e-03	2.75571782e-10	2.31035898e+00	1
0	5.00000000e-01	1.65125732e+00	9.15165007e-01	ceers-full-grizli-v7.2	64549	1.70000000e+01	2.95341360e+07	8.30968842e-03	2.81358778e-10	2.30312974e+00	1
0	5.00000000e-01	1.65125732e+00	9.15165007e-01	ceers-full-grizli-v7.2	64549	1.85000000e+01	2.41202623e+07	7.31593164e-03	3.03310616e-10	2.27409529e+00	1
0	5.00000000e-01	1.65125732e+00	9.15165007e-01	ceers-full-grizli-v7.2	64549	2.00000000e+01	1.90942607e+07	5.83298439e-03	3.05483647e-10	2.24888419e+00	1
0	5.00000000e-01	1.65125732e+00	9.15165007e-01	ceers-full-grizli-v7.2	64549	2.15000000e+01	1.41847636e+07	4.19529217e-03	2.95760458e-10	2.26445246e+00	1
0	5.00000000e-01	1.65125732e+00	9.15165007e-01	ceers-full-grizli-v7.2	64549	2.30000000e+01	1.13705029e+07	2.91376506e-03	2.56256481e-10	2.32407099e+00	1
0	5.00000000e-01	1.65125732e+00	9.15165007e-01	ceers-full-grizli-v7.2	64549	2.45000000e+01	1.04390782e+07	2.22124892e-03	2.12782095e-10	2.36883406e+00	1
0	5.00000000e-01	1.65125732e+00	9.15165007e-01	ceers-full-grizli-v7.2	64549	2.60000000e+01	1.02052709e+07	1.92560487e-03	1.88687287e-10	2.37779006e+00	1
0	5.00000000e-01	1.65125732e+00	9.15165007e-01	ceers-full-grizli-v7.2	64549	2.75000000e+01	9.66460965e+06	1.80294704e-03	1.86551460e-10	2.37864620e+00	1
0	5.00000000e-01	1.65125732e+00	9.15165007e-01	ceers-full-grizli-v7.2	64549	2.90000000e+01	9.03562757e+06	1.63540641e-03	1.80995331e-10	2.37699337e+00	1
0	5.00000000e-01	1.65125732e+00	9.15165007e-01	ceers-full-grizli-v7.2	64549	3.05000000e+01	7.07601317e+06	1.36555865e-03	1.92984188e-10	2.37399625e+00	1
0	5.00000000e-01	1.65125732e+00	9.75399971e-01	ceers-full-grizli-v7.2	69094	5.00000000e-01	1.31919552e+10	4.31440026e-03	3.27047825e-13	4.45299015e+00	1
0	5.00000000e-01	1.65125732e+00	9.75399971e-01	ceers-full-grizli-v7.2	69094	2.00000000e+00	3.33623892e+09	1.00542531e+00	3.01364901e-10	3.87043147e+00	1
0	5.00000000e-01	1.65125732e+00	9.75399971e-01	ceers-full-grizli-v7.2	69094	3.50000000e+00	1.00536414e+09	2.43392367e-03	2.42093744e-12	3.71579497e+00	1
0	5.00000000e-01	1.65125732e+00	9.75399971e-01	ceers-full-grizli-v7.2	69094	5.00000000e+00	5.23358622e+08	2.26221346e-03	4.32249201e-12	3.76629356e+00	1
0	5.00000000e-01	1.65125732e+00	9.75399971e-01	ceers-full-grizli-v7.2	69094	6.50000000e+00	2.80771463e+08	3.24789720e-03	1.15677611e-11	3.66139769e+00	1
0	5.00000000e-01	1.65125732e+00	9.75399971e-01	ceers-full-grizli-v7.2	69094	8.00000000e+00	1.71106733e+08	4.82954694e-03	2.82253472e-11	3.37156614e+00	1
0	5.00000000e-01	1.65125732e+00	9.75399971e-01	ceers-full-grizli-v7.2	69094	9.50000000e+00	1.08972930e+08	6.71695338e-03	6.16387335e-11	2.99061257e+00	1
0	5.00000000e-01	1.65125732e+00	9.75399971e-01	ceers-full-grizli-v7.2	69094	1.10000000e+01	7.79267312e+07	7.51602512e-03	9.64498960e-11	2.71951889e+00	1
0	5.00000000e-01	1.65125732e+00	9.75399971e-01	ceers-full-grizli-v7.2	69094	1.25000000e+01	5.31886067e+07	8.63806922e-03	1.62404503e-10	2.37066109e+00	1
0	5.00000000e-01	1.65125732e+00	9.75399971e-01	ceers-full-grizli-v7.2	69094	1.40000000e+01	3.70135440e+07	9.14419820e-03	2.47050058e-10	2.06355887e+00	1
0	5.00000000e-01	1.65125732e+00	9.75399971e-01	ceers-full-grizli-v7.2	69094	1.55000000e+01	2.67203398e+07	9.08659536e-03	3.40062867e-10	1.84611786e+00	1
0	5.00000000e-01	1.65125732e+00	9.75399971e-01	ceers-full-grizli-v7.2	69094	1.70000000e+01	1.92885653e+07	9.67428157e-03	5.01555270e-10	1.67216566e+00	1
0	5.00000000e-01	1.65125732e+00	9.75399971e-01	ceers-full-grizli-v7.2	69094	1.85000000e+01	1.41855219e+07	9.19773268e-03	6.48388741e-10	1.52765661e+00	1
0	5.00000000e-01	1.65125732e+00	9.75399971e-01	ceers-full-grizli-v7.2	69094	2.00000000e+01	1.08606808e+07	1.03837063e-02	9.56082457e-10	1.32138373e+00	1
0	5.00000000e-01	1.65125732e+00	9.75399971e-01	ceers-full-grizli-v7.2	69094	2.15000000e+01	9.19267323e+06	9.92682273e-03	1.07986246e-09	1.32514778e+00	1
0	5.00000000e-01	1.65125732e+00	9.75399971e-01	ceers-full-grizli-v7.2	69094	2.30000000e+01	7.92774571e+06	8.80122419e-03	1.11017993e-09	1.27811021e+00	1
0	5.00000000e-01	1.65125732e+00	9.75399971e-01	ceers-full-grizli-v7.2	69094	2.45000000e+01	7.25899367e+06	7.48395429e-03	1.03099061e-09	1.28660187e+00	1
0	5.00000000e-01	1.65125732e+00	9.75399971e-01	ceers-full-grizli-v7.2	69094	2.60000000e+01	5.97259824e+06	8.91926577e-03	1.49336443e-09	1.18347694e+00	1
0	5.00000000e-01	1.65125732e+00	9.75399971e-01	ceers-full-grizli-v7.2	69094	2.75000000e+01	5.54230858e+06	8.16534355e-03	1.47327480e-09	1.13985064e+00	1
0	5.00000000e-01	1.65125732e+00	9.75399971e-01	ceers-full-grizli-v7.2	69094	2.90000000e+01	4.63687310e+06	7.89769532e-03	1.70323732e-09	1.03442679e+00	1
0	5.00000000e-01	1.65125732e+00	9.75399971e-01	ceers-full-grizli-v7.2	69094	3.05000000e+01	4.23320043e+06	9.00680135e-03	2.12765767e-09	9.70323142e-01	1
0	5.00000000e-01	1.65125732e+00	1.59420240e+00	ceers-full-grizli-v7.2	73748	5.00000000e-01	1.36184716e+10	8.66095036e+00	6.35970807e-10	2.50582021e+00	1
0	5.00000000e-01	1.65125732e+00	1.59420240e+00	ceers-full-grizli-v7.2	73748	2.00000000e+00	5.74002489e+09	1.77159962e+00	3.08639710e-10	2.25125223e+00	1
0	5.00000000e-01	1.65125732e+00	1.59420240e+00	ceers-full-grizli-v7.2	73748	3.50000000e+00	1.83685858e+09	2.00544244e-01	1.09177836e-10	1.83344975e+00	1
0	5.00000000e-01	1.65125732e+00	1.59420240e+00	ceers-full-grizli-v7.2	73748	5.00000000e+00	6.33127358e+08	8.37307840e-02	1.32249512e-10	1.85020470e+00	1
0	5.00000000e-01	1.65125732e+00	1.59420240e+00	ceers-full-grizli-v7.2	73748	6.50000000e+00	2.54820679e+08	5.27603668e-02	2.07049000e-10	1.60989306e+00	1
0	5.00000000e-01	1.65125732e+00	1.59420240e+00	ceers-full-grizli-v7.2	73748	8.00000000e+00	1.72578067e+08	5.09273651e-02	2.95097552e-10	1.35895990e+00	1
0	5.00000000e-01	1.65125732e+00	1.59420240e+00	ceers-full-grizli-v7.2	73748	9.50000000e+00	2.16333734e+08	4.33301519e-02	2.00293089e-10	1.29843938e+00	1
0	5.00000000e-01	1.65125732e+00	1.59420240e+00	ceers-full-grizli-v7.2	73748	1.10000000e+01	1.56101151e+08	3.30903891e-02	2.11980429e-10	1.22640044e+00	1
0	5.00000000e-01	1.65125732e+00	1.59420240e+00	ceers-full-grizli-v7.2	73748	1.25000000e+01	6.31252664e+07	2.80394651e-02	4.44187672e-10	1.10353238e+00	1
0	5.00000000e-01	1.65125732e+00	1.59420240e+00	ceers-full-grizli-v7.2	73748	1.40000000e+01	3.84234383e+07	2.58307113e-02	6.72264442e-10	9.82134896e-01	1
0	5.00000000e-01	1.65125732e+00	1.59420240e+00	ceers-full-grizli-v7.2	73748	1.55000000e+01	2.54257084e+07	2.43540830e-02	9.57852684e-10	9.17568125e-01	1
0	5.00000000e-01	1.65125732e+00	1.59420240e+00	ceers-full-grizli-v7.2	73748	1.70000000e+01	2.19521163e+07	2.06813104e-02	9.42110097e-10	8.99398497e-01	1
0	5.00000000e-01	1.65125732e+00	1.59420240e+00	ceers-full-grizli-v7.2	73748	1.85000000e+01	1.85334203e+07	1.59284663e-02	8.59445586e-10	9.11193998e-01	1
0	5.00000000e-01	1.65125732e+00	1.59420240e+00	ceers-full-grizli-v7.2	73748	2.00000000e+01	1.44327630e+07	1.43712983e-02	9.95741305e-10	8.38225531e-01	1
0	5.00000000e-01	1.65125732e+00	1.59420240e+00	ceers-full-grizli-v7.2	73748	2.15000000e+01	1.62232668e+07	1.56882421e-02	9.67021148e-10	7.77388951e-01	1
0	5.00000000e-01	1.65125732e+00	1.59420240e+00	ceers-full-grizli-v7.2	73748	2.30000000e+01	1.66913648e+07	1.84173591e-02	1.10340642e-09	7.50960115e-01	1
0	5.00000000e-01	1.65125732e+00	1.59420240e+00	ceers-full-grizli-v7.2	73748	2.45000000e+01	2.19457851e+07	2.00383568e-02	9.13084526e-10	7.64863937e-01	1
0	5.00000000e-01	1.65125732e+00	1.59420240e+00	ceers-full-grizli-v7.2	73748	2.60000000e+01	3.36201207e+07	2.18966790e-02	6.51296859e-10	7.41163210e-01	1
0	5.00000000e-01	1.65125732e+00	1.59420240e+00	ceers-full-grizli-v7.2	73748	2.75000000e+01	1.26491526e+07	1.60764569e-02	1.27095129e-09	6.38892545e-01	1
0	5.00000000e-01	1.65125732e+00	1.59420240e+00	ceers-full-grizli-v7.2	73748	2.90000000e+01	1.59312070e+07	1.78919688e-02	1.12307679e-09	7.15301563e-01	1
0	5.00000000e-01	1.65125732e+00	1.59420240e+00	ceers-full-grizli-v7.2	73748	3.05000000e+01	4.79987793e+07	2.35777711e-02	4.91216058e-10	8.53156867e-01	1
0	5.00000000e-01	1.65125732e+00	7.33466923e-01	ceers-full-grizli-v7.2	74853	5.00000000e-01	1.27631215e+10	9.71847776e-03	7.61449914e-13	4.92822068e+00	1
0	5.00000000e-01	1.65125732e+00	7.33466923e-01	ceers-full-grizli-v7.2	74853	2.00000000e+00	2.78141834e+09	5.11211226e-03	1.83795159e-12	4.46234537e+00	1
0	5.00000000e-01	1.65125732e+00	7.33466923e-01	ceers-full-grizli-v7.2	74853	3.50000000e+00	7.94338251e+08	3.43356496e-03	4.32254767e-12	4.23801376e+00	1
0	5.00000000e-01	1.65125732e+00	7.33466923e-01	ceers-full-grizli-v7.2	74853	5.00000000e+00	4.09981247e+08	3.33463376e-03	8.13362509e-12	4.25008971e+00	1
0	5.00000000e-01	1.65125732e+00	7.33466923e-01	ceers-full-grizli-v7.2	74853	6.50000000e+00	2.07846939e+08	3.23689062e-03	1.55734341e-11	4.23375160e+00	1
0	5.00000000e-01	1.65125732e+00	7.33466923e-01	ceers-full-grizli-v7.2	74853	8.00000000e+00	1.27360888e+08	2.40091591e-02	1.88512812e-10	3.92804765e+00	1
0	5.00000000e-01	1.65125732e+00	7.33466923e-01	ceers-full-grizli-v7.2	74853	9.50000000e+00	8.54918150e+07	6.03240007e-02	7.05611417e-10	3.26985407e+00	1
0	5.00000000e-01	1.65125732e+00	7.33466923e-01	ceers-full-grizli-v7.2	74853	1.10000000e+01	6.25620671e+07	7.18027310e-02	1.14770394e-09	2.69468176e+00	1
0	5.00000000e-01	1.65125732e+00	7.33466923e-01	ceers-full-grizli-v7.2	74853	1.25000000e+01	4.39060465e+07	7.55852027e-02	1.72152149e-09	2.17799330e+00	1
0	5.00000000e-01	1.65125732e+00	7.33466923e-01	ceers-full-grizli-v7.2	74853	1.40000000e+01	3.29930489e+07	8.04967929e-02	2.43981068e-09	1.80059185e+00	1
0	5.00000000e-01	1.65125732e+00	7.33466923e-01	ceers-full-grizli-v7.2	74853	1.55000000e+01	2.62733942e+07	8.05190508e-02	3.06466116e-09	1.48107561e+00	1
0	5.00000000e-01	1.65125732e+00	7.33466923e-01	ceers-full-grizli-v7.2	74853	1.70000000e+01	2.12235264e+07	7.26349304e-02	3.42237803e-09	1.36668290e+00	1
0	5.00000000e-01	1.65125732e+00	7.33466923e-01	ceers-full-grizli-v7.2	74853	1.85000000e+01	1.63361488e+07	5.33481536e-02	3.26565057e-09	1.32568520e+00	1
0	5.00000000e-01	1.65125732e+00	7.33466923e-01	ceers-full-grizli-v7.2	74853	2.00000000e+01	1.27148561e+07	4.42136862e-02	3.47732494e-09	1.19424784e+00	1
0	5.00000000e-01	1.65125732e+00	7.33466923e-01	ceers-full-grizli-v7.2	74853	2.15000000e+01	1.16981745e+07	3.96609661e-02	3.39035513e-09	1.15605116e+00	1
0	5.00000000e-01	1.65125732e+00	7.33466923e-01	ceers-full-grizli-v7.2	74853	2.30000000e+01	9.98573936e+06	3.08755542e-02	3.09196476e-09	1.15543522e+00	1
0	5.00000000e-01	1.65125732e+00	7.33466923e-01	ceers-full-grizli-v7.2	74853	2.45000000e+01	8.65833910e+06	2.26454642e-02	2.61545129e-09	1.15563790e+00	1
0	5.00000000e-01	1.65125732e+00	7.33466923e-01	ceers-full-grizli-v7.2	74853	2.60000000e+01	7.65536540e+06	1.41585196e-02	1.84948972e-09	1.16416178e+00	1
0	5.00000000e-01	1.65125732e+00	7.33466923e-01	ceers-full-grizli-v7.2	74853	2.75000000e+01	5.95497002e+06	4.71351333e-03	7.91525955e-10	1.16242396e+00	1
0	5.00000000e-01	1.65125732e+00	7.33466923e-01	ceers-full-grizli-v7.2	74853	2.90000000e+01	nan	nan	nan	nan	1
0	5.00000000e-01	1.65125732e+00	7.33466923e-01	ceers-full-grizli-v7.2	74853	3.05000000e+01	nan	nan	nan	nan	1
0	5.00000000e-01	1.65125732e+00	8.78300011e-01	primer-cosmos-east-grizli-v7.0	7384	5.00000000e-01	7.73492500e+09	2.00343290e-03	2.59011289e-13	4.00092999e+00	1
0	5.00000000e-01	1.65125732e+00	8.78300011e-01	primer-cosmos-east-grizli-v7.0	7384	2.00000000e+00	2.29726456e+09	6.03546395e-02	2.62723939e-11	2.86888079e+00	1
0	5.00000000e-01	1.65125732e+00	8.78300011e-01	primer-cosmos-east-grizli-v7.0	7384	3.50000000e+00	6.82981058e+08	1.89662954e-01	2.77698703e-10	1.62164862e+00	1
0	5.00000000e-01	1.65125732e+00	8.78300011e-01	primer-cosmos-east-grizli-v7.0	7384	5.00000000e+00	3.59020895e+08	8.41325040e-02	2.34338739e-10	1.88620940e+00	1
0	5.00000000e-01	1.65125732e+00	8.78300011e-01	primer-cosmos-east-grizli-v7.0	7384	6.50000000e+00	2.31852000e+08	3.58107953e-02	1.54455408e-10	2.20038509e+00	1
0	5.00000000e-01	1.65125732e+00	8.78300011e-01	primer-cosmos-east-grizli-v7.0	7384	8.00000000e+00	1.63273425e+08	2.67745964e-02	1.63986248e-10	2.24886111e+00	1
0	5.00000000e-01	1.65125732e+00	8.78300011e-01	primer-cosmos-east-grizli-v7.0	7384	9.50000000e+00	1.19591737e+08	1.51191071e-02	1.26422673e-10	2.49815522e+00	1
0	5.00000000e-01	1.65125732e+00	8.78300011e-01	primer-cosmos-east-grizli-v7.0	7384	1.10000000e+01	8.49477079e+07	9.03782045e-03	1.06392752e-10	2.69989893e+00	1
0	5.00000000e-01	1.65125732e+00	8.78300011e-01	primer-cosmos-east-grizli-v7.0	7384	1.25000000e+01	6.24815112e+07	5.12544253e-03	8.20313471e-11	2.98663623e+00	1
0	5.00000000e-01	1.65125732e+00	8.78300011e-01	primer-cosmos-east-grizli-v7.0	7384	1.40000000e+01	4.38961904e+07	3.22450020e-03	7.34574042e-11	3.07561450e+00	1
0	5.00000000e-01	1.65125732e+00	8.78300011e-01	primer-cosmos-east-grizli-v7.0	7384	1.55000000e+01	2.92275926e+07	2.04275194e-03	6.98912143e-11	3.11701624e+00	1
0	5.00000000e-01	1.65125732e+00	8.78300011e-01	primer-cosmos-east-grizli-v7.0	7384	1.70000000e+01	2.03611248e+07	1.64588273e-03	8.08345684e-11	3.10870735e+00	1
0	5.00000000e-01	1.65125732e+00	8.78300011e-01	primer-cosmos-east-grizli-v7.0	7384	1.85000000e+01	1.51434105e+07	1.69375814e-03	1.11847865e-10	2.99023012e+00	1
0	5.00000000e-01	1.65125732e+00	8.78300011e-01	primer-cosmos-east-grizli-v7.0	7384	2.00000000e+01	1.19455290e+07	1.86395338e-03	1.56037742e-10	2.84586891e+00	1
0	5.00000000e-01	1.65125732e+00	8.78300011e-01	primer-cosmos-east-grizli-v7.0	7384	2.15000000e+01	1.01852543e+07	1.82033003e-03	1.78722099e-10	2.86636113e+00	1
0	5.00000000e-01	1.65125732e+00	8.78300011e-01	primer-cosmos-east-grizli-v7.0	7384	2.30000000e+01	9.05217779e+06	1.28956785e-03	1.42459404e-10	2.91441368e+00	1
0	5.00000000e-01	1.65125732e+00	8.78300011e-01	primer-cosmos-east-grizli-v7.0	7384	2.45000000e+01	6.66415271e+06	1.50606813e-03	2.25995440e-10	2.69227393e+00	1
0	5.00000000e-01	1.65125732e+00	8.78300011e-01	primer-cosmos-east-grizli-v7.0	7384	2.60000000e+01	nan	nan	nan	nan	1
0	5.00000000e-01	1.65125732e+00	8.78300011e-01	primer-cosmos-east-grizli-v7.0	7384	2.75000000e+01	nan	nan	nan	nan	1
0	5.00000000e-01	1.65125732e+00	8.78300011e-01	primer-cosmos-east-grizli-v7.0	7384	2.90000000e+01	nan	nan	nan	nan	1
0	5.00000000e-01	1.65125732e+00	8.78300011e-01	primer-cosmos-east-grizli-v7.0	7384	3.05000000e+01	nan	nan	nan	nan	1
0	5.00000000e-01	1.65125732e+00	1.21700001e+00	primer-cosmos-east-grizli-v7.0	18117	5.00000000e-01	1.50389374e+10	2.02568992e-03	1.34696346e-13	3.32012770e+00	1
0	5.00000000e-01	1.65125732e+00	1.21700001e+00	primer-cosmos-east-grizli-v7.0	18117	2.00000000e+00	4.33888671e+09	8.55471710e-01	1.97163873e-10	2.84326881e+00	1
0	5.00000000e-01	1.65125732e+00	1.21700001e+00	primer-cosmos-east-grizli-v7.0	18117	3.50000000e+00	1.21845205e+09	4.74488509e-03	3.89419106e-12	2.43989193e+00	1
0	5.00000000e-01	1.65125732e+00	1.21700001e+00	primer-cosmos-east-grizli-v7.0	18117	5.00000000e+00	6.06076993e+08	1.85251640e-02	3.05656941e-11	2.18504781e+00	1
0	5.00000000e-01	1.65125732e+00	1.21700001e+00	primer-cosmos-east-grizli-v7.0	18117	6.50000000e+00	3.83591026e+08	3.82543936e-02	9.97270297e-11	1.84673103e+00	1
0	5.00000000e-01	1.65125732e+00	1.21700001e+00	primer-cosmos-east-grizli-v7.0	18117	8.00000000e+00	2.96569182e+08	5.19089190e-02	1.75031400e-10	1.70979101e+00	1
0	5.00000000e-01	1.65125732e+00	1.21700001e+00	primer-cosmos-east-grizli-v7.0	18117	9.50000000e+00	2.28636266e+08	3.78239465e-02	1.65432838e-10	1.71353894e+00	1
0	5.00000000e-01	1.65125732e+00	1.21700001e+00	primer-cosmos-east-grizli-v7.0	18117	1.10000000e+01	1.64980024e+08	2.45684079e-02	1.48917471e-10	1.82843199e+00	1
0	5.00000000e-01	1.65125732e+00	1.21700001e+00	primer-cosmos-east-grizli-v7.0	18117	1.25000000e+01	1.03199068e+08	1.94583481e-02	1.88551588e-10	1.79521830e+00	1
0	5.00000000e-01	1.65125732e+00	1.21700001e+00	primer-cosmos-east-grizli-v7.0	18117	1.40000000e+01	6.06345073e+07	1.37454642e-02	2.26693756e-10	1.65917929e+00	1
0	5.00000000e-01	1.65125732e+00	1.21700001e+00	primer-cosmos-east-grizli-v7.0	18117	1.55000000e+01	3.64693469e+07	9.12498481e-03	2.50209712e-10	1.59616078e+00	1
0	5.00000000e-01	1.65125732e+00	1.21700001e+00	primer-cosmos-east-grizli-v7.0	18117	1.70000000e+01	2.21589425e+07	6.89761025e-03	3.11278854e-10	1.46369467e+00	1
0	5.00000000e-01	1.65125732e+00	1.21700001e+00	primer-cosmos-east-grizli-v7.0	18117	1.85000000e+01	1.46345329e+07	7.54892041e-03	5.15829269e-10	1.40934182e+00	1
0	5.00000000e-01	1.65125732e+00	1.21700001e+00	primer-cosmos-east-grizli-v7.0	18117	2.00000000e+01	1.10755619e+07	8.17745294e-03	7.38333011e-10	1.41943773e+00	1
0	5.00000000e-01	1.65125732e+00	1.21700001e+00	primer-cosmos-east-grizli-v7.0	18117	2.15000000e+01	8.82507927e+06	1.04052059e-02	1.17904957e-09	1.33422593e+00	1
0	5.00000000e-01	1.65125732e+00	1.21700001e+00	primer-cosmos-east-grizli-v7.0	18117	2.30000000e+01	7.51575868e+06	1.84677307e-02	2.45720113e-09	1.24036337e+00	1
0	5.00000000e-01	1.65125732e+00	1.21700001e+00	primer-cosmos-east-grizli-v7.0	18117	2.45000000e+01	6.74112252e+06	1.75035279e-02	2.59653015e-09	1.20309666e+00	1
0	5.00000000e-01	1.65125732e+00	1.21700001e+00	primer-cosmos-east-grizli-v7.0	18117	2.60000000e+01	6.34897160e+06	1.29896303e-02	2.04594242e-09	1.23070023e+00	1
0	5.00000000e-01	1.65125732e+00	1.21700001e+00	primer-cosmos-east-grizli-v7.0	18117	2.75000000e+01	9.69592438e+06	7.91643888e-03	8.16470773e-10	1.21980708e+00	1
0	5.00000000e-01	1.65125732e+00	1.21700001e+00	primer-cosmos-east-grizli-v7.0	18117	2.90000000e+01	7.82109868e+06	2.97330362e-03	3.80164443e-10	1.16440802e+00	1
0	5.00000000e-01	1.65125732e+00	1.21700001e+00	primer-cosmos-east-grizli-v7.0	18117	3.05000000e+01	nan	nan	nan	nan	1
0	5.00000000e-01	1.65125732e+00	1.60327113e+00	primer-cosmos-east-grizli-v7.0	24245	5.00000000e-01	1.52502510e+10	5.55475732e+01	3.64240385e-09	8.27633724e-01	1
0	5.00000000e-01	1.65125732e+00	1.60327113e+00	primer-cosmos-east-grizli-v7.0	24245	2.00000000e+00	3.91888989e+09	1.01781883e-01	2.59721213e-11	1.81667842e+00	1
0	5.00000000e-01	1.65125732e+00	1.60327113e+00	primer-cosmos-east-grizli-v7.0	24245	3.50000000e+00	1.05676053e+09	4.14173092e-02	3.91927103e-11	1.90083428e+00	1
0	5.00000000e-01	1.65125732e+00	1.60327113e+00	primer-cosmos-east-grizli-v7.0	24245	5.00000000e+00	5.41980117e+08	8.76784675e-02	1.61774325e-10	1.56829556e+00	1
0	5.00000000e-01	1.65125732e+00	1.60327113e+00	primer-cosmos-east-grizli-v7.0	24245	6.50000000e+00	3.38658811e+08	7.51221119e-02	2.21822405e-10	1.44818823e+00	1
0	5.00000000e-01	1.65125732e+00	1.60327113e+00	primer-cosmos-east-grizli-v7.0	24245	8.00000000e+00	1.78168775e+08	7.35877318e-02	4.13022607e-10	1.23380061e+00	1
0	5.00000000e-01	1.65125732e+00	1.60327113e+00	primer-cosmos-east-grizli-v7.0	24245	9.50000000e+00	1.08375032e+08	7.69662673e-02	7.10184494e-10	1.07200648e+00	1
0	5.00000000e-01	1.65125732e+00	1.60327113e+00	primer-cosmos-east-grizli-v7.0	24245	1.10000000e+01	8.07751246e+07	5.73179679e-02	7.09599251e-10	9.98676650e-01	1
0	5.00000000e-01	1.65125732e+00	1.60327113e+00	primer-cosmos-east-grizli-v7.0	24245	1.25000000e+01	6.60870199e+07	3.81257499e-02	5.76902242e-10	1.04374719e+00	1
0	5.00000000e-01	1.65125732e+00	1.60327113e+00	primer-cosmos-east-grizli-v7.0	24245	1.40000000e+01	4.86340983e+07	3.17319331e-02	6.52462658e-10	1.02943064e+00	1
0	5.00000000e-01	1.65125732e+00	1.60327113e+00	primer-cosmos-east-grizli-v7.0	24245	1.55000000e+01	3.58925566e+07	3.16989930e-02	8.83163420e-10	9.15166278e-01	1
0	5.00000000e-01	1.65125732e+00	1.60327113e+00	primer-cosmos-east-grizli-v7.0	24245	1.70000000e+01	2.68882638e+07	4.55382852e-02	1.69361196e-09	7.95018922e-01	1
0	5.00000000e-01	1.65125732e+00	1.60327113e+00	primer-cosmos-east-grizli-v7.0	24245	1.85000000e+01	2.01551439e+07	4.42806071e-02	2.19698789e-09	7.00705854e-01	1
0	5.00000000e-01	1.65125732e+00	1.60327113e+00	primer-cosmos-east-grizli-v7.0	24245	2.00000000e+01	1.63894104e+07	3.63742407e-02	2.21937457e-09	6.68065270e-01	1
0	5.00000000e-01	1.65125732e+00	1.60327113e+00	primer-cosmos-east-grizli-v7.0	24245	2.15000000e+01	1.39460719e+07	2.94135630e-02	2.10909303e-09	6.77413356e-01	1
0	5.00000000e-01	1.65125732e+00	1.60327113e+00	primer-cosmos-east-grizli-v7.0	24245	2.30000000e+01	1.25323708e+07	3.61597422e-02	2.88530740e-09	6.73333422e-01	1
0	5.00000000e-01	1.65125732e+00	1.60327113e+00	primer-cosmos-east-grizli-v7.0	24245	2.45000000e+01	1.07325764e+07	3.01372780e-02	2.80801897e-09	6.50763322e-01	1
0	5.00000000e-01	1.65125732e+00	1.60327113e+00	primer-cosmos-east-grizli-v7.0	24245	2.60000000e+01	8.37091851e+06	2.59280577e-02	3.09739697e-09	6.02754808e-01	1
0	5.00000000e-01	1.65125732e+00	1.60327113e+00	primer-cosmos-east-grizli-v7.0	24245	2.75000000e+01	7.26320418e+06	2.12764241e-02	2.92934408e-09	5.58881393e-01	1
0	5.00000000e-01	1.65125732e+00	1.60327113e+00	primer-cosmos-east-grizli-v7.0	24245	2.90000000e+01	7.62614213e+06	2.46273991e-02	3.22933912e-09	5.29950778e-01	1
0	5.00000000e-01	1.65125732e+00	1.60327113e+00	primer-cosmos-east-grizli-v7.0	24245	3.05000000e+01	8.27438240e+06	2.54333944e-02	3.07375139e-09	5.08524180e-01	1
0	5.00000000e-01	1.65125732e+00	1.52566004e+00	primer-cosmos-east-grizli-v7.0	28532	5.00000000e-01	1.24321273e+10	4.70789464e-01	3.78687775e-11	1.92539710e+00	1
0	5.00000000e-01	1.65125732e+00	1.52566004e+00	primer-cosmos-east-grizli-v7.0	28532	2.00000000e+00	3.31867555e+09	1.79150802e+00	5.39826203e-10	9.27078032e-01	1
0	5.00000000e-01	1.65125732e+00	1.52566004e+00	primer-cosmos-east-grizli-v7.0	28532	3.50000000e+00	1.27888297e+09	1.00070810e+00	7.82486063e-10	8.51494832e-01	1
0	5.00000000e-01	1.65125732e+00	1.52566004e+00	primer-cosmos-east-grizli-v7.0	28532	5.00000000e+00	6.15524803e+08	3.90128805e-01	6.33814922e-10	9.90077864e-01	1
0	5.00000000e-01	1.65125732e+00	1.52566004e+00	primer-cosmos-east-grizli-v7.0	28532	6.50000000e+00	3.02172940e+08	1.94800803e-01	6.44666602e-10	1.02223907e+00	1
0	5.00000000e-01	1.65125732e+00	1.52566004e+00	primer-cosmos-east-grizli-v7.0	28532	8.00000000e+00	1.72509408e+08	1.56880341e-01	9.09401656e-10	9.19935491e-01	1
0	5.00000000e-01	1.65125732e+00	1.52566004e+00	primer-cosmos-east-grizli-v7.0	28532	9.50000000e+00	1.07354471e+08	1.23562807e-01	1.15097960e-09	9.35087143e-01	1
0	5.00000000e-01	1.65125732e+00	1.52566004e+00	primer-cosmos-east-grizli-v7.0	28532	1.10000000e+01	6.50774916e+07	1.20288417e-01	1.84838742e-09	1.01017114e+00	1
0	5.00000000e-01	1.65125732e+00	1.52566004e+00	primer-cosmos-east-grizli-v7.0	28532	1.25000000e+01	3.65700990e+07	7.11028512e-02	1.94428927e-09	1.02723684e+00	1
0	5.00000000e-01	1.65125732e+00	1.52566004e+00	primer-cosmos-east-grizli-v7.0	28532	1.40000000e+01	2.40130747e+07	4.65373229e-02	1.93799934e-09	9.88025293e-01	1
0	5.00000000e-01	1.65125732e+00	1.52566004e+00	primer-cosmos-east-grizli-v7.0	28532	1.55000000e+01	1.70564697e+07	3.15732535e-02	1.85110132e-09	9.81876508e-01	1
0	5.00000000e-01	1.65125732e+00	1.52566004e+00	primer-cosmos-east-grizli-v7.0	28532	1.70000000e+01	1.45953961e+07	2.93335083e-02	2.00977816e-09	1.07212783e+00	1
0	5.00000000e-01	1.65125732e+00	1.52566004e+00	primer-cosmos-east-grizli-v7.0	28532	1.85000000e+01	1.15356311e+07	4.09188754e-02	3.54717269e-09	1.01476448e+00	1
0	5.00000000e-01	1.65125732e+00	1.52566004e+00	primer-cosmos-east-grizli-v7.0	28532	2.00000000e+01	1.70483576e+07	4.54177737e-02	2.66405568e-09	9.55320585e-01	1
0	5.00000000e-01	1.65125732e+00	1.52566004e+00	primer-cosmos-east-grizli-v7.0	28532	2.15000000e+01	2.34322535e+07	3.33250066e-02	1.42218531e-09	1.10613723e+00	1
0	5.00000000e-01	1.65125732e+00	1.52566004e+00	primer-cosmos-east-grizli-v7.0	28532	2.30000000e+01	1.64477818e+07	nan	nan	1.20390095e+00	1
0	5.00000000e-01	1.65125732e+00	1.52566004e+00	primer-cosmos-east-grizli-v7.0	28532	2.45000000e+01	nan	nan	nan	nan	1
0	5.00000000e-01	1.65125732e+00	1.52566004e+00	primer-cosmos-east-grizli-v7.0	28532	2.60000000e+01	nan	nan	nan	nan	1
0	5.00000000e-01	1.65125732e+00	1.52566004e+00	primer-cosmos-east-grizli-v7.0	28532	2.75000000e+01	nan	nan	nan	nan	1
0	5.00000000e-01	1.65125732e+00	1.52566004e+00	primer-cosmos-east-grizli-v7.0	28532	2.90000000e+01	nan	nan	nan	nan	1
0	5.00000000e-01	1.65125732e+00	1.52566004e+00	primer-cosmos-east-grizli-v7.0	28532	3.05000000e+01	nan	nan	nan	nan	1
0	5.00000000e-01	1.65125732e+00	1.58469999e+00	primer-cosmos-east-grizli-v7.0	58512	5.00000000e-01	2.60770230e+10	2.00202685e-01	7.67735966e-12	1.94044107e+00	1
0	5.00000000e-01	1.65125732e+00	1.58469999e+00	primer-cosmos-east-grizli-v7.0	58512	2.00000000e+00	6.33791088e+09	5.31651385e-02	8.38843265e-12	1.91461638e+00	1
0	5.00000000e-01	1.65125732e+00	1.58469999e+00	primer-cosmos-east-grizli-v7.0	58512	3.50000000e+00	1.41846294e+09	6.34861658e-02	4.47570139e-11	1.63522797e+00	1
0	5.00000000e-01	1.65125732e+00	1.58469999e+00	primer-cosmos-east-grizli-v7.0	58512	5.00000000e+00	5.77997633e+08	8.71996019e-02	1.50864981e-10	1.27845592e+00	1
0	5.00000000e-01	1.65125732e+00	1.58469999e+00	primer-cosmos-east-grizli-v7.0	58512	6.50000000e+00	2.21956617e+08	8.09884544e-02	3.64884163e-10	1.08272314e+00	1
0	5.00000000e-01	1.65125732e+00	1.58469999e+00	primer-cosmos-east-grizli-v7.0	58512	8.00000000e+00	1.01939188e+08	6.99931718e-02	6.86616927e-10	8.97714625e-01	1
0	5.00000000e-01	1.65125732e+00	1.58469999e+00	primer-cosmos-east-grizli-v7.0	58512	9.50000000e+00	4.88257741e+07	5.73474050e-02	1.17453140e-09	7.33131841e-01	1
0	5.00000000e-01	1.65125732e+00	1.58469999e+00	primer-cosmos-east-grizli-v7.0	58512	1.10000000e+01	3.02895586e+07	6.07378964e-02	2.00524204e-09	6.90661497e-01	1
0	5.00000000e-01	1.65125732e+00	1.58469999e+00	primer-cosmos-east-grizli-v7.0	58512	1.25000000e+01	2.21454297e+07	4.70398400e-02	2.12413309e-09	6.43020114e-01	1
0	5.00000000e-01	1.65125732e+00	1.58469999e+00	primer-cosmos-east-grizli-v7.0	58512	1.40000000e+01	1.72476864e+07	4.77986572e-02	2.77130834e-09	6.36411601e-01	1
0	5.00000000e-01	1.65125732e+00	1.58469999e+00	primer-cosmos-east-grizli-v7.0	58512	1.55000000e+01	1.97274039e+07	4.82206368e-02	2.44434782e-09	6.20301357e-01	1
0	5.00000000e-01	1.65125732e+00	1.58469999e+00	primer-cosmos-east-grizli-v7.0	58512	1.70000000e+01	5.66255901e+07	3.12533076e-02	5.51929040e-10	8.46597350e-01	1
0	5.00000000e-01	1.65125732e+00	1.58469999e+00	primer-cosmos-east-grizli-v7.0	58512	1.85000000e+01	nan	nan	nan	nan	1
0	5.00000000e-01	1.65125732e+00	1.58469999e+00	primer-cosmos-east-grizli-v7.0	58512	2.00000000e+01	nan	nan	nan	nan	1
0	5.00000000e-01	1.65125732e+00	1.58469999e+00	primer-cosmos-east-grizli-v7.0	58512	2.15000000e+01	nan	nan	nan	nan	1
0	5.00000000e-01	1.65125732e+00	1.58469999e+00	primer-cosmos-east-grizli-v7.0	58512	2.30000000e+01	nan	nan	nan	nan	1
0	5.00000000e-01	1.65125732e+00	1.58469999e+00	primer-cosmos-east-grizli-v7.0	58512	2.45000000e+01	nan	nan	nan	nan	1
0	5.00000000e-01	1.65125732e+00	1.58469999e+00	primer-cosmos-east-grizli-v7.0	58512	2.60000000e+01	nan	nan	nan	nan	1
0	5.00000000e-01	1.65125732e+00	1.58469999e+00	primer-cosmos-east-grizli-v7.0	58512	2.75000000e+01	nan	nan	nan	nan	1
0	5.00000000e-01	1.65125732e+00	1.58469999e+00	primer-cosmos-east-grizli-v7.0	58512	2.90000000e+01	nan	nan	nan	nan	1
0	5.00000000e-01	1.65125732e+00	1.58469999e+00	primer-cosmos-east-grizli-v7.0	58512	3.05000000e+01	nan	nan	nan	nan	1
0	5.00000000e-01	1.65125732e+00	1.45239210e+00	primer-cosmos-west-grizli-v7.0	6598	5.00000000e-01	1.78476721e+10	1.14977748e-02	6.44217060e-13	2.91085029e+00	1
0	5.00000000e-01	1.65125732e+00	1.45239210e+00	primer-cosmos-west-grizli-v7.0	6598	2.00000000e+00	5.32118263e+09	1.27121561e-01	2.38897196e-11	2.66548044e+00	1
0	5.00000000e-01	1.65125732e+00	1.45239210e+00	primer-cosmos-west-grizli-v7.0	6598	3.50000000e+00	1.70056464e+09	2.15458046e-01	1.26697946e-10	2.29745227e+00	1
0	5.00000000e-01	1.65125732e+00	1.45239210e+00	primer-cosmos-west-grizli-v7.0	6598	5.00000000e+00	8.32658123e+08	2.54324864e-01	3.05437319e-10	1.79451306e+00	1
0	5.00000000e-01	1.65125732e+00	1.45239210e+00	primer-cosmos-west-grizli-v7.0	6598	6.50000000e+00	3.39720279e+08	1.82483373e-01	5.37157728e-10	1.38342218e+00	1
0	5.00000000e-01	1.65125732e+00	1.45239210e+00	primer-cosmos-west-grizli-v7.0	6598	8.00000000e+00	1.63256116e+08	9.92473141e-02	6.07924018e-10	1.26255387e+00	1
0	5.00000000e-01	1.65125732e+00	1.45239210e+00	primer-cosmos-west-grizli-v7.0	6598	9.50000000e+00	8.43539511e+07	5.89059719e-02	6.98319060e-10	1.13842249e+00	1
0	5.00000000e-01	1.65125732e+00	1.45239210e+00	primer-cosmos-west-grizli-v7.0	6598	1.10000000e+01	5.53830179e+07	3.91904069e-02	7.07624980e-10	1.10853021e+00	1
0	5.00000000e-01	1.65125732e+00	1.45239210e+00	primer-cosmos-west-grizli-v7.0	6598	1.25000000e+01	4.52224706e+07	2.96198855e-02	6.54981585e-10	1.11152714e+00	1
0	5.00000000e-01	1.65125732e+00	1.45239210e+00	primer-cosmos-west-grizli-v7.0	6598	1.40000000e+01	3.63217903e+07	4.01741455e-02	1.10606182e-09	1.01035576e+00	1
0	5.00000000e-01	1.65125732e+00	1.45239210e+00	primer-cosmos-west-grizli-v7.0	6598	1.55000000e+01	2.54392366e+07	5.50991078e-02	2.16591043e-09	9.14032643e-01	1
0	5.00000000e-01	1.65125732e+00	1.45239210e+00	primer-cosmos-west-grizli-v7.0	6598	1.70000000e+01	5.30677148e+07	4.16200344e-02	7.84281640e-10	1.08280372e+00	1
0	5.00000000e-01	1.65125732e+00	1.45239210e+00	primer-cosmos-west-grizli-v7.0	6598	1.85000000e+01	4.11705489e+07	2.93150585e-02	7.12039534e-10	1.08280372e+00	1
0	5.00000000e-01	1.65125732e+00	1.45239210e+00	primer-cosmos-west-grizli-v7.0	6598	2.00000000e+01	nan	nan	nan	nan	1
0	5.00000000e-01	1.65125732e+00	1.45239210e+00	primer-cosmos-west-grizli-v7.0	6598	2.15000000e+01	nan	nan	nan	nan	1
0	5.00000000e-01	1.65125732e+00	1.45239210e+00	primer-cosmos-west-grizli-v7.0	6598	2.30000000e+01	nan	nan	nan	nan	1
0	5.00000000e-01	1.65125732e+00	1.45239210e+00	primer-cosmos-west-grizli-v7.0	6598	2.45000000e+01	nan	nan	nan	nan	1
0	5.00000000e-01	1.65125732e+00	1.45239210e+00	primer-cosmos-west-grizli-v7.0	6598	2.60000000e+01	nan	nan	nan	nan	1
0	5.00000000e-01	1.65125732e+00	1.45239210e+00	primer-cosmos-west-grizli-v7.0	6598	2.75000000e+01	nan	nan	nan	nan	1
0	5.00000000e-01	1.65125732e+00	1.45239210e+00	primer-cosmos-west-grizli-v7.0	6598	2.90000000e+01	nan	nan	nan	nan	1
0	5.00000000e-01	1.65125732e+00	1.45239210e+00	primer-cosmos-west-grizli-v7.0	6598	3.05000000e+01	nan	nan	nan	nan	1
0	5.00000000e-01	1.65125732e+00	7.33200014e-01	primer-cosmos-west-grizli-v7.0	19045	5.00000000e-01	1.20125603e+10	2.74367875e+01	2.28400830e-09	2.57349023e+00	1
0	5.00000000e-01	1.65125732e+00	7.33200014e-01	primer-cosmos-west-grizli-v7.0	19045	2.00000000e+00	2.84550787e+09	1.01602438e-02	3.57062580e-12	3.36957659e+00	1
0	5.00000000e-01	1.65125732e+00	7.33200014e-01	primer-cosmos-west-grizli-v7.0	19045	3.50000000e+00	8.96402165e+08	6.20139512e-03	6.91809476e-12	2.97701228e+00	1
0	5.00000000e-01	1.65125732e+00	7.33200014e-01	primer-cosmos-west-grizli-v7.0	19045	5.00000000e+00	4.50616453e+08	4.50354521e-03	9.99418725e-12	3.12265151e+00	1
0	5.00000000e-01	1.65125732e+00	7.33200014e-01	primer-cosmos-west-grizli-v7.0	19045	6.50000000e+00	2.55224079e+08	2.78851142e-03	1.09257380e-11	3.50283832e+00	1
0	5.00000000e-01	1.65125732e+00	7.33200014e-01	primer-cosmos-west-grizli-v7.0	19045	8.00000000e+00	1.76003444e+08	3.21644539e-03	1.82749003e-11	3.73620902e+00	1
0	5.00000000e-01	1.65125732e+00	7.33200014e-01	primer-cosmos-west-grizli-v7.0	19045	9.50000000e+00	1.19083005e+08	3.16327611e-03	2.65636236e-11	3.80532832e+00	1
0	5.00000000e-01	1.65125732e+00	7.33200014e-01	primer-cosmos-west-grizli-v7.0	19045	1.10000000e+01	7.67360390e+07	5.45711812e-03	7.11154523e-11	3.87917765e+00	1
0	5.00000000e-01	1.65125732e+00	7.33200014e-01	primer-cosmos-west-grizli-v7.0	19045	1.25000000e+01	4.98153216e+07	1.02089391e-02	2.04935727e-10	3.74189056e+00	1
0	5.00000000e-01	1.65125732e+00	7.33200014e-01	primer-cosmos-west-grizli-v7.0	19045	1.40000000e+01	3.36416311e+07	1.40333210e-02	4.17141517e-10	3.25741221e+00	1
0	5.00000000e-01	1.65125732e+00	7.33200014e-01	primer-cosmos-west-grizli-v7.0	19045	1.55000000e+01	2.30544671e+07	1.19588923e-02	5.18723430e-10	2.87639087e+00	1
0	5.00000000e-01	1.65125732e+00	7.33200014e-01	primer-cosmos-west-grizli-v7.0	19045	1.70000000e+01	1.64714097e+07	7.31268306e-03	4.43962187e-10	2.70770375e+00	1
0	5.00000000e-01	1.65125732e+00	7.33200014e-01	primer-cosmos-west-grizli-v7.0	19045	1.85000000e+01	1.20423319e+07	7.39272402e-03	6.13894724e-10	2.44098496e+00	1
0	5.00000000e-01	1.65125732e+00	7.33200014e-01	primer-cosmos-west-grizli-v7.0	19045	2.00000000e+01	1.15086720e+07	1.60748923e-02	1.39676344e-09	1.90375873e+00	1
0	5.00000000e-01	1.65125732e+00	7.33200014e-01	primer-cosmos-west-grizli-v7.0	19045	2.15000000e+01	9.18120648e+06	1.49451266e-02	1.62779550e-09	1.67529940e+00	1
0	5.00000000e-01	1.65125732e+00	7.33200014e-01	primer-cosmos-west-grizli-v7.0	19045	2.30000000e+01	8.81847852e+06	8.58396152e-03	9.73406184e-10	1.87519161e+00	1
0	5.00000000e-01	1.65125732e+00	7.33200014e-01	primer-cosmos-west-grizli-v7.0	19045	2.45000000e+01	8.65240751e+06	2.98775492e-03	3.45309084e-10	2.06349497e+00	1
0	5.00000000e-01	1.65125732e+00	7.33200014e-01	primer-cosmos-west-grizli-v7.0	19045	2.60000000e+01	7.86986082e+06	2.26428402e-03	2.87715891e-10	2.08732952e+00	1
0	5.00000000e-01	1.65125732e+00	7.33200014e-01	primer-cosmos-west-grizli-v7.0	19045	2.75000000e+01	6.45763548e+06	4.22801523e-03	6.54731170e-10	1.98744925e+00	1
0	5.00000000e-01	1.65125732e+00	7.33200014e-01	primer-cosmos-west-grizli-v7.0	19045	2.90000000e+01	nan	nan	nan	nan	1
0	5.00000000e-01	1.65125732e+00	7.33200014e-01	primer-cosmos-west-grizli-v7.0	19045	3.05000000e+01	nan	nan	nan	nan	1
0	5.00000000e-01	1.65125732e+00	9.25100029e-01	primer-cosmos-west-grizli-v7.0	23545	5.00000000e-01	1.13191446e+10	1.77274961e-03	1.56615157e-13	4.16867896e+00	1
0	5.00000000e-01	1.65125732e+00	9.25100029e-01	primer-cosmos-west-grizli-v7.0	23545	2.00000000e+00	3.17365124e+09	8.09758876e-03	2.55150555e-12	3.45355857e+00	1
0	5.00000000e-01	1.65125732e+00	9.25100029e-01	primer-cosmos-west-grizli-v7.0	23545	3.50000000e+00	1.06498200e+09	1.72116004e-02	1.61614003e-11	3.07560338e+00	1
0	5.00000000e-01	1.65125732e+00	9.25100029e-01	primer-cosmos-west-grizli-v7.0	23545	5.00000000e+00	6.06418388e+08	2.71958872e-02	4.48467391e-11	3.00924854e+00	1
0	5.00000000e-01	1.65125732e+00	9.25100029e-01	primer-cosmos-west-grizli-v7.0	23545	6.50000000e+00	3.29810760e+08	2.94790561e-02	8.93817293e-11	2.91984131e+00	1
0	5.00000000e-01	1.65125732e+00	9.25100029e-01	primer-cosmos-west-grizli-v7.0	23545	8.00000000e+00	2.01991527e+08	4.34651137e-02	2.15182856e-10	2.56178154e+00	1
0	5.00000000e-01	1.65125732e+00	9.25100029e-01	primer-cosmos-west-grizli-v7.0	23545	9.50000000e+00	1.28281929e+08	7.78452072e-02	6.06829097e-10	2.16660481e+00	1
0	5.00000000e-01	1.65125732e+00	9.25100029e-01	primer-cosmos-west-grizli-v7.0	23545	1.10000000e+01	8.84377781e+07	6.84607876e-02	7.74112479e-10	1.98714664e+00	1
0	5.00000000e-01	1.65125732e+00	9.25100029e-01	primer-cosmos-west-grizli-v7.0	23545	1.25000000e+01	5.92152591e+07	6.07206602e-02	1.02542252e-09	1.79954869e+00	1
0	5.00000000e-01	1.65125732e+00	9.25100029e-01	primer-cosmos-west-grizli-v7.0	23545	1.40000000e+01	4.00454856e+07	4.23501795e-02	1.05755190e-09	1.50941152e+00	1
0	5.00000000e-01	1.65125732e+00	9.25100029e-01	primer-cosmos-west-grizli-v7.0	23545	1.55000000e+01	3.19970296e+07	3.04174005e-02	9.50632007e-10	1.50208061e+00	1
0	5.00000000e-01	1.65125732e+00	9.25100029e-01	primer-cosmos-west-grizli-v7.0	23545	1.70000000e+01	2.87394090e+07	2.23918809e-02	7.79135049e-10	1.52462815e+00	1
0	5.00000000e-01	1.65125732e+00	9.25100029e-01	primer-cosmos-west-grizli-v7.0	23545	1.85000000e+01	2.43771111e+07	1.45350690e-02	5.96258883e-10	1.43741756e+00	1
0	5.00000000e-01	1.65125732e+00	9.25100029e-01	primer-cosmos-west-grizli-v7.0	23545	2.00000000e+01	2.12881276e+07	1.08311138e-02	5.08786589e-10	1.41381154e+00	1
0	5.00000000e-01	1.65125732e+00	9.25100029e-01	primer-cosmos-west-grizli-v7.0	23545	2.15000000e+01	2.02655475e+07	9.57563212e-03	4.72507941e-10	1.41083800e+00	1
0	5.00000000e-01	1.65125732e+00	9.25100029e-01	primer-cosmos-west-grizli-v7.0	23545	2.30000000e+01	1.89277139e+07	9.56544465e-03	5.05367139e-10	1.36640829e+00	1
0	5.00000000e-01	1.65125732e+00	9.25100029e-01	primer-cosmos-west-grizli-v7.0	23545	2.45000000e+01	1.58565190e+07	7.55188245e-03	4.76263575e-10	1.28043959e+00	1
0	5.00000000e-01	1.65125732e+00	9.25100029e-01	primer-cosmos-west-grizli-v7.0	23545	2.60000000e+01	1.66459353e+07	7.76516103e-03	4.66489920e-10	1.22956296e+00	1
0	5.00000000e-01	1.65125732e+00	9.25100029e-01	primer-cosmos-west-grizli-v7.0	23545	2.75000000e+01	1.63360115e+07	5.11956740e-03	3.13391515e-10	1.19144407e+00	1
0	5.00000000e-01	1.65125732e+00	9.25100029e-01	primer-cosmos-west-grizli-v7.0	23545	2.90000000e+01	1.89074163e+07	1.05662178e-03	5.58839858e-11	1.38459547e+00	1
0	5.00000000e-01	1.65125732e+00	9.25100029e-01	primer-cosmos-west-grizli-v7.0	23545	3.05000000e+01	nan	nan	nan	nan	1
0	5.00000000e-01	1.65125732e+00	5.32199979e-01	primer-cosmos-west-grizli-v7.0	42970	5.00000000e-01	9.03310330e+09	1.05561193e-02	1.16860385e-12	5.43480196e+00	1
0	5.00000000e-01	1.65125732e+00	5.32199979e-01	primer-cosmos-west-grizli-v7.0	42970	2.00000000e+00	2.34476694e+09	1.02284017e-02	4.36222533e-12	4.88721220e+00	1
0	5.00000000e-01	1.65125732e+00	5.32199979e-01	primer-cosmos-west-grizli-v7.0	42970	3.50000000e+00	7.99986083e+08	9.17707848e-03	1.14715477e-11	4.69945397e+00	1
0	5.00000000e-01	1.65125732e+00	5.32199979e-01	primer-cosmos-west-grizli-v7.0	42970	5.00000000e+00	3.93593136e+08	6.75252236e-02	1.71560978e-10	3.93687148e+00	1
0	5.00000000e-01	1.65125732e+00	5.32199979e-01	primer-cosmos-west-grizli-v7.0	42970	6.50000000e+00	2.13887586e+08	5.98966449e-02	2.80037967e-10	3.47807453e+00	1
0	5.00000000e-01	1.65125732e+00	5.32199979e-01	primer-cosmos-west-grizli-v7.0	42970	8.00000000e+00	1.39446614e+08	1.87717899e-02	1.34616319e-10	4.16021350e+00	1
0	5.00000000e-01	1.65125732e+00	5.32199979e-01	primer-cosmos-west-grizli-v7.0	42970	9.50000000e+00	8.85635653e+07	1.25328795e-02	1.41512816e-10	4.37310677e+00	1
0	5.00000000e-01	1.65125732e+00	5.32199979e-01	primer-cosmos-west-grizli-v7.0	42970	1.10000000e+01	6.31099543e+07	2.20924921e-02	3.50063510e-10	4.38977060e+00	1
0	5.00000000e-01	1.65125732e+00	5.32199979e-01	primer-cosmos-west-grizli-v7.0	42970	1.25000000e+01	4.81217959e+07	1.93346862e-02	4.01786465e-10	4.41627669e+00	1
0	5.00000000e-01	1.65125732e+00	5.32199979e-01	primer-cosmos-west-grizli-v7.0	42970	1.40000000e+01	3.81427464e+07	5.34470888e-03	1.40123861e-10	4.68081507e+00	1
0	5.00000000e-01	1.65125732e+00	5.32199979e-01	primer-cosmos-west-grizli-v7.0	42970	1.55000000e+01	3.04796539e+07	7.85000254e-03	2.57548939e-10	4.43406111e+00	1
0	5.00000000e-01	1.65125732e+00	5.32199979e-01	primer-cosmos-west-grizli-v7.0	42970	1.70000000e+01	2.25906718e+07	2.09921421e-02	9.29239388e-10	3.57121492e+00	1
0	5.00000000e-01	1.65125732e+00	5.32199979e-01	primer-cosmos-west-grizli-v7.0	42970	1.85000000e+01	1.82074842e+07	2.77400561e-02	1.52355239e-09	3.12002613e+00	1
0	5.00000000e-01	1.65125732e+00	5.32199979e-01	primer-cosmos-west-grizli-v7.0	42970	2.00000000e+01	1.49405317e+07	1.47414432e-02	9.86674608e-10	3.46115782e+00	1
0	5.00000000e-01	1.65125732e+00	5.32199979e-01	primer-cosmos-west-grizli-v7.0	42970	2.15000000e+01	1.41912731e+07	1.21789445e-02	8.58199569e-10	3.86519797e+00	1
0	5.00000000e-01	1.65125732e+00	5.32199979e-01	primer-cosmos-west-grizli-v7.0	42970	2.30000000e+01	1.65589149e+07	2.72134720e-02	1.64343329e-09	3.11837307e+00	1
0	5.00000000e-01	1.65125732e+00	5.32199979e-01	primer-cosmos-west-grizli-v7.0	42970	2.45000000e+01	2.55137846e+07	8.32432496e-02	3.26267745e-09	2.49586720e+00	1
0	5.00000000e-01	1.65125732e+00	5.32199979e-01	primer-cosmos-west-grizli-v7.0	42970	2.60000000e+01	nan	nan	nan	nan	1
0	5.00000000e-01	1.65125732e+00	5.32199979e-01	primer-cosmos-west-grizli-v7.0	42970	2.75000000e+01	nan	nan	nan	nan	1
0	5.00000000e-01	1.65125732e+00	5.32199979e-01	primer-cosmos-west-grizli-v7.0	42970	2.90000000e+01	nan	nan	nan	nan	1
0	5.00000000e-01	1.65125732e+00	5.32199979e-01	primer-cosmos-west-grizli-v7.0	42970	3.05000000e+01	nan	nan	nan	nan	1
0	5.00000000e-01	1.65125732e+00	1.41129076e+00	primer-uds-north-grizli-v7.2	16922	5.00000000e-01	4.79531441e+09	6.45682555e+00	1.34648638e-09	5.62877190e-01	1
0	5.00000000e-01	1.65125732e+00	1.41129076e+00	primer-uds-north-grizli-v7.2	16922	2.00000000e+00	1.74071144e+09	2.48054862e+00	1.42502000e-09	5.87855030e-01	1
0	5.00000000e-01	1.65125732e+00	1.41129076e+00	primer-uds-north-grizli-v7.2	16922	3.50000000e+00	8.01918156e+08	1.37025443e+00	1.70872105e-09	5.08130907e-01	1
0	5.00000000e-01	1.65125732e+00	1.41129076e+00	primer-uds-north-grizli-v7.2	16922	5.00000000e+00	4.18493507e+08	7.06564391e-01	1.68835210e-09	5.17150422e-01	1
0	5.00000000e-01	1.65125732e+00	1.41129076e+00	primer-uds-north-grizli-v7.2	16922	6.50000000e+00	2.34462344e+08	4.21257564e-01	1.79669603e-09	5.43514970e-01	1
0	5.00000000e-01	1.65125732e+00	1.41129076e+00	primer-uds-north-grizli-v7.2	16922	8.00000000e+00	1.44857849e+08	2.34554450e-01	1.61920429e-09	5.73814408e-01	1
0	5.00000000e-01	1.65125732e+00	1.41129076e+00	primer-uds-north-grizli-v7.2	16922	9.50000000e+00	9.80846693e+07	1.37809510e-01	1.40500560e-09	6.21093085e-01	1
0	5.00000000e-01	1.65125732e+00	1.41129076e+00	primer-uds-north-grizli-v7.2	16922	1.10000000e+01	6.66663581e+07	1.08855062e-01	1.63283349e-09	6.73777982e-01	1
0	5.00000000e-01	1.65125732e+00	1.41129076e+00	primer-uds-north-grizli-v7.2	16922	1.25000000e+01	4.00141479e+07	7.94991976e-02	1.98677722e-09	6.97334987e-01	1
0	5.00000000e-01	1.65125732e+00	1.41129076e+00	primer-uds-north-grizli-v7.2	16922	1.40000000e+01	2.90438016e+07	4.68749739e-02	1.61394072e-09	6.90780076e-01	1
0	5.00000000e-01	1.65125732e+00	1.41129076e+00	primer-uds-north-grizli-v7.2	16922	1.55000000e+01	2.34834340e+07	1.58599623e-02	6.75368106e-10	6.87857798e-01	1
0	5.00000000e-01	1.65125732e+00	1.41129076e+00	primer-uds-north-grizli-v7.2	16922	1.70000000e+01	2.03962757e+07	1.66457668e-02	8.16117957e-10	7.42141138e-01	1
0	5.00000000e-01	1.65125732e+00	1.41129076e+00	primer-uds-north-grizli-v7.2	16922	1.85000000e+01	2.00133390e+07	4.91696027e-03	2.45684154e-10	7.98165249e-01	1
0	5.00000000e-01	1.65125732e+00	1.41129076e+00	primer-uds-north-grizli-v7.2	16922	2.00000000e+01	nan	nan	nan	nan	1
0	5.00000000e-01	1.65125732e+00	1.41129076e+00	primer-uds-north-grizli-v7.2	16922	2.15000000e+01	nan	nan	nan	nan	1
0	5.00000000e-01	1.65125732e+00	1.41129076e+00	primer-uds-north-grizli-v7.2	16922	2.30000000e+01	nan	nan	nan	nan	1
0	5.00000000e-01	1.65125732e+00	1.41129076e+00	primer-uds-north-grizli-v7.2	16922	2.45000000e+01	nan	nan	nan	nan	1
0	5.00000000e-01	1.65125732e+00	1.41129076e+00	primer-uds-north-grizli-v7.2	16922	2.60000000e+01	nan	nan	nan	nan	1
0	5.00000000e-01	1.65125732e+00	1.41129076e+00	primer-uds-north-grizli-v7.2	16922	2.75000000e+01	nan	nan	nan	nan	1
0	5.00000000e-01	1.65125732e+00	1.41129076e+00	primer-uds-north-grizli-v7.2	16922	2.90000000e+01	nan	nan	nan	nan	1
0	5.00000000e-01	1.65125732e+00	1.41129076e+00	primer-uds-north-grizli-v7.2	16922	3.05000000e+01	nan	nan	nan	nan	1
0	5.00000000e-01	1.65125732e+00	1.45047998e+00	primer-uds-north-grizli-v7.2	32286	5.00000000e-01	1.34864474e+10	1.09172744e+00	8.09499642e-11	1.97064536e+00	1
0	5.00000000e-01	1.65125732e+00	1.45047998e+00	primer-uds-north-grizli-v7.2	32286	2.00000000e+00	3.26929953e+09	2.79547546e+00	8.55068628e-10	1.05631512e+00	1
0	5.00000000e-01	1.65125732e+00	1.45047998e+00	primer-uds-north-grizli-v7.2	32286	3.50000000e+00	1.07269329e+09	8.88741011e-01	8.28513629e-10	1.17672306e+00	1
0	5.00000000e-01	1.65125732e+00	1.45047998e+00	primer-uds-north-grizli-v7.2	32286	5.00000000e+00	4.87249773e+08	4.35638959e-01	8.94077294e-10	1.03717810e+00	1
0	5.00000000e-01	1.65125732e+00	1.45047998e+00	primer-uds-north-grizli-v7.2	32286	6.50000000e+00	2.05281592e+08	1.76978961e-01	8.62127769e-10	9.40339945e-01	1
0	5.00000000e-01	1.65125732e+00	1.45047998e+00	primer-uds-north-grizli-v7.2	32286	8.00000000e+00	1.02291652e+08	1.09005312e-01	1.06563253e-09	7.91705575e-01	1
0	5.00000000e-01	1.65125732e+00	1.45047998e+00	primer-uds-north-grizli-v7.2	32286	9.50000000e+00	5.44327337e+07	7.35360243e-02	1.35095225e-09	6.65274508e-01	1
0	5.00000000e-01	1.65125732e+00	1.45047998e+00	primer-uds-north-grizli-v7.2	32286	1.10000000e+01	3.01915306e+07	4.89942953e-02	1.62278276e-09	5.79492660e-01	1
0	5.00000000e-01	1.65125732e+00	1.45047998e+00	primer-uds-north-grizli-v7.2	32286	1.25000000e+01	1.78054345e+07	3.19849275e-02	1.79635759e-09	5.98249455e-01	1
0	5.00000000e-01	1.65125732e+00	1.45047998e+00	primer-uds-north-grizli-v7.2	32286	1.40000000e+01	1.22635541e+07	2.18143117e-02	1.77879198e-09	6.25591167e-01	1
0	5.00000000e-01	1.65125732e+00	1.45047998e+00	primer-uds-north-grizli-v7.2	32286	1.55000000e+01	9.30237929e+06	1.50603462e-02	1.61897787e-09	6.83425258e-01	1
0	5.00000000e-01	1.65125732e+00	1.45047998e+00	primer-uds-north-grizli-v7.2	32286	1.70000000e+01	7.65201921e+06	1.35670077e-02	1.77299708e-09	7.00594837e-01	1
0	5.00000000e-01	1.65125732e+00	1.45047998e+00	primer-uds-north-grizli-v7.2	32286	1.85000000e+01	6.16335499e+06	1.20791721e-02	1.95983716e-09	7.06795361e-01	1
0	5.00000000e-01	1.65125732e+00	1.45047998e+00	primer-uds-north-grizli-v7.2	32286	2.00000000e+01	6.81071388e+06	1.44788489e-02	2.12589300e-09	6.87950064e-01	1
0	5.00000000e-01	1.65125732e+00	1.45047998e+00	primer-uds-north-grizli-v7.2	32286	2.15000000e+01	1.16262871e+07	1.53308797e-02	1.31863935e-09	6.73065687e-01	1
0	5.00000000e-01	1.65125732e+00	1.45047998e+00	primer-uds-north-grizli-v7.2	32286	2.30000000e+01	1.05551634e+07	1.77332601e-02	1.68005548e-09	6.42503004e-01	1
0	5.00000000e-01	1.65125732e+00	1.45047998e+00	primer-uds-north-grizli-v7.2	32286	2.45000000e+01	5.88128444e+06	1.17788656e-02	2.00277095e-09	5.94682315e-01	1
0	5.00000000e-01	1.65125732e+00	1.45047998e+00	primer-uds-north-grizli-v7.2	32286	2.60000000e+01	3.54032877e+06	1.16458725e-02	3.28948898e-09	5.99178190e-01	1
0	5.00000000e-01	1.65125732e+00	1.45047998e+00	primer-uds-north-grizli-v7.2	32286	2.75000000e+01	2.30018987e+06	4.26800607e-02	1.85550164e-08	6.34745587e-01	1
0	5.00000000e-01	1.65125732e+00	1.45047998e+00	primer-uds-north-grizli-v7.2	32286	2.90000000e+01	4.61851942e+06	7.70757069e-02	1.66884016e-08	6.40376662e-01	1
0	5.00000000e-01	1.65125732e+00	1.45047998e+00	primer-uds-north-grizli-v7.2	32286	3.05000000e+01	6.21145964e+06	7.31668046e-02	1.17793255e-08	5.61688877e-01	1
0	5.00000000e-01	1.65125732e+00	1.51587045e+00	primer-uds-north-grizli-v7.2	45320	5.00000000e-01	1.56106398e+10	2.51627721e+01	1.61189883e-09	1.99797060e+00	1
0	5.00000000e-01	1.65125732e+00	1.51587045e+00	primer-uds-north-grizli-v7.2	45320	2.00000000e+00	6.00090554e+09	8.58464460e+00	1.43055820e-09	2.42698359e+00	1
0	5.00000000e-01	1.65125732e+00	1.51587045e+00	primer-uds-north-grizli-v7.2	45320	3.50000000e+00	2.02384777e+09	5.85460123e-02	2.89280712e-11	2.28382631e+00	1
0	5.00000000e-01	1.65125732e+00	1.51587045e+00	primer-uds-north-grizli-v7.2	45320	5.00000000e+00	1.01980477e+09	8.35798447e-02	8.19567108e-11	1.79751089e+00	1
0	5.00000000e-01	1.65125732e+00	1.51587045e+00	primer-uds-north-grizli-v7.2	45320	6.50000000e+00	4.76514389e+08	8.49245873e-02	1.78220405e-10	1.46834891e+00	1
0	5.00000000e-01	1.65125732e+00	1.51587045e+00	primer-uds-north-grizli-v7.2	45320	8.00000000e+00	3.02342267e+08	7.21724228e-02	2.38710993e-10	1.38363026e+00	1
0	5.00000000e-01	1.65125732e+00	1.51587045e+00	primer-uds-north-grizli-v7.2	45320	9.50000000e+00	2.27732685e+08	5.61793389e-02	2.46689837e-10	1.39788761e+00	1
0	5.00000000e-01	1.65125732e+00	1.51587045e+00	primer-uds-north-grizli-v7.2	45320	1.10000000e+01	1.82963452e+08	4.11513971e-02	2.24915942e-10	1.53011002e+00	1
0	5.00000000e-01	1.65125732e+00	1.51587045e+00	primer-uds-north-grizli-v7.2	45320	1.25000000e+01	1.22466279e+08	4.15425776e-02	3.39216460e-10	1.42178922e+00	1
0	5.00000000e-01	1.65125732e+00	1.51587045e+00	primer-uds-north-grizli-v7.2	45320	1.40000000e+01	8.10150497e+07	4.27042463e-02	5.27114980e-10	1.34065329e+00	1
0	5.00000000e-01	1.65125732e+00	1.51587045e+00	primer-uds-north-grizli-v7.2	45320	1.55000000e+01	4.76354833e+07	3.76639029e-02	7.90669062e-10	1.16090185e+00	1
0	5.00000000e-01	1.65125732e+00	1.51587045e+00	primer-uds-north-grizli-v7.2	45320	1.70000000e+01	2.74714771e+07	3.25468742e-02	1.18475152e-09	9.81636918e-01	1
0	5.00000000e-01	1.65125732e+00	1.51587045e+00	primer-uds-north-grizli-v7.2	45320	1.85000000e+01	1.65964460e+07	2.61268412e-02	1.57424313e-09	9.22109468e-01	1
0	5.00000000e-01	1.65125732e+00	1.51587045e+00	primer-uds-north-grizli-v7.2	45320	2.00000000e+01	1.20982324e+07	5.81803939e-02	4.80899952e-09	7.81435881e-01	1
0	5.00000000e-01	1.65125732e+00	1.51587045e+00	primer-uds-north-grizli-v7.2	45320	2.15000000e+01	9.33734177e+06	2.27616426e-02	2.43770049e-09	7.68517697e-01	1
0	5.00000000e-01	1.65125732e+00	1.51587045e+00	primer-uds-north-grizli-v7.2	45320	2.30000000e+01	6.04834553e+06	8.99944520e-02	1.48791850e-08	6.68583436e-01	1
0	5.00000000e-01	1.65125732e+00	1.51587045e+00	primer-uds-north-grizli-v7.2	45320	2.45000000e+01	4.66852340e+06	7.56046604e-02	1.61945553e-08	6.27971673e-01	1
0	5.00000000e-01	1.65125732e+00	1.51587045e+00	primer-uds-north-grizli-v7.2	45320	2.60000000e+01	nan	nan	nan	nan	1
0	5.00000000e-01	1.65125732e+00	1.51587045e+00	primer-uds-north-grizli-v7.2	45320	2.75000000e+01	nan	nan	nan	nan	1
0	5.00000000e-01	1.65125732e+00	1.51587045e+00	primer-uds-north-grizli-v7.2	45320	2.90000000e+01	nan	nan	nan	nan	1
0	5.00000000e-01	1.65125732e+00	1.51587045e+00	primer-uds-north-grizli-v7.2	45320	3.05000000e+01	nan	nan	nan	nan	1
0	5.00000000e-01	1.65125732e+00	6.27300024e-01	primer-uds-north-grizli-v7.2	50984	5.00000000e-01	1.24958033e+10	2.99942383e-04	2.40034495e-14	6.39499890e+00	1
0	5.00000000e-01	1.65125732e+00	6.27300024e-01	primer-uds-north-grizli-v7.2	50984	2.00000000e+00	3.12920773e+09	3.62904706e-04	1.15973351e-13	5.76529430e+00	1
0	5.00000000e-01	1.65125732e+00	6.27300024e-01	primer-uds-north-grizli-v7.2	50984	3.50000000e+00	1.05124576e+09	5.16891973e-04	4.91694706e-13	5.23283723e+00	1
0	5.00000000e-01	1.65125732e+00	6.27300024e-01	primer-uds-north-grizli-v7.2	50984	5.00000000e+00	5.57690408e+08	7.13546458e-04	1.27946697e-12	5.12423939e+00	1
0	5.00000000e-01	1.65125732e+00	6.27300024e-01	primer-uds-north-grizli-v7.2	50984	6.50000000e+00	3.27163798e+08	1.48996122e-03	4.55417509e-12	4.96874091e+00	1
0	5.00000000e-01	1.65125732e+00	6.27300024e-01	primer-uds-north-grizli-v7.2	50984	8.00000000e+00	2.21295175e+08	3.07261177e-03	1.38846758e-11	4.68060582e+00	1
0	5.00000000e-01	1.65125732e+00	6.27300024e-01	primer-uds-north-grizli-v7.2	50984	9.50000000e+00	1.59884190e+08	4.34811717e-03	2.71954168e-11	4.44863248e+00	1
0	5.00000000e-01	1.65125732e+00	6.27300024e-01	primer-uds-north-grizli-v7.2	50984	1.10000000e+01	1.19604399e+08	5.32986251e-03	4.45624290e-11	4.32974416e+00	1
0	5.00000000e-01	1.65125732e+00	6.27300024e-01	primer-uds-north-grizli-v7.2	50984	1.25000000e+01	8.66304785e+07	5.80691188e-03	6.70308185e-11	4.15734229e+00	1
0	5.00000000e-01	1.65125732e+00	6.27300024e-01	primer-uds-north-grizli-v7.2	50984	1.40000000e+01	6.59606894e+07	5.13256764e-03	7.78125227e-11	4.12843606e+00	1
0	5.00000000e-01	1.65125732e+00	6.27300024e-01	primer-uds-north-grizli-v7.2	50984	1.55000000e+01	5.00491378e+07	5.56172292e-03	1.11125249e-10	3.94659018e+00	1
0	5.00000000e-01	1.65125732e+00	6.27300024e-01	primer-uds-north-grizli-v7.2	50984	1.70000000e+01	3.97262544e+07	8.57054911e-03	2.15740176e-10	3.70352709e+00	1
0	5.00000000e-01	1.65125732e+00	6.27300024e-01	primer-uds-north-grizli-v7.2	50984	1.85000000e+01	3.27168850e+07	9.00234056e-03	2.75158853e-10	3.49408208e+00	1
0	5.00000000e-01	1.65125732e+00	6.27300024e-01	primer-uds-north-grizli-v7.2	50984	2.00000000e+01	2.47222000e+07	8.63059868e-03	3.49103182e-10	3.16625008e+00	1
0	5.00000000e-01	1.65125732e+00	6.27300024e-01	primer-uds-north-grizli-v7.2	50984	2.15000000e+01	1.93149779e+07	1.15775532e-02	5.99408047e-10	2.94309940e+00	1
0	5.00000000e-01	1.65125732e+00	6.27300024e-01	primer-uds-north-grizli-v7.2	50984	2.30000000e+01	1.57180086e+07	1.98378609e-02	1.26211032e-09	2.76690487e+00	1
0	5.00000000e-01	1.65125732e+00	6.27300024e-01	primer-uds-north-grizli-v7.2	50984	2.45000000e+01	1.24091490e+07	2.69874675e-02	2.17480404e-09	2.28000105e+00	1
0	5.00000000e-01	1.65125732e+00	6.27300024e-01	primer-uds-north-grizli-v7.2	50984	2.60000000e+01	1.05827469e+07	9.05287237e-03	8.55436913e-10	2.26239941e+00	1
0	5.00000000e-01	1.65125732e+00	6.27300024e-01	primer-uds-north-grizli-v7.2	50984	2.75000000e+01	9.48824984e+06	6.67331521e-03	7.03324145e-10	2.25299377e+00	1
0	5.00000000e-01	1.65125732e+00	6.27300024e-01	primer-uds-north-grizli-v7.2	50984	2.90000000e+01	nan	nan	nan	nan	1
0	5.00000000e-01	1.65125732e+00	6.27300024e-01	primer-uds-north-grizli-v7.2	50984	3.05000000e+01	nan	nan	nan	nan	1
0	5.00000000e-01	1.65125732e+00	7.79498339e-01	primer-uds-north-grizli-v7.2	57923	5.00000000e-01	1.33242105e+10	3.54372602e-04	2.65961426e-14	5.54753510e+00	1
0	5.00000000e-01	1.65125732e+00	7.79498339e-01	primer-uds-north-grizli-v7.2	57923	2.00000000e+00	3.30491962e+09	6.70014626e-04	2.02732503e-13	4.73198341e+00	1
0	5.00000000e-01	1.65125732e+00	7.79498339e-01	primer-uds-north-grizli-v7.2	57923	3.50000000e+00	9.73561266e+08	8.63260671e-04	8.86704003e-13	4.12394632e+00	1
0	5.00000000e-01	1.65125732e+00	7.79498339e-01	primer-uds-north-grizli-v7.2	57923	5.00000000e+00	5.17048466e+08	1.05104941e-03	2.03278703e-12	4.05308119e+00	1
0	5.00000000e-01	1.65125732e+00	7.79498339e-01	primer-uds-north-grizli-v7.2	57923	6.50000000e+00	2.86654588e+08	1.31305424e-03	4.58061476e-12	4.05335348e+00	1
0	5.00000000e-01	1.65125732e+00	7.79498339e-01	primer-uds-north-grizli-v7.2	57923	8.00000000e+00	1.83871211e+08	1.75893663e-03	9.56613397e-12	3.95406532e+00	1
0	5.00000000e-01	1.65125732e+00	7.79498339e-01	primer-uds-north-grizli-v7.2	57923	9.50000000e+00	1.22911989e+08	2.14913458e-03	1.74851501e-11	3.82930948e+00	1
0	5.00000000e-01	1.65125732e+00	7.79498339e-01	primer-uds-north-grizli-v7.2	57923	1.10000000e+01	9.00406890e+07	2.12681763e-03	2.36206281e-11	3.76975970e+00	1
0	5.00000000e-01	1.65125732e+00	7.79498339e-01	primer-uds-north-grizli-v7.2	57923	1.25000000e+01	6.65414605e+07	2.35940451e-03	3.54576604e-11	3.66690608e+00	1
0	5.00000000e-01	1.65125732e+00	7.79498339e-01	primer-uds-north-grizli-v7.2	57923	1.40000000e+01	5.19048132e+07	2.13965047e-03	4.12225829e-11	3.59290161e+00	1
0	5.00000000e-01	1.65125732e+00	7.79498339e-01	primer-uds-north-grizli-v7.2	57923	1.55000000e+01	3.79149789e+07	2.00812238e-03	5.29638269e-11	3.42447844e+00	1
0	5.00000000e-01	1.65125732e+00	7.79498339e-01	primer-uds-north-grizli-v7.2	57923	1.70000000e+01	2.71244902e+07	2.61157862e-03	9.62812059e-11	3.09430314e+00	1
0	5.00000000e-01	1.65125732e+00	7.79498339e-01	primer-uds-north-grizli-v7.2	57923	1.85000000e+01	2.06605929e+07	2.49641904e-03	1.20829980e-10	2.99874225e+00	1
0	5.00000000e-01	1.65125732e+00	7.79498339e-01	primer-uds-north-grizli-v7.2	57923	2.00000000e+01	1.53900674e+07	2.65231177e-03	1.72339191e-10	2.81213752e+00	1
0	5.00000000e-01	1.65125732e+00	7.79498339e-01	primer-uds-north-grizli-v7.2	57923	2.15000000e+01	1.25014460e+07	3.15203827e-03	2.52133894e-10	2.76520028e+00	1
0	5.00000000e-01	1.65125732e+00	7.79498339e-01	primer-uds-north-grizli-v7.2	57923	2.30000000e+01	9.91937333e+06	3.08883544e-03	3.11394211e-10	2.69828953e+00	1
0	5.00000000e-01	1.65125732e+00	7.79498339e-01	primer-uds-north-grizli-v7.2	57923	2.45000000e+01	7.54531927e+06	6.14212195e-03	8.14030756e-10	2.41945222e+00	1
0	5.00000000e-01	1.65125732e+00	7.79498339e-01	primer-uds-north-grizli-v7.2	57923	2.60000000e+01	5.67972590e+06	7.62102114e-03	1.34179383e-09	1.64918335e+00	1
0	5.00000000e-01	1.65125732e+00	7.79498339e-01	primer-uds-north-grizli-v7.2	57923	2.75000000e+01	4.49414577e+06	8.20259483e-03	1.82517329e-09	1.54760489e+00	1
0	5.00000000e-01	1.65125732e+00	7.79498339e-01	primer-uds-north-grizli-v7.2	57923	2.90000000e+01	nan	nan	nan	nan	1
0	5.00000000e-01	1.65125732e+00	7.79498339e-01	primer-uds-north-grizli-v7.2	57923	3.05000000e+01	nan	nan	nan	nan	1
0	5.00000000e-01	1.65125732e+00	5.17517865e-01	primer-uds-north-grizli-v7.2	63310	5.00000000e-01	1.13558059e+10	1.80084435e-02	1.58583580e-12	4.54625566e+00	1
0	5.00000000e-01	1.65125732e+00	5.17517865e-01	primer-uds-north-grizli-v7.2	63310	2.00000000e+00	2.93080055e+09	1.30174465e-02	4.44160095e-12	3.71692293e+00	1
0	5.00000000e-01	1.65125732e+00	5.17517865e-01	primer-uds-north-grizli-v7.2	63310	3.50000000e+00	7.02891775e+08	1.09166051e-02	1.55309899e-11	2.48283706e+00	1
0	5.00000000e-01	1.65125732e+00	5.17517865e-01	primer-uds-north-grizli-v7.2	63310	5.00000000e+00	3.58816502e+08	5.92198842e-03	1.65042254e-11	2.48283706e+00	1
0	5.00000000e-01	1.65125732e+00	5.17517865e-01	primer-uds-north-grizli-v7.2	63310	6.50000000e+00	2.09324174e+08	3.65799867e-03	1.74752806e-11	2.48283706e+00	1
0	5.00000000e-01	1.65125732e+00	5.17517865e-01	primer-uds-north-grizli-v7.2	63310	8.00000000e+00	1.32602149e+08	2.50918329e-03	1.89226442e-11	2.48283706e+00	1
0	5.00000000e-01	1.65125732e+00	5.17517865e-01	primer-uds-north-grizli-v7.2	63310	9.50000000e+00	8.70968528e+07	1.71768207e-03	1.97215171e-11	2.48283706e+00	1
0	5.00000000e-01	1.65125732e+00	5.17517865e-01	primer-uds-north-grizli-v7.2	63310	1.10000000e+01	6.33801867e+07	1.26656903e-03	1.99836747e-11	2.48283706e+00	1
0	5.00000000e-01	1.65125732e+00	5.17517865e-01	primer-uds-north-grizli-v7.2	63310	1.25000000e+01	4.55749376e+07	9.25575302e-04	2.03088660e-11	2.48283706e+00	1
0	5.00000000e-01	1.65125732e+00	5.17517865e-01	primer-uds-north-grizli-v7.2	63310	1.40000000e+01	3.27631579e+07	6.85568675e-04	2.09249877e-11	2.48283706e+00	1
0	5.00000000e-01	1.65125732e+00	5.17517865e-01	primer-uds-north-grizli-v7.2	63310	1.55000000e+01	2.46792615e+07	5.29988077e-04	2.14750379e-11	2.48283706e+00	1
0	5.00000000e-01	1.65125732e+00	5.17517865e-01	primer-uds-north-grizli-v7.2	63310	1.70000000e+01	1.97657023e+07	4.24257375e-04	2.14643208e-11	2.48283706e+00	1
0	5.00000000e-01	1.65125732e+00	5.17517865e-01	primer-uds-north-grizli-v7.2	63310	1.85000000e+01	1.60591154e+07	3.35196482e-04	2.08726616e-11	2.48283706e+00	1
0	5.00000000e-01	1.65125732e+00	5.17517865e-01	primer-uds-north-grizli-v7.2	63310	2.00000000e+01	1.45721813e+07	3.08816495e-04	2.11921942e-11	2.48283706e+00	1
0	5.00000000e-01	1.65125732e+00	5.17517865e-01	primer-uds-north-grizli-v7.2	63310	2.15000000e+01	1.03344426e+07	1.85155349e-04	1.79163362e-11	2.48283706e+00	1
0	5.00000000e-01	1.65125732e+00	5.17517865e-01	primer-uds-north-grizli-v7.2	63310	2.30000000e+01	8.09475064e+06	1.37807524e-04	1.70243075e-11	2.48283706e+00	1
0	5.00000000e-01	1.65125732e+00	5.17517865e-01	primer-uds-north-grizli-v7.2	63310	2.45000000e+01	7.35455782e+06	1.26298532e-04	1.71728247e-11	2.48283706e+00	1
0	5.00000000e-01	1.65125732e+00	5.17517865e-01	primer-uds-north-grizli-v7.2	63310	2.60000000e+01	nan	nan	nan	nan	1
0	5.00000000e-01	1.65125732e+00	5.17517865e-01	primer-uds-north-grizli-v7.2	63310	2.75000000e+01	nan	nan	nan	nan	1
0	5.00000000e-01	1.65125732e+00	5.17517865e-01	primer-uds-north-grizli-v7.2	63310	2.90000000e+01	nan	nan	nan	nan	1
0	5.00000000e-01	1.65125732e+00	5.17517865e-01	primer-uds-north-grizli-v7.2	63310	3.05000000e+01	nan	nan	nan	nan	1
0	5.00000000e-01	1.65125732e+00	8.90267134e-01	primer-uds-north-grizli-v7.2	71720	5.00000000e-01	1.31892023e+10	1.45801543e-01	1.10546142e-11	4.37607791e+00	1
0	5.00000000e-01	1.65125732e+00	8.90267134e-01	primer-uds-north-grizli-v7.2	71720	2.00000000e+00	3.72684370e+09	7.56129886e-02	2.02887469e-11	4.01796840e+00	1
0	5.00000000e-01	1.65125732e+00	8.90267134e-01	primer-uds-north-grizli-v7.2	71720	3.50000000e+00	1.48031686e+09	5.26443906e-02	3.55629205e-11	3.58845434e+00	1
0	5.00000000e-01	1.65125732e+00	8.90267134e-01	primer-uds-north-grizli-v7.2	71720	5.00000000e+00	8.38939218e+08	3.65777419e-02	4.35999905e-11	3.39574213e+00	1
0	5.00000000e-01	1.65125732e+00	8.90267134e-01	primer-uds-north-grizli-v7.2	71720	6.50000000e+00	4.92459996e+08	2.62037259e-02	5.32098569e-11	3.27844465e+00	1
0	5.00000000e-01	1.65125732e+00	8.90267134e-01	primer-uds-north-grizli-v7.2	71720	8.00000000e+00	3.39616705e+08	2.21535047e-02	6.52309041e-11	3.08212749e+00	1
0	5.00000000e-01	1.65125732e+00	8.90267134e-01	primer-uds-north-grizli-v7.2	71720	9.50000000e+00	2.35626030e+08	2.09984311e-02	8.91176203e-11	2.83989145e+00	1
0	5.00000000e-01	1.65125732e+00	8.90267134e-01	primer-uds-north-grizli-v7.2	71720	1.10000000e+01	1.74489864e+08	1.88388469e-02	1.07965279e-10	2.78550058e+00	1
0	5.00000000e-01	1.65125732e+00	8.90267134e-01	primer-uds-north-grizli-v7.2	71720	1.25000000e+01	1.30673969e+08	1.45848026e-02	1.11612150e-10	2.93618012e+00	1
0	5.00000000e-01	1.65125732e+00	8.90267134e-01	primer-uds-north-grizli-v7.2	71720	1.40000000e+01	9.54344065e+07	1.37407525e-02	1.43981117e-10	2.70066875e+00	1
0	5.00000000e-01	1.65125732e+00	8.90267134e-01	primer-uds-north-grizli-v7.2	71720	1.55000000e+01	7.28625809e+07	9.74918075e-03	1.33802298e-10	2.70701451e+00	1
0	5.00000000e-01	1.65125732e+00	8.90267134e-01	primer-uds-north-grizli-v7.2	71720	1.70000000e+01	6.04396550e+07	1.48803594e-02	2.46201925e-10	2.66762934e+00	1
0	5.00000000e-01	1.65125732e+00	8.90267134e-01	primer-uds-north-grizli-v7.2	71720	1.85000000e+01	5.05090868e+07	1.53215085e-02	3.03341627e-10	2.54094098e+00	1
0	5.00000000e-01	1.65125732e+00	8.90267134e-01	primer-uds-north-grizli-v7.2	71720	2.00000000e+01	4.43781063e+07	9.23228434e-03	2.08036915e-10	2.54944820e+00	1
0	5.00000000e-01	1.65125732e+00	8.90267134e-01	primer-uds-north-grizli-v7.2	71720	2.15000000e+01	3.70757741e+07	7.55859784e-03	2.03868915e-10	2.52245461e+00	1
0	5.00000000e-01	1.65125732e+00	8.90267134e-01	primer-uds-north-grizli-v7.2	71720	2.30000000e+01	3.21970448e+07	4.96653661e-03	1.54254424e-10	2.61887109e+00	1
0	5.00000000e-01	1.65125732e+00	8.90267134e-01	primer-uds-north-grizli-v7.2	71720	2.45000000e+01	3.26729664e+07	7.33381485e-03	2.24461249e-10	2.65065497e+00	1
0	5.00000000e-01	1.65125732e+00	8.90267134e-01	primer-uds-north-grizli-v7.2	71720	2.60000000e+01	2.96515207e+07	5.30193160e-03	1.78808084e-10	2.92667140e+00	1
0	5.00000000e-01	1.65125732e+00	8.90267134e-01	primer-uds-north-grizli-v7.2	71720	2.75000000e+01	2.61302247e+07	7.85118572e-03	3.00463766e-10	3.29027154e+00	1
0	5.00000000e-01	1.65125732e+00	8.90267134e-01	primer-uds-north-grizli-v7.2	71720	2.90000000e+01	2.00564679e+07	1.04143319e-02	5.19250546e-10	3.17654822e+00	1
0	5.00000000e-01	1.65125732e+00	8.90267134e-01	primer-uds-north-grizli-v7.2	71720	3.05000000e+01	1.54043238e+07	2.31037450e-03	1.49982209e-10	3.33834352e+00	1
0	5.00000000e-01	1.65125732e+00	1.00392902e+00	primer-uds-north-grizli-v7.2	71721	5.00000000e-01	1.27181789e+10	2.37898069e-01	1.87053564e-11	3.57051660e+00	1
0	5.00000000e-01	1.65125732e+00	1.00392902e+00	primer-uds-north-grizli-v7.2	71721	2.00000000e+00	3.36101763e+09	7.49628783e-02	2.23036254e-11	3.50596010e+00	1
0	5.00000000e-01	1.65125732e+00	1.00392902e+00	primer-uds-north-grizli-v7.2	71721	3.50000000e+00	1.17684205e+09	3.19889401e-02	2.71820165e-11	3.37829231e+00	1
0	5.00000000e-01	1.65125732e+00	1.00392902e+00	primer-uds-north-grizli-v7.2	71721	5.00000000e+00	7.04044114e+08	2.53383953e-02	3.59897836e-11	3.19732624e+00	1
0	5.00000000e-01	1.65125732e+00	1.00392902e+00	primer-uds-north-grizli-v7.2	71721	6.50000000e+00	4.31254129e+08	2.12930071e-02	4.93746162e-11	3.00291414e+00	1
0	5.00000000e-01	1.65125732e+00	1.00392902e+00	primer-uds-north-grizli-v7.2	71721	8.00000000e+00	2.38379434e+08	1.81010042e-02	7.59335814e-11	2.77456261e+00	1
0	5.00000000e-01	1.65125732e+00	1.00392902e+00	primer-uds-north-grizli-v7.2	71721	9.50000000e+00	1.39367836e+08	3.77840611e-02	2.71110338e-10	2.52326950e+00	1
0	5.00000000e-01	1.65125732e+00	1.00392902e+00	primer-uds-north-grizli-v7.2	71721	1.10000000e+01	9.49489402e+07	2.20934302e-02	2.32687486e-10	2.67704719e+00	1
0	5.00000000e-01	1.65125732e+00	1.00392902e+00	primer-uds-north-grizli-v7.2	71721	1.25000000e+01	6.61050360e+07	1.10712409e-02	1.67479538e-10	2.65335640e+00	1
0	5.00000000e-01	1.65125732e+00	1.00392902e+00	primer-uds-north-grizli-v7.2	71721	1.40000000e+01	4.86131807e+07	1.54266126e-02	3.17333948e-10	2.72859032e+00	1
0	5.00000000e-01	1.65125732e+00	1.00392902e+00	primer-uds-north-grizli-v7.2	71721	1.55000000e+01	3.99720161e+07	1.69884211e-02	4.25007862e-10	3.01740888e+00	1
0	5.00000000e-01	1.65125732e+00	1.00392902e+00	primer-uds-north-grizli-v7.2	71721	1.70000000e+01	3.09904453e+07	9.62426961e-03	3.10556028e-10	3.09920423e+00	1
0	5.00000000e-01	1.65125732e+00	1.00392902e+00	primer-uds-north-grizli-v7.2	71721	1.85000000e+01	2.57366839e+07	6.39688136e-03	2.48551110e-10	3.19047953e+00	1
0	5.00000000e-01	1.65125732e+00	1.00392902e+00	primer-uds-north-grizli-v7.2	71721	2.00000000e+01	2.32630373e+07	2.73708756e-03	1.17658220e-10	3.29700173e+00	1
0	5.00000000e-01	1.65125732e+00	1.00392902e+00	primer-uds-north-grizli-v7.2	71721	2.15000000e+01	2.05873963e+07	2.42265369e-03	1.17676546e-10	3.33476297e+00	1
0	5.00000000e-01	1.65125732e+00	1.00392902e+00	primer-uds-north-grizli-v7.2	71721	2.30000000e+01	1.99418272e+07	2.95351774e-03	1.48106676e-10	3.32523674e+00	1
0	5.00000000e-01	1.65125732e+00	1.00392902e+00	primer-uds-north-grizli-v7.2	71721	2.45000000e+01	1.97537949e+07	4.68738964e-03	2.37290590e-10	3.29302037e+00	1
0	5.00000000e-01	1.65125732e+00	1.00392902e+00	primer-uds-north-grizli-v7.2	71721	2.60000000e+01	1.68735533e+07	2.48669730e-03	1.47372475e-10	3.29749333e+00	1
0	5.00000000e-01	1.65125732e+00	1.00392902e+00	primer-uds-north-grizli-v7.2	71721	2.75000000e+01	1.25283919e+07	4.80343965e-04	3.83404325e-11	3.32350530e+00	1
0	5.00000000e-01	1.65125732e+00	1.00392902e+00	primer-uds-north-grizli-v7.2	71721	2.90000000e+01	nan	nan	nan	nan	1
0	5.00000000e-01	1.65125732e+00	1.00392902e+00	primer-uds-north-grizli-v7.2	71721	3.05000000e+01	nan	nan	nan	nan	1
0	5.00000000e-01	1.65125732e+00	1.00090313e+00	primer-uds-north-grizli-v7.2	73042	5.00000000e-01	1.55580893e+10	4.25860973e-01	2.73723183e-11	3.27762269e+00	1
0	5.00000000e-01	1.65125732e+00	1.00090313e+00	primer-uds-north-grizli-v7.2	73042	2.00000000e+00	4.19484243e+09	1.39105438e-01	3.31610641e-11	3.21937923e+00	1
0	5.00000000e-01	1.65125732e+00	1.00090313e+00	primer-uds-north-grizli-v7.2	73042	3.50000000e+00	1.28878026e+09	5.79734467e-02	4.49831895e-11	3.03872260e+00	1
0	5.00000000e-01	1.65125732e+00	1.00090313e+00	primer-uds-north-grizli-v7.2	73042	5.00000000e+00	6.84827838e+08	3.23213982e-02	4.71963848e-11	3.01647348e+00	1
0	5.00000000e-01	1.65125732e+00	1.00090313e+00	primer-uds-north-grizli-v7.2	73042	6.50000000e+00	3.86993601e+08	2.19632970e-02	5.67536437e-11	2.92641291e+00	1
0	5.00000000e-01	1.65125732e+00	1.00090313e+00	primer-uds-north-grizli-v7.2	73042	8.00000000e+00	2.61223385e+08	1.72738065e-02	6.61265703e-11	2.86180650e+00	1
0	5.00000000e-01	1.65125732e+00	1.00090313e+00	primer-uds-north-grizli-v7.2	73042	9.50000000e+00	1.81085421e+08	1.51580045e-02	8.37063769e-11	2.77811764e+00	1
0	5.00000000e-01	1.65125732e+00	1.00090313e+00	primer-uds-north-grizli-v7.2	73042	1.10000000e+01	1.35383383e+08	1.40119688e-02	1.03498439e-10	2.69263808e+00	1
0	5.00000000e-01	1.65125732e+00	1.00090313e+00	primer-uds-north-grizli-v7.2	73042	1.25000000e+01	9.89146154e+07	1.47701536e-02	1.49322257e-10	2.47114299e+00	1
0	5.00000000e-01	1.65125732e+00	1.00090313e+00	primer-uds-north-grizli-v7.2	73042	1.40000000e+01	7.69919347e+07	1.47820544e-02	1.91994843e-10	2.34865270e+00	1
0	5.00000000e-01	1.65125732e+00	1.00090313e+00	primer-uds-north-grizli-v7.2	73042	1.55000000e+01	6.35979443e+07	1.20378802e-02	1.89280964e-10	2.42078406e+00	1
0	5.00000000e-01	1.65125732e+00	1.00090313e+00	primer-uds-north-grizli-v7.2	73042	1.70000000e+01	5.08176360e+07	1.13485927e-02	2.23319965e-10	2.33872624e+00	1
0	5.00000000e-01	1.65125732e+00	1.00090313e+00	primer-uds-north-grizli-v7.2	73042	1.85000000e+01	4.23306676e+07	1.02488530e-02	2.42114135e-10	2.32004108e+00	1
0	5.00000000e-01	1.65125732e+00	1.00090313e+00	primer-uds-north-grizli-v7.2	73042	2.00000000e+01	3.45941254e+07	1.13214472e-02	3.27265020e-10	2.18693095e+00	1
0	5.00000000e-01	1.65125732e+00	1.00090313e+00	primer-uds-north-grizli-v7.2	73042	2.15000000e+01	2.77406453e+07	1.02111353e-02	3.68092925e-10	2.11189234e+00	1
0	5.00000000e-01	1.65125732e+00	1.00090313e+00	primer-uds-north-grizli-v7.2	73042	2.30000000e+01	2.31749208e+07	9.87909004e-03	4.26283659e-10	2.03437894e+00	1
0	5.00000000e-01	1.65125732e+00	1.00090313e+00	primer-uds-north-grizli-v7.2	73042	2.45000000e+01	1.88250573e+07	1.19244024e-02	6.33432465e-10	1.98807263e+00	1
0	5.00000000e-01	1.65125732e+00	1.00090313e+00	primer-uds-north-grizli-v7.2	73042	2.60000000e+01	1.49992455e+07	1.33197062e-02	8.88025085e-10	1.81290832e+00	1
0	5.00000000e-01	1.65125732e+00	1.00090313e+00	primer-uds-north-grizli-v7.2	73042	2.75000000e+01	1.22389541e+07	1.78841789e-02	1.46125058e-09	1.54696282e+00	1
0	5.00000000e-01	1.65125732e+00	1.00090313e+00	primer-uds-north-grizli-v7.2	73042	2.90000000e+01	1.09511837e+07	2.23316057e-02	2.03919561e-09	1.47833298e+00	1
0	5.00000000e-01	1.65125732e+00	1.00090313e+00	primer-uds-north-grizli-v7.2	73042	3.05000000e+01	8.56983022e+06	1.49416691e-02	1.74351985e-09	1.38679777e+00	1
0	5.00000000e-01	1.65125732e+00	1.62696493e+00	primer-uds-south-grizli-v7.2	2028	5.00000000e-01	2.02569609e+10	9.52836070e+00	4.70374639e-10	9.74323849e-01	1
0	5.00000000e-01	1.65125732e+00	1.62696493e+00	primer-uds-south-grizli-v7.2	2028	2.00000000e+00	4.09965764e+09	3.04875668e+00	7.43661288e-10	7.97040652e-01	1
0	5.00000000e-01	1.65125732e+00	1.62696493e+00	primer-uds-south-grizli-v7.2	2028	3.50000000e+00	8.79171746e+08	8.21350394e-01	9.34232017e-10	8.04892941e-01	1
0	5.00000000e-01	1.65125732e+00	1.62696493e+00	primer-uds-south-grizli-v7.2	2028	5.00000000e+00	3.51374471e+08	2.76193324e-01	7.86036969e-10	8.74655771e-01	1
0	5.00000000e-01	1.65125732e+00	1.62696493e+00	primer-uds-south-grizli-v7.2	2028	6.50000000e+00	1.21216778e+08	1.31401335e-01	1.08401936e-09	7.65522574e-01	1
0	5.00000000e-01	1.65125732e+00	1.62696493e+00	primer-uds-south-grizli-v7.2	2028	8.00000000e+00	5.93237279e+07	9.43410885e-02	1.59027579e-09	6.76597975e-01	1
0	5.00000000e-01	1.65125732e+00	1.62696493e+00	primer-uds-south-grizli-v7.2	2028	9.50000000e+00	3.22098890e+07	8.31522662e-02	2.58157568e-09	5.89283373e-01	1
0	5.00000000e-01	1.65125732e+00	1.62696493e+00	primer-uds-south-grizli-v7.2	2028	1.10000000e+01	1.91948427e+07	7.78111667e-02	4.05375381e-09	5.37685097e-01	1
0	5.00000000e-01	1.65125732e+00	1.62696493e+00	primer-uds-south-grizli-v7.2	2028	1.25000000e+01	1.26887991e+07	4.29588391e-02	3.38557169e-09	4.79111964e-01	1
0	5.00000000e-01	1.65125732e+00	1.62696493e+00	primer-uds-south-grizli-v7.2	2028	1.40000000e+01	1.00701404e+07	6.03440631e-02	5.99237553e-09	4.37682697e-01	1
0	5.00000000e-01	1.65125732e+00	1.62696493e+00	primer-uds-south-grizli-v7.2	2028	1.55000000e+01	9.06628160e+06	7.86531489e-02	8.67534811e-09	4.29688545e-01	1
0	5.00000000e-01	1.65125732e+00	1.62696493e+00	primer-uds-south-grizli-v7.2	2028	1.70000000e+01	7.74373158e+06	3.47611335e-02	4.48893833e-09	4.31282333e-01	1
0	5.00000000e-01	1.65125732e+00	1.62696493e+00	primer-uds-south-grizli-v7.2	2028	1.85000000e+01	8.09247447e+06	4.60614852e-02	5.69189132e-09	3.62298365e-01	1
0	5.00000000e-01	1.65125732e+00	1.62696493e+00	primer-uds-south-grizli-v7.2	2028	2.00000000e+01	nan	nan	nan	nan	1
0	5.00000000e-01	1.65125732e+00	1.62696493e+00	primer-uds-south-grizli-v7.2	2028	2.15000000e+01	nan	nan	nan	nan	1
0	5.00000000e-01	1.65125732e+00	1.62696493e+00	primer-uds-south-grizli-v7.2	2028	2.30000000e+01	nan	nan	nan	nan	1
0	5.00000000e-01	1.65125732e+00	1.62696493e+00	primer-uds-south-grizli-v7.2	2028	2.45000000e+01	nan	nan	nan	nan	1
0	5.00000000e-01	1.65125732e+00	1.62696493e+00	primer-uds-south-grizli-v7.2	2028	2.60000000e+01	nan	nan	nan	nan	1
0	5.00000000e-01	1.65125732e+00	1.62696493e+00	primer-uds-south-grizli-v7.2	2028	2.75000000e+01	nan	nan	nan	nan	1
0	5.00000000e-01	1.65125732e+00	1.62696493e+00	primer-uds-south-grizli-v7.2	2028	2.90000000e+01	nan	nan	nan	nan	1
0	5.00000000e-01	1.65125732e+00	1.62696493e+00	primer-uds-south-grizli-v7.2	2028	3.05000000e+01	nan	nan	nan	nan	1
0	5.00000000e-01	1.65125732e+00	6.40469313e-01	primer-uds-south-grizli-v7.2	5834	5.00000000e-01	6.78655920e+09	1.32570062e+00	1.95342084e-10	3.10370049e+00	1
0	5.00000000e-01	1.65125732e+00	6.40469313e-01	primer-uds-south-grizli-v7.2	5834	2.00000000e+00	2.20412406e+09	3.83955780e-01	1.74198806e-10	3.23394326e+00	1
0	5.00000000e-01	1.65125732e+00	6.40469313e-01	primer-uds-south-grizli-v7.2	5834	3.50000000e+00	8.17364925e+08	1.46730568e-01	1.79516595e-10	3.18049540e+00	1
0	5.00000000e-01	1.65125732e+00	6.40469313e-01	primer-uds-south-grizli-v7.2	5834	5.00000000e+00	4.50583171e+08	8.26633905e-02	1.83458673e-10	3.17086604e+00	1
0	5.00000000e-01	1.65125732e+00	6.40469313e-01	primer-uds-south-grizli-v7.2	5834	6.50000000e+00	2.77687362e+08	5.07532650e-02	1.82771245e-10	3.17420881e+00	1
0	5.00000000e-01	1.65125732e+00	6.40469313e-01	primer-uds-south-grizli-v7.2	5834	8.00000000e+00	1.86798429e+08	3.63232154e-02	1.94451397e-10	3.07601947e+00	1
0	5.00000000e-01	1.65125732e+00	6.40469313e-01	primer-uds-south-grizli-v7.2	5834	9.50000000e+00	1.29173644e+08	2.60897341e-02	2.01974127e-10	3.04955345e+00	1
0	5.00000000e-01	1.65125732e+00	6.40469313e-01	primer-uds-south-grizli-v7.2	5834	1.10000000e+01	9.36253570e+07	2.07047472e-02	2.21144654e-10	2.93307040e+00	1
0	5.00000000e-01	1.65125732e+00	6.40469313e-01	primer-uds-south-grizli-v7.2	5834	1.25000000e+01	7.05934043e+07	1.71569190e-02	2.43038556e-10	2.87764057e+00	1
0	5.00000000e-01	1.65125732e+00	6.40469313e-01	primer-uds-south-grizli-v7.2	5834	1.40000000e+01	5.56835088e+07	1.38957325e-02	2.49548435e-10	2.88124166e+00	1
0	5.00000000e-01	1.65125732e+00	6.40469313e-01	primer-uds-south-grizli-v7.2	5834	1.55000000e+01	4.57992376e+07	1.03119093e-02	2.25154606e-10	3.05850760e+00	1
0	5.00000000e-01	1.65125732e+00	6.40469313e-01	primer-uds-south-grizli-v7.2	5834	1.70000000e+01	3.93166437e+07	8.12113890e-03	2.06557278e-10	3.23238159e+00	1
0	5.00000000e-01	1.65125732e+00	6.40469313e-01	primer-uds-south-grizli-v7.2	5834	1.85000000e+01	3.26008463e+07	7.35842774e-03	2.25712783e-10	3.17597551e+00	1
0	5.00000000e-01	1.65125732e+00	6.40469313e-01	primer-uds-south-grizli-v7.2	5834	2.00000000e+01	2.62245876e+07	6.82828925e-03	2.60377374e-10	3.04880256e+00	1
0	5.00000000e-01	1.65125732e+00	6.40469313e-01	primer-uds-south-grizli-v7.2	5834	2.15000000e+01	2.23346401e+07	6.35412738e-03	2.84496519e-10	3.08723001e+00	1
0	5.00000000e-01	1.65125732e+00	6.40469313e-01	primer-uds-south-grizli-v7.2	5834	2.30000000e+01	1.80575432e+07	4.56973391e-03	2.53065096e-10	3.09761833e+00	1
0	5.00000000e-01	1.65125732e+00	6.40469313e-01	primer-uds-south-grizli-v7.2	5834	2.45000000e+01	1.40602245e+07	3.69705862e-03	2.62944494e-10	2.89656012e+00	1
0	5.00000000e-01	1.65125732e+00	6.40469313e-01	primer-uds-south-grizli-v7.2	5834	2.60000000e+01	1.21814617e+07	3.85161936e-03	3.16186962e-10	2.67621660e+00	1
0	5.00000000e-01	1.65125732e+00	6.40469313e-01	primer-uds-south-grizli-v7.2	5834	2.75000000e+01	1.04220737e+07	4.64952139e-03	4.46122484e-10	2.67708119e+00	1
0	5.00000000e-01	1.65125732e+00	6.40469313e-01	primer-uds-south-grizli-v7.2	5834	2.90000000e+01	nan	nan	nan	nan	1
0	5.00000000e-01	1.65125732e+00	6.40469313e-01	primer-uds-south-grizli-v7.2	5834	3.05000000e+01	nan	nan	nan	nan	1
0	5.00000000e-01	1.65125732e+00	6.42019510e-01	primer-uds-south-grizli-v7.2	13760	5.00000000e-01	6.84591193e+09	1.14154618e+01	1.66748593e-09	1.37302176e+00	1
0	5.00000000e-01	1.65125732e+00	6.42019510e-01	primer-uds-south-grizli-v7.2	13760	2.00000000e+00	2.25099210e+09	3.09092014e+00	1.37313682e-09	1.45443809e+00	1
0	5.00000000e-01	1.65125732e+00	6.42019510e-01	primer-uds-south-grizli-v7.2	13760	3.50000000e+00	7.77810849e+08	8.97492112e-01	1.15386937e-09	1.27822015e+00	1
0	5.00000000e-01	1.65125732e+00	6.42019510e-01	primer-uds-south-grizli-v7.2	13760	5.00000000e+00	4.35507419e+08	4.66997280e-01	1.07230614e-09	1.24030856e+00	1
0	5.00000000e-01	1.65125732e+00	6.42019510e-01	primer-uds-south-grizli-v7.2	13760	6.50000000e+00	2.72707376e+08	2.92388735e-01	1.07217025e-09	1.19300338e+00	1
0	5.00000000e-01	1.65125732e+00	6.42019510e-01	primer-uds-south-grizli-v7.2	13760	8.00000000e+00	1.96609768e+08	2.17354138e-01	1.10551038e-09	1.15213288e+00	1
0	5.00000000e-01	1.65125732e+00	6.42019510e-01	primer-uds-south-grizli-v7.2	13760	9.50000000e+00	1.44185994e+08	1.63223769e-01	1.13203623e-09	1.12756934e+00	1
0	5.00000000e-01	1.65125732e+00	6.42019510e-01	primer-uds-south-grizli-v7.2	13760	1.10000000e+01	1.07489860e+08	1.21784031e-01	1.13298158e-09	1.11459251e+00	1
0	5.00000000e-01	1.65125732e+00	6.42019510e-01	primer-uds-south-grizli-v7.2	13760	1.25000000e+01	7.86303161e+07	8.89696267e-02	1.13149267e-09	1.10052616e+00	1
0	5.00000000e-01	1.65125732e+00	6.42019510e-01	primer-uds-south-grizli-v7.2	13760	1.40000000e+01	5.67940265e+07	6.59291531e-02	1.16084661e-09	1.05770175e+00	1
0	5.00000000e-01	1.65125732e+00	6.42019510e-01	primer-uds-south-grizli-v7.2	13760	1.55000000e+01	4.15305907e+07	4.77750515e-02	1.15035810e-09	1.03944417e+00	1
0	5.00000000e-01	1.65125732e+00	6.42019510e-01	primer-uds-south-grizli-v7.2	13760	1.70000000e+01	3.32359823e+07	3.73826090e-02	1.12476318e-09	1.07241130e+00	1
0	5.00000000e-01	1.65125732e+00	6.42019510e-01	primer-uds-south-grizli-v7.2	13760	1.85000000e+01	2.78395005e+07	3.11293922e-02	1.11817351e-09	1.10549766e+00	1
0	5.00000000e-01	1.65125732e+00	6.42019510e-01	primer-uds-south-grizli-v7.2	13760	2.00000000e+01	2.45645281e+07	2.72024036e-02	1.10738555e-09	1.15406143e+00	1
0	5.00000000e-01	1.65125732e+00	6.42019510e-01	primer-uds-south-grizli-v7.2	13760	2.15000000e+01	1.64537925e+07	1.78311748e-02	1.08371215e-09	1.16601904e+00	1
0	5.00000000e-01	1.65125732e+00	6.42019510e-01	primer-uds-south-grizli-v7.2	13760	2.30000000e+01	1.17099331e+07	1.07112131e-02	9.14711724e-10	1.26259127e+00	1
0	5.00000000e-01	1.65125732e+00	6.42019510e-01	primer-uds-south-grizli-v7.2	13760	2.45000000e+01	1.01826530e+07	8.69975138e-03	8.54369818e-10	1.44240315e+00	1
0	5.00000000e-01	1.65125732e+00	6.42019510e-01	primer-uds-south-grizli-v7.2	13760	2.60000000e+01	8.31267569e+06	1.00949765e-02	1.21440759e-09	1.42714591e+00	1
0	5.00000000e-01	1.65125732e+00	6.42019510e-01	primer-uds-south-grizli-v7.2	13760	2.75000000e+01	5.72118403e+06	1.67344781e-02	2.92500259e-09	1.23542321e+00	1
0	5.00000000e-01	1.65125732e+00	6.42019510e-01	primer-uds-south-grizli-v7.2	13760	2.90000000e+01	nan	nan	nan	nan	1
0	5.00000000e-01	1.65125732e+00	6.42019510e-01	primer-uds-south-grizli-v7.2	13760	3.05000000e+01	nan	nan	nan	nan	1
0	5.00000000e-01	1.65125732e+00	6.40483737e-01	primer-uds-south-grizli-v7.2	16431	5.00000000e-01	7.61688167e+09	1.87884019e+00	2.46667898e-10	3.28215222e+00	1
0	5.00000000e-01	1.65125732e+00	6.40483737e-01	primer-uds-south-grizli-v7.2	16431	2.00000000e+00	2.19161338e+09	4.69507047e-01	2.14228956e-10	3.29623191e+00	1
0	5.00000000e-01	1.65125732e+00	6.40483737e-01	primer-uds-south-grizli-v7.2	16431	3.50000000e+00	7.55152958e+08	1.67384947e-01	2.21657010e-10	3.16097396e+00	1
0	5.00000000e-01	1.65125732e+00	6.40483737e-01	primer-uds-south-grizli-v7.2	16431	5.00000000e+00	4.09803398e+08	9.51750549e-02	2.32245646e-10	3.05356868e+00	1
0	5.00000000e-01	1.65125732e+00	6.40483737e-01	primer-uds-south-grizli-v7.2	16431	6.50000000e+00	2.31658121e+08	5.57186502e-02	2.40521031e-10	2.90354192e+00	1
0	5.00000000e-01	1.65125732e+00	6.40483737e-01	primer-uds-south-grizli-v7.2	16431	8.00000000e+00	1.42291131e+08	3.64382889e-02	2.56082642e-10	2.73719466e+00	1
0	5.00000000e-01	1.65125732e+00	6.40483737e-01	primer-uds-south-grizli-v7.2	16431	9.50000000e+00	9.47273678e+07	2.67182467e-02	2.82054145e-10	2.53535815e+00	1
0	5.00000000e-01	1.65125732e+00	6.40483737e-01	primer-uds-south-grizli-v7.2	16431	1.10000000e+01	6.63948560e+07	1.96579309e-02	2.96076113e-10	2.37202766e+00	1
0	5.00000000e-01	1.65125732e+00	6.40483737e-01	primer-uds-south-grizli-v7.2	16431	1.25000000e+01	4.70050138e+07	1.50872756e-02	3.20971624e-10	2.18045137e+00	1
0	5.00000000e-01	1.65125732e+00	6.40483737e-01	primer-uds-south-grizli-v7.2	16431	1.40000000e+01	3.36720619e+07	1.13901500e-02	3.38267079e-10	2.06814666e+00	1
0	5.00000000e-01	1.65125732e+00	6.40483737e-01	primer-uds-south-grizli-v7.2	16431	1.55000000e+01	2.57972258e+07	9.99402670e-03	3.87407033e-10	2.06175723e+00	1
0	5.00000000e-01	1.65125732e+00	6.40483737e-01	primer-uds-south-grizli-v7.2	16431	1.70000000e+01	2.35164615e+07	9.74608100e-03	4.14436543e-10	2.14449715e+00	1
0	5.00000000e-01	1.65125732e+00	6.40483737e-01	primer-uds-south-grizli-v7.2	16431	1.85000000e+01	1.66177195e+07	7.48434143e-03	4.50383184e-10	2.14518758e+00	1
0	5.00000000e-01	1.65125732e+00	6.40483737e-01	primer-uds-south-grizli-v7.2	16431	2.00000000e+01	1.23381570e+07	6.88222096e-03	5.57799755e-10	2.11764547e+00	1
0	5.00000000e-01	1.65125732e+00	6.40483737e-01	primer-uds-south-grizli-v7.2	16431	2.15000000e+01	8.03497278e+06	3.61446695e-03	4.49841841e-10	2.22625102e+00	1
0	5.00000000e-01	1.65125732e+00	6.40483737e-01	primer-uds-south-grizli-v7.2	16431	2.30000000e+01	7.46135301e+06	2.42798408e-03	3.25408017e-10	2.88967146e+00	1
0	5.00000000e-01	1.65125732e+00	6.40483737e-01	primer-uds-south-grizli-v7.2	16431	2.45000000e+01	nan	nan	nan	nan	1
0	5.00000000e-01	1.65125732e+00	6.40483737e-01	primer-uds-south-grizli-v7.2	16431	2.60000000e+01	nan	nan	nan	nan	1
0	5.00000000e-01	1.65125732e+00	6.40483737e-01	primer-uds-south-grizli-v7.2	16431	2.75000000e+01	nan	nan	nan	nan	1
0	5.00000000e-01	1.65125732e+00	6.40483737e-01	primer-uds-south-grizli-v7.2	16431	2.90000000e+01	nan	nan	nan	nan	1
0	5.00000000e-01	1.65125732e+00	6.40483737e-01	primer-uds-south-grizli-v7.2	16431	3.05000000e+01	nan	nan	nan	nan	1
0	5.00000000e-01	1.65125732e+00	7.14304328e-01	primer-uds-south-grizli-v7.2	23399	5.00000000e-01	1.28143033e+10	8.00729534e-02	6.24871686e-12	4.25224212e+00	1
0	5.00000000e-01	1.65125732e+00	7.14304328e-01	primer-uds-south-grizli-v7.2	23399	2.00000000e+00	3.40698140e+09	2.08676408e-01	6.12496469e-11	3.14199605e+00	1
0	5.00000000e-01	1.65125732e+00	7.14304328e-01	primer-uds-south-grizli-v7.2	23399	3.50000000e+00	8.76364458e+08	1.64847192e-01	1.88103466e-10	2.46444751e+00	1
0	5.00000000e-01	1.65125732e+00	7.14304328e-01	primer-uds-south-grizli-v7.2	23399	5.00000000e+00	3.90437880e+08	1.02410305e-01	2.62296029e-10	2.10005727e+00	1
0	5.00000000e-01	1.65125732e+00	7.14304328e-01	primer-uds-south-grizli-v7.2	23399	6.50000000e+00	1.85690137e+08	6.38435601e-02	3.43817722e-10	1.89852685e+00	1
0	5.00000000e-01	1.65125732e+00	7.14304328e-01	primer-uds-south-grizli-v7.2	23399	8.00000000e+00	1.15785034e+08	3.87891625e-02	3.35010159e-10	1.92537416e+00	1
0	5.00000000e-01	1.65125732e+00	7.14304328e-01	primer-uds-south-grizli-v7.2	23399	9.50000000e+00	7.21792046e+07	1.90462957e-02	2.63875112e-10	1.89863730e+00	1
0	5.00000000e-01	1.65125732e+00	7.14304328e-01	primer-uds-south-grizli-v7.2	23399	1.10000000e+01	4.67177900e+07	1.19616780e-02	2.56041178e-10	1.86257655e+00	1
0	5.00000000e-01	1.65125732e+00	7.14304328e-01	primer-uds-south-grizli-v7.2	23399	1.25000000e+01	2.91433952e+07	8.49578829e-03	2.91516764e-10	1.78342064e+00	1
0	5.00000000e-01	1.65125732e+00	7.14304328e-01	primer-uds-south-grizli-v7.2	23399	1.40000000e+01	1.84911947e+07	8.27606743e-03	4.47568021e-10	1.65156754e+00	1
0	5.00000000e-01	1.65125732e+00	7.14304328e-01	primer-uds-south-grizli-v7.2	23399	1.55000000e+01	1.12767739e+07	6.42223403e-03	5.69509868e-10	1.50084151e+00	1
0	5.00000000e-01	1.65125732e+00	7.14304328e-01	primer-uds-south-grizli-v7.2	23399	1.70000000e+01	7.38371501e+06	6.88632595e-03	9.32637019e-10	1.31147130e+00	1
0	5.00000000e-01	1.65125732e+00	7.14304328e-01	primer-uds-south-grizli-v7.2	23399	1.85000000e+01	5.82943429e+06	7.66629485e-03	1.31510100e-09	1.18393829e+00	1
0	5.00000000e-01	1.65125732e+00	7.14304328e-01	primer-uds-south-grizli-v7.2	23399	2.00000000e+01	5.32085698e+06	9.95662404e-03	1.87124444e-09	1.18076279e+00	1
0	5.00000000e-01	1.65125732e+00	7.14304328e-01	primer-uds-south-grizli-v7.2	23399	2.15000000e+01	6.13573065e+06	1.82070241e-02	2.96737668e-09	1.08922949e+00	1
0	5.00000000e-01	1.65125732e+00	7.14304328e-01	primer-uds-south-grizli-v7.2	23399	2.30000000e+01	1.05329484e+07	3.83018348e-02	3.63638304e-09	8.27386397e-01	1
0	5.00000000e-01	1.65125732e+00	7.14304328e-01	primer-uds-south-grizli-v7.2	23399	2.45000000e+01	7.47869088e+06	2.67987034e-02	3.58334151e-09	5.06658359e-01	1
0	5.00000000e-01	1.65125732e+00	7.14304328e-01	primer-uds-south-grizli-v7.2	23399	2.60000000e+01	4.75470442e+06	2.34431253e-02	4.93051160e-09	4.98154651e-01	1
0	5.00000000e-01	1.65125732e+00	7.14304328e-01	primer-uds-south-grizli-v7.2	23399	2.75000000e+01	2.72586147e+06	1.65184148e-02	6.05988785e-09	3.68336432e-01	1
0	5.00000000e-01	1.65125732e+00	7.14304328e-01	primer-uds-south-grizli-v7.2	23399	2.90000000e+01	nan	nan	nan	nan	1
0	5.00000000e-01	1.65125732e+00	7.14304328e-01	primer-uds-south-grizli-v7.2	23399	3.05000000e+01	nan	nan	nan	nan	1
0	5.00000000e-01	1.65125732e+00	1.45599997e+00	primer-uds-south-grizli-v7.2	28847	5.00000000e-01	2.14748778e+10	1.81658299e-03	8.45910742e-14	2.85554782e+00	1
0	5.00000000e-01	1.65125732e+00	1.45599997e+00	primer-uds-south-grizli-v7.2	28847	2.00000000e+00	6.92772671e+09	6.49458773e-03	9.37477473e-13	2.60245395e+00	1
0	5.00000000e-01	1.65125732e+00	1.45599997e+00	primer-uds-south-grizli-v7.2	28847	3.50000000e+00	1.55882399e+09	3.48685403e-02	2.23684909e-11	1.98693144e+00	1
0	5.00000000e-01	1.65125732e+00	1.45599997e+00	primer-uds-south-grizli-v7.2	28847	5.00000000e+00	5.87357751e+08	6.56559797e-02	1.11781924e-10	1.60501244e+00	1
0	5.00000000e-01	1.65125732e+00	1.45599997e+00	primer-uds-south-grizli-v7.2	28847	6.50000000e+00	2.42841111e+08	6.31188099e-02	2.59918140e-10	1.33377471e+00	1
0	5.00000000e-01	1.65125732e+00	1.45599997e+00	primer-uds-south-grizli-v7.2	28847	8.00000000e+00	1.32396228e+08	5.21019255e-02	3.93530286e-10	1.19998741e+00	1
0	5.00000000e-01	1.65125732e+00	1.45599997e+00	primer-uds-south-grizli-v7.2	28847	9.50000000e+00	7.75561618e+07	4.25089502e-02	5.48105388e-10	1.13492777e+00	1
0	5.00000000e-01	1.65125732e+00	1.45599997e+00	primer-uds-south-grizli-v7.2	28847	1.10000000e+01	5.16042167e+07	3.21174525e-02	6.22380390e-10	1.11837320e+00	1
0	5.00000000e-01	1.65125732e+00	1.45599997e+00	primer-uds-south-grizli-v7.2	28847	1.25000000e+01	3.48845567e+07	2.60843983e-02	7.47734836e-10	1.11540113e+00	1
0	5.00000000e-01	1.65125732e+00	1.45599997e+00	primer-uds-south-grizli-v7.2	28847	1.40000000e+01	2.87063192e+07	1.90114055e-02	6.62272490e-10	1.23412487e+00	1
0	5.00000000e-01	1.65125732e+00	1.45599997e+00	primer-uds-south-grizli-v7.2	28847	1.55000000e+01	2.09573998e+07	1.55964210e-02	7.44196376e-10	1.25281123e+00	1
0	5.00000000e-01	1.65125732e+00	1.45599997e+00	primer-uds-south-grizli-v7.2	28847	1.70000000e+01	1.60008679e+07	1.24305323e-02	7.76866132e-10	1.19374231e+00	1
0	5.00000000e-01	1.65125732e+00	1.45599997e+00	primer-uds-south-grizli-v7.2	28847	1.85000000e+01	1.32132692e+07	1.05056650e-02	7.95084459e-10	1.12403494e+00	1
0	5.00000000e-01	1.65125732e+00	1.45599997e+00	primer-uds-south-grizli-v7.2	28847	2.00000000e+01	1.17358228e+07	1.38840246e-02	1.18304655e-09	1.11085893e+00	1
0	5.00000000e-01	1.65125732e+00	1.45599997e+00	primer-uds-south-grizli-v7.2	28847	2.15000000e+01	1.15583926e+07	1.08573093e-02	9.39344225e-10	1.11107207e+00	1
0	5.00000000e-01	1.65125732e+00	1.45599997e+00	primer-uds-south-grizli-v7.2	28847	2.30000000e+01	1.03514394e+07	1.17520588e-02	1.13530672e-09	1.09211984e+00	1
0	5.00000000e-01	1.65125732e+00	1.45599997e+00	primer-uds-south-grizli-v7.2	28847	2.45000000e+01	1.00045880e+07	8.69102469e-03	8.68703905e-10	1.20071857e+00	1
0	5.00000000e-01	1.65125732e+00	1.45599997e+00	primer-uds-south-grizli-v7.2	28847	2.60000000e+01	1.09775088e+07	8.66722758e-03	7.89544126e-10	1.21695415e+00	1
0	5.00000000e-01	1.65125732e+00	1.45599997e+00	primer-uds-south-grizli-v7.2	28847	2.75000000e+01	1.19803270e+07	5.65979898e-03	4.72424416e-10	1.28506938e+00	1
0	5.00000000e-01	1.65125732e+00	1.45599997e+00	primer-uds-south-grizli-v7.2	28847	2.90000000e+01	1.51255152e+07	5.34823688e-03	3.53590395e-10	1.24305666e+00	1
0	5.00000000e-01	1.65125732e+00	1.45599997e+00	primer-uds-south-grizli-v7.2	28847	3.05000000e+01	1.53948283e+07	9.74776961e-03	6.33184692e-10	1.03871964e+00	1
0	5.00000000e-01	1.65125732e+00	7.51222730e-01	primer-uds-south-grizli-v7.2	33854	5.00000000e-01	1.26923387e+10	9.88774179e-04	7.79032300e-14	5.75509494e+00	1
0	5.00000000e-01	1.65125732e+00	7.51222730e-01	primer-uds-south-grizli-v7.2	33854	2.00000000e+00	2.69740951e+09	6.43563658e-03	2.38585819e-12	4.88753714e+00	1
0	5.00000000e-01	1.65125732e+00	7.51222730e-01	primer-uds-south-grizli-v7.2	33854	3.50000000e+00	7.52502270e+08	5.74059505e-03	7.62867472e-12	4.35124732e+00	1
0	5.00000000e-01	1.65125732e+00	7.51222730e-01	primer-uds-south-grizli-v7.2	33854	5.00000000e+00	4.00791183e+08	1.05470409e-02	2.63155511e-11	4.05900113e+00	1
0	5.00000000e-01	1.65125732e+00	7.51222730e-01	primer-uds-south-grizli-v7.2	33854	6.50000000e+00	2.21338182e+08	3.60773072e-03	1.62996311e-11	4.23854091e+00	1
0	5.00000000e-01	1.65125732e+00	7.51222730e-01	primer-uds-south-grizli-v7.2	33854	8.00000000e+00	1.34186408e+08	1.56945026e-03	1.16960450e-11	4.38652240e+00	1
0	5.00000000e-01	1.65125732e+00	7.51222730e-01	primer-uds-south-grizli-v7.2	33854	9.50000000e+00	7.85343717e+07	1.66626358e-03	2.12169977e-11	4.24413986e+00	1
0	5.00000000e-01	1.65125732e+00	7.51222730e-01	primer-uds-south-grizli-v7.2	33854	1.10000000e+01	4.81061604e+07	1.66540489e-03	3.46193683e-11	3.81984003e+00	1
0	5.00000000e-01	1.65125732e+00	7.51222730e-01	primer-uds-south-grizli-v7.2	33854	1.25000000e+01	3.08576605e+07	2.26042667e-03	7.32533391e-11	3.48484204e+00	1
0	5.00000000e-01	1.65125732e+00	7.51222730e-01	primer-uds-south-grizli-v7.2	33854	1.40000000e+01	2.46351155e+07	2.34124966e-03	9.50370889e-11	3.35807186e+00	1
0	5.00000000e-01	1.65125732e+00	7.51222730e-01	primer-uds-south-grizli-v7.2	33854	1.55000000e+01	2.18019903e+07	3.72030377e-03	1.70640557e-10	3.10480632e+00	1
0	5.00000000e-01	1.65125732e+00	7.51222730e-01	primer-uds-south-grizli-v7.2	33854	1.70000000e+01	1.46419259e+07	3.32056095e-03	2.26784439e-10	3.00857417e+00	1
0	5.00000000e-01	1.65125732e+00	7.51222730e-01	primer-uds-south-grizli-v7.2	33854	1.85000000e+01	1.12760099e+07	8.16025609e-04	7.23682946e-11	3.30338324e+00	1
0	5.00000000e-01	1.65125732e+00	7.51222730e-01	primer-uds-south-grizli-v7.2	33854	2.00000000e+01	1.00896734e+07	5.59422377e-04	5.54450433e-11	3.44551753e+00	1
0	5.00000000e-01	1.65125732e+00	7.51222730e-01	primer-uds-south-grizli-v7.2	33854	2.15000000e+01	8.28233829e+06	6.00120091e-04	7.24578097e-11	3.50045453e+00	1
0	5.00000000e-01	1.65125732e+00	7.51222730e-01	primer-uds-south-grizli-v7.2	33854	2.30000000e+01	nan	nan	nan	nan	1
0	5.00000000e-01	1.65125732e+00	7.51222730e-01	primer-uds-south-grizli-v7.2	33854	2.45000000e+01	nan	nan	nan	nan	1
0	5.00000000e-01	1.65125732e+00	7.51222730e-01	primer-uds-south-grizli-v7.2	33854	2.60000000e+01	nan	nan	nan	nan	1
0	5.00000000e-01	1.65125732e+00	7.51222730e-01	primer-uds-south-grizli-v7.2	33854	2.75000000e+01	nan	nan	nan	nan	1
0	5.00000000e-01	1.65125732e+00	7.51222730e-01	primer-uds-south-grizli-v7.2	33854	2.90000000e+01	nan	nan	nan	nan	1
0	5.00000000e-01	1.65125732e+00	7.51222730e-01	primer-uds-south-grizli-v7.2	33854	3.05000000e+01	nan	nan	nan	nan	1
0	5.00000000e-01	1.65125732e+00	6.02999985e-01	primer-uds-south-grizli-v7.2	34507	5.00000000e-01	1.79026467e+10	2.08400455e-03	1.16407623e-13	5.81995648e+00	1
0	5.00000000e-01	1.65125732e+00	6.02999985e-01	primer-uds-south-grizli-v7.2	34507	2.00000000e+00	4.85533034e+09	1.53360245e-02	3.15859549e-12	4.62520808e+00	1
0	5.00000000e-01	1.65125732e+00	6.02999985e-01	primer-uds-south-grizli-v7.2	34507	3.50000000e+00	1.12798981e+09	3.28971079e-02	2.91643662e-11	3.50549333e+00	1
0	5.00000000e-01	1.65125732e+00	6.02999985e-01	primer-uds-south-grizli-v7.2	34507	5.00000000e+00	4.80212337e+08	2.17853012e-02	4.53659756e-11	3.25134781e+00	1
0	5.00000000e-01	1.65125732e+00	6.02999985e-01	primer-uds-south-grizli-v7.2	34507	6.50000000e+00	2.48653411e+08	1.38924237e-02	5.58706337e-11	3.18332543e+00	1
0	5.00000000e-01	1.65125732e+00	6.02999985e-01	primer-uds-south-grizli-v7.2	34507	8.00000000e+00	1.65869961e+08	1.17039863e-02	7.05612166e-11	3.22030905e+00	1
0	5.00000000e-01	1.65125732e+00	6.02999985e-01	primer-uds-south-grizli-v7.2	34507	9.50000000e+00	1.11729350e+08	1.08631812e-02	9.72276417e-11	3.15892275e+00	1
0	5.00000000e-01	1.65125732e+00	6.02999985e-01	primer-uds-south-grizli-v7.2	34507	1.10000000e+01	7.74125565e+07	9.24082003e-03	1.19371074e-10	3.20198217e+00	1
0	5.00000000e-01	1.65125732e+00	6.02999985e-01	primer-uds-south-grizli-v7.2	34507	1.25000000e+01	5.10868556e+07	5.68300623e-03	1.11242044e-10	3.03708970e+00	1
0	5.00000000e-01	1.65125732e+00	6.02999985e-01	primer-uds-south-grizli-v7.2	34507	1.40000000e+01	3.35488476e+07	4.02378005e-03	1.19937951e-10	2.89598745e+00	1
0	5.00000000e-01	1.65125732e+00	6.02999985e-01	primer-uds-south-grizli-v7.2	34507	1.55000000e+01	2.14924825e+07	4.03434974e-03	1.87709807e-10	2.84473582e+00	1
0	5.00000000e-01	1.65125732e+00	6.02999985e-01	primer-uds-south-grizli-v7.2	34507	1.70000000e+01	1.51091363e+07	3.57943603e-03	2.36905403e-10	2.71793272e+00	1
0	5.00000000e-01	1.65125732e+00	6.02999985e-01	primer-uds-south-grizli-v7.2	34507	1.85000000e+01	1.15387444e+07	7.28982298e-03	6.31769168e-10	2.54007145e+00	1
0	5.00000000e-01	1.65125732e+00	6.02999985e-01	primer-uds-south-grizli-v7.2	34507	2.00000000e+01	9.53597732e+06	6.65833224e-03	6.98232810e-10	2.39945612e+00	1
0	5.00000000e-01	1.65125732e+00	6.02999985e-01	primer-uds-south-grizli-v7.2	34507	2.15000000e+01	7.51377302e+06	7.26213972e-03	9.66510393e-10	2.38154357e+00	1
0	5.00000000e-01	1.65125732e+00	6.02999985e-01	primer-uds-south-grizli-v7.2	34507	2.30000000e+01	6.93732728e+06	6.06062224e-03	8.73624957e-10	2.39684349e+00	1
0	5.00000000e-01	1.65125732e+00	6.02999985e-01	primer-uds-south-grizli-v7.2	34507	2.45000000e+01	5.89193747e+06	1.00595429e-03	1.70734041e-10	2.54632733e+00	1
0	5.00000000e-01	1.65125732e+00	6.02999985e-01	primer-uds-south-grizli-v7.2	34507	2.60000000e+01	5.21066326e+06	6.60971043e-04	1.26849695e-10	2.54632733e+00	1
0	5.00000000e-01	1.65125732e+00	6.02999985e-01	primer-uds-south-grizli-v7.2	34507	2.75000000e+01	nan	nan	nan	nan	1
0	5.00000000e-01	1.65125732e+00	6.02999985e-01	primer-uds-south-grizli-v7.2	34507	2.90000000e+01	nan	nan	nan	nan	1
0	5.00000000e-01	1.65125732e+00	6.02999985e-01	primer-uds-south-grizli-v7.2	34507	3.05000000e+01	nan	nan	nan	nan	1
0	5.00000000e-01	1.65125732e+00	8.12722743e-01	primer-uds-south-grizli-v7.2	35075	5.00000000e-01	1.38169239e+10	4.67490126e-04	3.38346023e-14	4.83819931e+00	1
0	5.00000000e-01	1.65125732e+00	8.12722743e-01	primer-uds-south-grizli-v7.2	35075	2.00000000e+00	2.95889000e+09	9.17540267e-04	3.10096106e-13	4.18570464e+00	1
0	5.00000000e-01	1.65125732e+00	8.12722743e-01	primer-uds-south-grizli-v7.2	35075	3.50000000e+00	7.00520778e+08	1.77737036e-03	2.53721290e-12	3.50685619e+00	1
0	5.00000000e-01	1.65125732e+00	8.12722743e-01	primer-uds-south-grizli-v7.2	35075	5.00000000e+00	3.32363219e+08	4.76770043e-03	1.43448497e-11	3.12663729e+00	1
0	5.00000000e-01	1.65125732e+00	8.12722743e-01	primer-uds-south-grizli-v7.2	35075	6.50000000e+00	1.64501068e+08	3.37903289e-02	2.05411000e-10	2.74008087e+00	1
0	5.00000000e-01	1.65125732e+00	8.12722743e-01	primer-uds-south-grizli-v7.2	35075	8.00000000e+00	1.02583551e+08	3.27081175e-02	3.18843685e-10	2.60743123e+00	1
0	5.00000000e-01	1.65125732e+00	8.12722743e-01	primer-uds-south-grizli-v7.2	35075	9.50000000e+00	7.13907020e+07	2.10418670e-02	2.94742403e-10	2.66099357e+00	1
0	5.00000000e-01	1.65125732e+00	8.12722743e-01	primer-uds-south-grizli-v7.2	35075	1.10000000e+01	5.31600426e+07	1.03393876e-02	1.94495473e-10	2.77882329e+00	1
0	5.00000000e-01	1.65125732e+00	8.12722743e-01	primer-uds-south-grizli-v7.2	35075	1.25000000e+01	3.86571578e+07	1.22392881e-02	3.16611174e-10	2.65685865e+00	1
0	5.00000000e-01	1.65125732e+00	8.12722743e-01	primer-uds-south-grizli-v7.2	35075	1.40000000e+01	2.72853654e+07	1.97788328e-02	7.24887960e-10	2.27203135e+00	1
0	5.00000000e-01	1.65125732e+00	8.12722743e-01	primer-uds-south-grizli-v7.2	35075	1.55000000e+01	2.00934369e+07	2.39864671e-02	1.19374635e-09	2.10546162e+00	1
0	5.00000000e-01	1.65125732e+00	8.12722743e-01	primer-uds-south-grizli-v7.2	35075	1.70000000e+01	1.53933268e+07	2.21423897e-02	1.43844082e-09	1.96676590e+00	1
0	5.00000000e-01	1.65125732e+00	8.12722743e-01	primer-uds-south-grizli-v7.2	35075	1.85000000e+01	1.18224825e+07	1.58747649e-02	1.34276069e-09	1.85177546e+00	1
0	5.00000000e-01	1.65125732e+00	8.12722743e-01	primer-uds-south-grizli-v7.2	35075	2.00000000e+01	1.02659571e+07	1.72075958e-02	1.67618037e-09	1.82420887e+00	1
0	5.00000000e-01	1.65125732e+00	8.12722743e-01	primer-uds-south-grizli-v7.2	35075	2.15000000e+01	8.70163805e+06	1.23364885e-02	1.41772025e-09	1.75702051e+00	1
0	5.00000000e-01	1.65125732e+00	8.12722743e-01	primer-uds-south-grizli-v7.2	35075	2.30000000e+01	6.80279342e+06	9.59640650e-03	1.41065676e-09	1.41081027e+00	1
0	5.00000000e-01	1.65125732e+00	8.12722743e-01	primer-uds-south-grizli-v7.2	35075	2.45000000e+01	4.91219081e+06	6.06216871e-03	1.23410693e-09	1.01779026e+00	1
0	5.00000000e-01	1.65125732e+00	8.12722743e-01	primer-uds-south-grizli-v7.2	35075	2.60000000e+01	6.05262016e+06	1.68186230e-02	2.77873426e-09	1.01814611e+00	1
0	5.00000000e-01	1.65125732e+00	8.12722743e-01	primer-uds-south-grizli-v7.2	35075	2.75000000e+01	4.31195104e+06	9.09256390e-03	2.10868904e-09	1.01686883e+00	1
0	5.00000000e-01	1.65125732e+00	8.12722743e-01	primer-uds-south-grizli-v7.2	35075	2.90000000e+01	3.87998436e+06	8.66275151e-03	2.23267691e-09	1.01578561e+00	1
0	5.00000000e-01	1.65125732e+00	8.12722743e-01	primer-uds-south-grizli-v7.2	35075	3.05000000e+01	nan	nan	nan	nan	1
0	5.00000000e-01	1.65125732e+00	6.47268772e-01	primer-uds-south-grizli-v7.2	39684	5.00000000e-01	1.53456314e+10	2.29005943e-03	1.49232010e-13	4.87034091e+00	1
0	5.00000000e-01	1.65125732e+00	6.47268772e-01	primer-uds-south-grizli-v7.2	39684	2.00000000e+00	4.00940678e+09	9.86001862e-04	2.45922131e-13	4.50602570e+00	1
0	5.00000000e-01	1.65125732e+00	6.47268772e-01	primer-uds-south-grizli-v7.2	39684	3.50000000e+00	1.28009832e+09	1.06304062e-03	8.30436703e-13	4.15060567e+00	1
0	5.00000000e-01	1.65125732e+00	6.47268772e-01	primer-uds-south-grizli-v7.2	39684	5.00000000e+00	6.84362259e+08	1.22930702e-03	1.79628114e-12	4.06055132e+00	1
0	5.00000000e-01	1.65125732e+00	6.47268772e-01	primer-uds-south-grizli-v7.2	39684	6.50000000e+00	3.87340067e+08	1.84042099e-03	4.75143458e-12	3.95744720e+00	1
0	5.00000000e-01	1.65125732e+00	6.47268772e-01	primer-uds-south-grizli-v7.2	39684	8.00000000e+00	2.55234156e+08	1.83157208e-03	7.17604613e-12	4.08229047e+00	1
0	5.00000000e-01	1.65125732e+00	6.47268772e-01	primer-uds-south-grizli-v7.2	39684	9.50000000e+00	1.70450590e+08	2.10534566e-03	1.23516479e-11	4.09995563e+00	1
0	5.00000000e-01	1.65125732e+00	6.47268772e-01	primer-uds-south-grizli-v7.2	39684	1.10000000e+01	1.26373638e+08	1.47906123e-03	1.17038748e-11	4.26728530e+00	1
0	5.00000000e-01	1.65125732e+00	6.47268772e-01	primer-uds-south-grizli-v7.2	39684	1.25000000e+01	9.68793347e+07	1.23511759e-03	1.27490305e-11	4.35739570e+00	1
0	5.00000000e-01	1.65125732e+00	6.47268772e-01	primer-uds-south-grizli-v7.2	39684	1.40000000e+01	7.37596306e+07	1.67817801e-03	2.27519850e-11	4.24772161e+00	1
0	5.00000000e-01	1.65125732e+00	6.47268772e-01	primer-uds-south-grizli-v7.2	39684	1.55000000e+01	5.55330584e+07	7.42151744e-03	1.33641432e-10	4.06782912e+00	1
0	5.00000000e-01	1.65125732e+00	6.47268772e-01	primer-uds-south-grizli-v7.2	39684	1.70000000e+01	4.55910701e+07	2.31447438e-02	5.07659585e-10	3.86979800e+00	1
0	5.00000000e-01	1.65125732e+00	6.47268772e-01	primer-uds-south-grizli-v7.2	39684	1.85000000e+01	3.68431378e+07	2.60211518e-02	7.06268611e-10	3.65978540e+00	1
0	5.00000000e-01	1.65125732e+00	6.47268772e-01	primer-uds-south-grizli-v7.2	39684	2.00000000e+01	2.94657610e+07	1.83202469e-02	6.21746945e-10	3.47093474e+00	1
0	5.00000000e-01	1.65125732e+00	6.47268772e-01	primer-uds-south-grizli-v7.2	39684	2.15000000e+01	2.49852191e+07	1.27293192e-02	5.09473986e-10	3.36767726e+00	1
0	5.00000000e-01	1.65125732e+00	6.47268772e-01	primer-uds-south-grizli-v7.2	39684	2.30000000e+01	2.09370408e+07	1.98532299e-02	9.48234762e-10	2.88449446e+00	1
0	5.00000000e-01	1.65125732e+00	6.47268772e-01	primer-uds-south-grizli-v7.2	39684	2.45000000e+01	1.70174295e+07	1.58022710e-02	9.28593296e-10	2.53125214e+00	1
0	5.00000000e-01	1.65125732e+00	6.47268772e-01	primer-uds-south-grizli-v7.2	39684	2.60000000e+01	1.51124283e+07	1.36408679e-02	9.02625817e-10	2.40236744e+00	1
0	5.00000000e-01	1.65125732e+00	6.47268772e-01	primer-uds-south-grizli-v7.2	39684	2.75000000e+01	1.16831332e+07	1.06419318e-02	9.10879954e-10	2.43401624e+00	1
0	5.00000000e-01	1.65125732e+00	6.47268772e-01	primer-uds-south-grizli-v7.2	39684	2.90000000e+01	nan	nan	nan	nan	1
0	5.00000000e-01	1.65125732e+00	6.47268772e-01	primer-uds-south-grizli-v7.2	39684	3.05000000e+01	nan	nan	nan	nan	1
0	5.00000000e-01	1.65125732e+00	1.34110928e+00	primer-uds-south-grizli-v7.2	39932	5.00000000e-01	1.80686577e+10	8.56668834e-04	4.74118690e-14	3.89969949e+00	1
0	5.00000000e-01	1.65125732e+00	1.34110928e+00	primer-uds-south-grizli-v7.2	39932	2.00000000e+00	5.52631314e+09	1.65359139e-03	2.99221443e-13	3.38459900e+00	1
0	5.00000000e-01	1.65125732e+00	1.34110928e+00	primer-uds-south-grizli-v7.2	39932	3.50000000e+00	1.65880308e+09	5.66297163e-03	3.41389022e-12	2.84879026e+00	1
0	5.00000000e-01	1.65125732e+00	1.34110928e+00	primer-uds-south-grizli-v7.2	39932	5.00000000e+00	8.10418081e+08	1.35871374e-02	1.67655902e-11	2.53693349e+00	1
0	5.00000000e-01	1.65125732e+00	1.34110928e+00	primer-uds-south-grizli-v7.2	39932	6.50000000e+00	4.20465091e+08	2.23881893e-02	5.32462499e-11	2.29204433e+00	1
0	5.00000000e-01	1.65125732e+00	1.34110928e+00	primer-uds-south-grizli-v7.2	39932	8.00000000e+00	2.48221268e+08	2.93668967e-02	1.18309349e-10	2.05252143e+00	1
0	5.00000000e-01	1.65125732e+00	1.34110928e+00	primer-uds-south-grizli-v7.2	39932	9.50000000e+00	1.52566469e+08	3.28500360e-02	2.15316224e-10	1.82170289e+00	1
0	5.00000000e-01	1.65125732e+00	1.34110928e+00	primer-uds-south-grizli-v7.2	39932	1.10000000e+01	1.03688243e+08	2.81954960e-02	2.71925680e-10	1.71272722e+00	1
0	5.00000000e-01	1.65125732e+00	1.34110928e+00	primer-uds-south-grizli-v7.2	39932	1.25000000e+01	7.71793377e+07	2.03241583e-02	2.63336781e-10	1.77521195e+00	1
0	5.00000000e-01	1.65125732e+00	1.34110928e+00	primer-uds-south-grizli-v7.2	39932	1.40000000e+01	5.75359857e+07	1.66615964e-02	2.89585660e-10	1.71667479e+00	1
0	5.00000000e-01	1.65125732e+00	1.34110928e+00	primer-uds-south-grizli-v7.2	39932	1.55000000e+01	4.50720868e+07	1.35653755e-02	3.00970656e-10	1.66723538e+00	1
0	5.00000000e-01	1.65125732e+00	1.34110928e+00	primer-uds-south-grizli-v7.2	39932	1.70000000e+01	3.55797680e+07	1.44717529e-02	4.06741068e-10	1.57267878e+00	1
0	5.00000000e-01	1.65125732e+00	1.34110928e+00	primer-uds-south-grizli-v7.2	39932	1.85000000e+01	3.01761857e+07	1.39834236e-02	4.63392680e-10	1.53410481e+00	1
0	5.00000000e-01	1.65125732e+00	1.34110928e+00	primer-uds-south-grizli-v7.2	39932	2.00000000e+01	2.46276776e+07	1.26376624e-02	5.13148765e-10	1.46566900e+00	1
0	5.00000000e-01	1.65125732e+00	1.34110928e+00	primer-uds-south-grizli-v7.2	39932	2.15000000e+01	2.15286440e+07	1.27972502e-02	5.94428993e-10	1.43220013e+00	1
0	5.00000000e-01	1.65125732e+00	1.34110928e+00	primer-uds-south-grizli-v7.2	39932	2.30000000e+01	1.97547106e+07	2.47998100e-02	1.25538716e-09	1.30132903e+00	1
0	5.00000000e-01	1.65125732e+00	1.34110928e+00	primer-uds-south-grizli-v7.2	39932	2.45000000e+01	1.84757085e+07	3.60719239e-02	1.95239733e-09	1.20431838e+00	1
0	5.00000000e-01	1.65125732e+00	1.34110928e+00	primer-uds-south-grizli-v7.2	39932	2.60000000e+01	1.96156837e+07	4.02985039e-02	2.05440221e-09	1.15690189e+00	1
0	5.00000000e-01	1.65125732e+00	1.34110928e+00	primer-uds-south-grizli-v7.2	39932	2.75000000e+01	1.76307487e+07	4.08953704e-02	2.31954814e-09	1.13436629e+00	1
0	5.00000000e-01	1.65125732e+00	1.34110928e+00	primer-uds-south-grizli-v7.2	39932	2.90000000e+01	1.96829312e+07	1.92809557e-02	9.79577453e-10	1.24947004e+00	1
0	5.00000000e-01	1.65125732e+00	1.34110928e+00	primer-uds-south-grizli-v7.2	39932	3.05000000e+01	1.88829026e+07	1.32841308e-02	7.03500467e-10	1.25251502e+00	1
0	5.00000000e-01	1.65125732e+00	1.41100001e+00	primer-uds-south-grizli-v7.2	41324	5.00000000e-01	1.38418178e+10	2.38037976e-03	1.71970170e-13	3.15061719e+00	1
0	5.00000000e-01	1.65125732e+00	1.41100001e+00	primer-uds-south-grizli-v7.2	41324	2.00000000e+00	3.29171179e+09	9.63044808e-02	2.92566564e-11	2.38091038e+00	1
0	5.00000000e-01	1.65125732e+00	1.41100001e+00	primer-uds-south-grizli-v7.2	41324	3.50000000e+00	7.47181752e+08	2.10890518e-01	2.82247950e-10	1.66210931e+00	1
0	5.00000000e-01	1.65125732e+00	1.41100001e+00	primer-uds-south-grizli-v7.2	41324	5.00000000e+00	3.63330916e+08	1.61736937e-01	4.45150495e-10	1.39525287e+00	1
0	5.00000000e-01	1.65125732e+00	1.41100001e+00	primer-uds-south-grizli-v7.2	41324	6.50000000e+00	2.14543435e+08	8.09209222e-02	3.77177340e-10	1.42952391e+00	1
0	5.00000000e-01	1.65125732e+00	1.41100001e+00	primer-uds-south-grizli-v7.2	41324	8.00000000e+00	1.50780385e+08	4.14280669e-02	2.74757666e-10	1.69073832e+00	1
0	5.00000000e-01	1.65125732e+00	1.41100001e+00	primer-uds-south-grizli-v7.2	41324	9.50000000e+00	1.04933277e+08	2.46244473e-02	2.34667668e-10	1.81174362e+00	1
0	5.00000000e-01	1.65125732e+00	1.41100001e+00	primer-uds-south-grizli-v7.2	41324	1.10000000e+01	7.16089806e+07	2.07975710e-02	2.90432441e-10	1.81472162e+00	1
0	5.00000000e-01	1.65125732e+00	1.41100001e+00	primer-uds-south-grizli-v7.2	41324	1.25000000e+01	4.77099850e+07	2.12004177e-02	4.44360185e-10	1.79460097e+00	1
0	5.00000000e-01	1.65125732e+00	1.41100001e+00	primer-uds-south-grizli-v7.2	41324	1.40000000e+01	3.56038093e+07	1.27888100e-02	3.59197801e-10	1.80745592e+00	1
0	5.00000000e-01	1.65125732e+00	1.41100001e+00	primer-uds-south-grizli-v7.2	41324	1.55000000e+01	2.89869321e+07	9.34829960e-03	3.22500483e-10	1.80450711e+00	1
0	5.00000000e-01	1.65125732e+00	1.41100001e+00	primer-uds-south-grizli-v7.2	41324	1.70000000e+01	2.30296637e+07	1.26803009e-02	5.50607301e-10	1.66105701e+00	1
0	5.00000000e-01	1.65125732e+00	1.41100001e+00	primer-uds-south-grizli-v7.2	41324	1.85000000e+01	1.77652278e+07	1.68647401e-02	9.49311784e-10	1.53888345e+00	1
0	5.00000000e-01	1.65125732e+00	1.41100001e+00	primer-uds-south-grizli-v7.2	41324	2.00000000e+01	1.57707448e+07	1.00354822e-02	6.36335336e-10	1.61180409e+00	1
0	5.00000000e-01	1.65125732e+00	1.41100001e+00	primer-uds-south-grizli-v7.2	41324	2.15000000e+01	1.37385674e+07	8.39131169e-03	6.10785056e-10	1.66412111e+00	1
0	5.00000000e-01	1.65125732e+00	1.41100001e+00	primer-uds-south-grizli-v7.2	41324	2.30000000e+01	1.32393416e+07	1.55439636e-02	1.17407376e-09	1.72588865e+00	1
0	5.00000000e-01	1.65125732e+00	1.41100001e+00	primer-uds-south-grizli-v7.2	41324	2.45000000e+01	1.31741180e+07	2.15373442e-02	1.63482248e-09	1.64741280e+00	1
0	5.00000000e-01	1.65125732e+00	1.41100001e+00	primer-uds-south-grizli-v7.2	41324	2.60000000e+01	nan	nan	nan	nan	1
0	5.00000000e-01	1.65125732e+00	1.41100001e+00	primer-uds-south-grizli-v7.2	41324	2.75000000e+01	nan	nan	nan	nan	1
0	5.00000000e-01	1.65125732e+00	1.41100001e+00	primer-uds-south-grizli-v7.2	41324	2.90000000e+01	nan	nan	nan	nan	1
0	5.00000000e-01	1.65125732e+00	1.41100001e+00	primer-uds-south-grizli-v7.2	41324	3.05000000e+01	nan	nan	nan	nan	1
0	5.00000000e-01	1.65125732e+00	7.42261112e-01	primer-uds-south-grizli-v7.2	43890	5.00000000e-01	1.51070907e+10	7.62295120e-04	5.04594255e-14	5.41087249e+00	1
0	5.00000000e-01	1.65125732e+00	7.42261112e-01	primer-uds-south-grizli-v7.2	43890	2.00000000e+00	3.57942538e+09	8.57447571e-04	2.39548944e-13	4.43529843e+00	1
0	5.00000000e-01	1.65125732e+00	7.42261112e-01	primer-uds-south-grizli-v7.2	43890	3.50000000e+00	9.70941869e+08	1.59511218e-03	1.64285034e-12	3.79602085e+00	1
0	5.00000000e-01	1.65125732e+00	7.42261112e-01	primer-uds-south-grizli-v7.2	43890	5.00000000e+00	5.04149224e+08	1.57341776e-03	3.12093659e-12	3.76319664e+00	1
0	5.00000000e-01	1.65125732e+00	7.42261112e-01	primer-uds-south-grizli-v7.2	43890	6.50000000e+00	2.90354558e+08	1.67173728e-03	5.75757202e-12	3.76002779e+00	1
0	5.00000000e-01	1.65125732e+00	7.42261112e-01	primer-uds-south-grizli-v7.2	43890	8.00000000e+00	1.88831347e+08	2.38376726e-03	1.26237899e-11	3.70402651e+00	1
0	5.00000000e-01	1.65125732e+00	7.42261112e-01	primer-uds-south-grizli-v7.2	43890	9.50000000e+00	1.25247670e+08	2.82095915e-03	2.25230470e-11	3.68191519e+00	1
0	5.00000000e-01	1.65125732e+00	7.42261112e-01	primer-uds-south-grizli-v7.2	43890	1.10000000e+01	9.02109872e+07	4.48467494e-03	4.97131788e-11	3.49307974e+00	1
0	5.00000000e-01	1.65125732e+00	7.42261112e-01	primer-uds-south-grizli-v7.2	43890	1.25000000e+01	6.27053059e+07	1.36231519e-02	2.17256765e-10	3.21038114e+00	1
0	5.00000000e-01	1.65125732e+00	7.42261112e-01	primer-uds-south-grizli-v7.2	43890	1.40000000e+01	5.32697844e+07	2.49488762e-02	4.68349488e-10	3.12052587e+00	1
0	5.00000000e-01	1.65125732e+00	7.42261112e-01	primer-uds-south-grizli-v7.2	43890	1.55000000e+01	4.87597514e+07	3.10301109e-02	6.36387800e-10	3.02096146e+00	1
0	5.00000000e-01	1.65125732e+00	7.42261112e-01	primer-uds-south-grizli-v7.2	43890	1.70000000e+01	3.44068825e+07	3.25159316e-02	9.45041491e-10	2.76311444e+00	1
0	5.00000000e-01	1.65125732e+00	7.42261112e-01	primer-uds-south-grizli-v7.2	43890	1.85000000e+01	2.57175134e+07	2.22235406e-02	8.64140333e-10	2.55148107e+00	1
0	5.00000000e-01	1.65125732e+00	7.42261112e-01	primer-uds-south-grizli-v7.2	43890	2.00000000e+01	2.03235158e+07	1.14368788e-02	5.62741157e-10	2.48943471e+00	1
0	5.00000000e-01	1.65125732e+00	7.42261112e-01	primer-uds-south-grizli-v7.2	43890	2.15000000e+01	1.68831709e+07	4.75761679e-03	2.81796401e-10	2.48393707e+00	1
0	5.00000000e-01	1.65125732e+00	7.42261112e-01	primer-uds-south-grizli-v7.2	43890	2.30000000e+01	1.39224127e+07	4.64748286e-03	3.33813037e-10	2.36773168e+00	1
0	5.00000000e-01	1.65125732e+00	7.42261112e-01	primer-uds-south-grizli-v7.2	43890	2.45000000e+01	1.09417233e+07	3.62253846e-03	3.31075678e-10	2.33559979e+00	1
0	5.00000000e-01	1.65125732e+00	7.42261112e-01	primer-uds-south-grizli-v7.2	43890	2.60000000e+01	9.54088949e+06	3.49420373e-03	3.66234588e-10	2.20976390e+00	1
0	5.00000000e-01	1.65125732e+00	7.42261112e-01	primer-uds-south-grizli-v7.2	43890	2.75000000e+01	8.66508181e+06	4.02452500e-03	4.64453203e-10	1.81337483e+00	1
0	5.00000000e-01	1.65125732e+00	7.42261112e-01	primer-uds-south-grizli-v7.2	43890	2.90000000e+01	6.01419750e+06	4.91265784e-03	8.16843451e-10	1.61233757e+00	1
0	5.00000000e-01	1.65125732e+00	7.42261112e-01	primer-uds-south-grizli-v7.2	43890	3.05000000e+01	nan	nan	nan	nan	1
0	5.00000000e-01	1.65125732e+00	7.89050698e-01	primer-uds-south-grizli-v7.2	43965	5.00000000e-01	9.45474468e+09	3.37763502e-04	3.57242330e-14	5.29833341e+00	1
0	5.00000000e-01	1.65125732e+00	7.89050698e-01	primer-uds-south-grizli-v7.2	43965	2.00000000e+00	2.77085721e+09	5.86911372e-04	2.11815813e-13	4.80488218e+00	1
0	5.00000000e-01	1.65125732e+00	7.89050698e-01	primer-uds-south-grizli-v7.2	43965	3.50000000e+00	8.30271152e+08	8.16433440e-04	9.83333502e-13	4.16994792e+00	1
0	5.00000000e-01	1.65125732e+00	7.89050698e-01	primer-uds-south-grizli-v7.2	43965	5.00000000e+00	4.61407878e+08	9.07310282e-04	1.96639530e-12	4.04879236e+00	1
0	5.00000000e-01	1.65125732e+00	7.89050698e-01	primer-uds-south-grizli-v7.2	43965	6.50000000e+00	2.70442381e+08	1.20709528e-03	4.46341021e-12	3.92669817e+00	1
0	5.00000000e-01	1.65125732e+00	7.89050698e-01	primer-uds-south-grizli-v7.2	43965	8.00000000e+00	1.78853058e+08	1.21721687e-03	6.80568107e-12	3.90797100e+00	1
0	5.00000000e-01	1.65125732e+00	7.89050698e-01	primer-uds-south-grizli-v7.2	43965	9.50000000e+00	1.17256887e+08	1.28073177e-03	1.09224439e-11	3.86616823e+00	1
0	5.00000000e-01	1.65125732e+00	7.89050698e-01	primer-uds-south-grizli-v7.2	43965	1.10000000e+01	8.25764045e+07	1.15201379e-03	1.39508835e-11	3.87354932e+00	1
0	5.00000000e-01	1.65125732e+00	7.89050698e-01	primer-uds-south-grizli-v7.2	43965	1.25000000e+01	5.70639209e+07	1.16186202e-03	2.03607113e-11	3.78668877e+00	1
0	5.00000000e-01	1.65125732e+00	7.89050698e-01	primer-uds-south-grizli-v7.2	43965	1.40000000e+01	3.85053188e+07	1.20449428e-03	3.12812442e-11	3.69603220e+00	1
0	5.00000000e-01	1.65125732e+00	7.89050698e-01	primer-uds-south-grizli-v7.2	43965	1.55000000e+01	2.55474415e+07	1.38860476e-03	5.43539659e-11	3.51174805e+00	1
0	5.00000000e-01	1.65125732e+00	7.89050698e-01	primer-uds-south-grizli-v7.2	43965	1.70000000e+01	1.77600322e+07	1.52707544e-03	8.59838219e-11	3.35490894e+00	1
0	5.00000000e-01	1.65125732e+00	7.89050698e-01	primer-uds-south-grizli-v7.2	43965	1.85000000e+01	1.37473639e+07	1.48023572e-03	1.07674150e-10	3.30666154e+00	1
0	5.00000000e-01	1.65125732e+00	7.89050698e-01	primer-uds-south-grizli-v7.2	43965	2.00000000e+01	1.12160122e+07	3.18071475e-03	2.83586955e-10	3.08077884e+00	1
0	5.00000000e-01	1.65125732e+00	7.89050698e-01	primer-uds-south-grizli-v7.2	43965	2.15000000e+01	9.68999613e+06	4.47422037e-03	4.61736032e-10	2.86248943e+00	1
0	5.00000000e-01	1.65125732e+00	7.89050698e-01	primer-uds-south-grizli-v7.2	43965	2.30000000e+01	9.18465093e+06	6.11376698e-03	6.65650445e-10	2.66370425e+00	1
0	5.00000000e-01	1.65125732e+00	7.89050698e-01	primer-uds-south-grizli-v7.2	43965	2.45000000e+01	8.89238619e+06	7.59297592e-03	8.53873838e-10	2.46768190e+00	1
0	5.00000000e-01	1.65125732e+00	7.89050698e-01	primer-uds-south-grizli-v7.2	43965	2.60000000e+01	1.04291281e+07	1.16557626e-02	1.11761621e-09	2.69217201e+00	1
0	5.00000000e-01	1.65125732e+00	7.89050698e-01	primer-uds-south-grizli-v7.2	43965	2.75000000e+01	9.34105395e+06	1.04617619e-02	1.11997660e-09	2.42309085e+00	1
0	5.00000000e-01	1.65125732e+00	7.89050698e-01	primer-uds-south-grizli-v7.2	43965	2.90000000e+01	8.03870867e+06	2.96255878e-02	3.68536652e-09	1.78499070e+00	1
0	5.00000000e-01	1.65125732e+00	7.89050698e-01	primer-uds-south-grizli-v7.2	43965	3.05000000e+01	5.83715894e+06	3.21154604e-02	5.50189926e-09	1.51533661e+00	1
0	5.00000000e-01	1.65125732e+00	7.36351609e-01	primer-uds-south-grizli-v7.2	53177	5.00000000e-01	1.03959960e+10	3.05065739e-04	2.93445417e-14	5.81739499e+00	1
0	5.00000000e-01	1.65125732e+00	7.36351609e-01	primer-uds-south-grizli-v7.2	53177	2.00000000e+00	2.38215663e+09	4.66302034e-04	1.95747848e-13	4.80118885e+00	1
0	5.00000000e-01	1.65125732e+00	7.36351609e-01	primer-uds-south-grizli-v7.2	53177	3.50000000e+00	6.35392507e+08	6.81558501e-04	1.07265744e-12	4.05758709e+00	1
0	5.00000000e-01	1.65125732e+00	7.36351609e-01	primer-uds-south-grizli-v7.2	53177	5.00000000e+00	3.31478903e+08	8.68371447e-04	2.61968843e-12	4.03165873e+00	1
0	5.00000000e-01	1.65125732e+00	7.36351609e-01	primer-uds-south-grizli-v7.2	53177	6.50000000e+00	1.90834843e+08	1.01290634e-03	5.30776415e-12	4.17165300e+00	1
0	5.00000000e-01	1.65125732e+00	7.36351609e-01	primer-uds-south-grizli-v7.2	53177	8.00000000e+00	1.33216693e+08	1.02729898e-03	7.71148838e-12	4.34527816e+00	1
0	5.00000000e-01	1.65125732e+00	7.36351609e-01	primer-uds-south-grizli-v7.2	53177	9.50000000e+00	9.59154480e+07	9.31934565e-04	9.71620926e-12	4.48302285e+00	1
0	5.00000000e-01	1.65125732e+00	7.36351609e-01	primer-uds-south-grizli-v7.2	53177	1.10000000e+01	7.29325038e+07	6.65387275e-04	9.12332966e-12	4.67983444e+00	1
0	5.00000000e-01	1.65125732e+00	7.36351609e-01	primer-uds-south-grizli-v7.2	53177	1.25000000e+01	5.54513007e+07	6.14817340e-04	1.10875188e-11	4.68982449e+00	1
0	5.00000000e-01	1.65125732e+00	7.36351609e-01	primer-uds-south-grizli-v7.2	53177	1.40000000e+01	4.49422934e+07	6.12128245e-04	1.36203162e-11	4.62404715e+00	1
0	5.00000000e-01	1.65125732e+00	7.36351609e-01	primer-uds-south-grizli-v7.2	53177	1.55000000e+01	3.58886445e+07	5.74456698e-04	1.60066424e-11	4.62565718e+00	1
0	5.00000000e-01	1.65125732e+00	7.36351609e-01	primer-uds-south-grizli-v7.2	53177	1.70000000e+01	2.81657897e+07	5.95691250e-04	2.11494602e-11	4.62530719e+00	1
0	5.00000000e-01	1.65125732e+00	7.36351609e-01	primer-uds-south-grizli-v7.2	53177	1.85000000e+01	2.16701088e+07	7.63134193e-04	3.52159835e-11	4.55583350e+00	1
0	5.00000000e-01	1.65125732e+00	7.36351609e-01	primer-uds-south-grizli-v7.2	53177	2.00000000e+01	1.71007343e+07	2.24880485e-03	1.31503409e-10	4.29440104e+00	1
0	5.00000000e-01	1.65125732e+00	7.36351609e-01	primer-uds-south-grizli-v7.2	53177	2.15000000e+01	1.32612020e+07	2.98639051e-03	2.25197572e-10	3.99908135e+00	1
0	5.00000000e-01	1.65125732e+00	7.36351609e-01	primer-uds-south-grizli-v7.2	53177	2.30000000e+01	1.05308074e+07	2.53031612e-03	2.40277505e-10	3.92466263e+00	1
0	5.00000000e-01	1.65125732e+00	7.36351609e-01	primer-uds-south-grizli-v7.2	53177	2.45000000e+01	8.08491695e+06	9.59834299e-04	1.18719129e-10	3.79513291e+00	1
0	5.00000000e-01	1.65125732e+00	7.36351609e-01	primer-uds-south-grizli-v7.2	53177	2.60000000e+01	6.81600572e+06	9.74579851e-04	1.42984013e-10	3.52230753e+00	1
0	5.00000000e-01	1.65125732e+00	7.36351609e-01	primer-uds-south-grizli-v7.2	53177	2.75000000e+01	6.26133772e+06	1.34794046e-03	2.15279948e-10	3.28172658e+00	1
0	5.00000000e-01	1.65125732e+00	7.36351609e-01	primer-uds-south-grizli-v7.2	53177	2.90000000e+01	nan	nan	nan	nan	1
0	5.00000000e-01	1.65125732e+00	7.36351609e-01	primer-uds-south-grizli-v7.2	53177	3.05000000e+01	nan	nan	nan	nan	1
0	5.00000000e-01	1.65125732e+00	6.43999994e-01	primer-uds-south-grizli-v7.2	58574	5.00000000e-01	1.33608784e+10	2.85991517e-04	2.14051434e-14	6.11534832e+00	1
0	5.00000000e-01	1.65125732e+00	6.43999994e-01	primer-uds-south-grizli-v7.2	58574	2.00000000e+00	3.13669503e+09	1.01230745e-03	3.22730595e-13	5.53680659e+00	1
0	5.00000000e-01	1.65125732e+00	6.43999994e-01	primer-uds-south-grizli-v7.2	58574	3.50000000e+00	8.95977064e+08	1.13215452e-02	1.26359766e-11	4.66463148e+00	1
0	5.00000000e-01	1.65125732e+00	6.43999994e-01	primer-uds-south-grizli-v7.2	58574	5.00000000e+00	4.90475454e+08	7.21702774e-03	1.47143505e-11	4.65764389e+00	1
0	5.00000000e-01	1.65125732e+00	6.43999994e-01	primer-uds-south-grizli-v7.2	58574	6.50000000e+00	2.87076092e+08	1.23582781e-02	4.30487890e-11	4.34009318e+00	1
0	5.00000000e-01	1.65125732e+00	6.43999994e-01	primer-uds-south-grizli-v7.2	58574	8.00000000e+00	1.69685038e+08	2.15461660e-02	1.26977407e-10	3.67254296e+00	1
0	5.00000000e-01	1.65125732e+00	6.43999994e-01	primer-uds-south-grizli-v7.2	58574	9.50000000e+00	1.05337299e+08	2.34661810e-02	2.22771812e-10	3.48770277e+00	1
0	5.00000000e-01	1.65125732e+00	6.43999994e-01	primer-uds-south-grizli-v7.2	58574	1.10000000e+01	7.64552042e+07	1.57897538e-02	2.06522944e-10	3.51546090e+00	1
0	5.00000000e-01	1.65125732e+00	6.43999994e-01	primer-uds-south-grizli-v7.2	58574	1.25000000e+01	6.57093512e+07	5.53507294e-03	8.42356961e-11	4.05726846e+00	1
0	5.00000000e-01	1.65125732e+00	6.43999994e-01	primer-uds-south-grizli-v7.2	58574	1.40000000e+01	5.27983411e+07	5.42509779e-03	1.02751293e-10	3.98651355e+00	1
0	5.00000000e-01	1.65125732e+00	6.43999994e-01	primer-uds-south-grizli-v7.2	58574	1.55000000e+01	4.37503953e+07	5.38292656e-03	1.23037210e-10	4.11805239e+00	1
0	5.00000000e-01	1.65125732e+00	6.43999994e-01	primer-uds-south-grizli-v7.2	58574	1.70000000e+01	3.87154834e+07	2.88910032e-03	7.46238988e-11	4.44722134e+00	1
0	5.00000000e-01	1.65125732e+00	6.43999994e-01	primer-uds-south-grizli-v7.2	58574	1.85000000e+01	3.21514416e+07	2.28618913e-03	7.11068934e-11	4.42967213e+00	1
0	5.00000000e-01	1.65125732e+00	6.43999994e-01	primer-uds-south-grizli-v7.2	58574	2.00000000e+01	2.79551614e+07	1.78534369e-03	6.38645461e-11	4.36998561e+00	1
0	5.00000000e-01	1.65125732e+00	6.43999994e-01	primer-uds-south-grizli-v7.2	58574	2.15000000e+01	2.53588180e+07	1.18816839e-03	4.68542497e-11	4.62486231e+00	1
0	5.00000000e-01	1.65125732e+00	6.43999994e-01	primer-uds-south-grizli-v7.2	58574	2.30000000e+01	2.21060818e+07	8.95408692e-04	4.05050836e-11	4.76569250e+00	1
0	5.00000000e-01	1.65125732e+00	6.43999994e-01	primer-uds-south-grizli-v7.2	58574	2.45000000e+01	2.06377765e+07	1.00166940e-03	4.85357226e-11	4.76743535e+00	1
0	5.00000000e-01	1.65125732e+00	6.43999994e-01	primer-uds-south-grizli-v7.2	58574	2.60000000e+01	1.75733969e+07	9.69322688e-04	5.51585270e-11	4.68431039e+00	1
0	5.00000000e-01	1.65125732e+00	6.43999994e-01	primer-uds-south-grizli-v7.2	58574	2.75000000e+01	1.56151601e+07	6.95721021e-04	4.45542036e-11	4.57052867e+00	1
0	5.00000000e-01	1.65125732e+00	6.43999994e-01	primer-uds-south-grizli-v7.2	58574	2.90000000e+01	nan	nan	nan	nan	1
0	5.00000000e-01	1.65125732e+00	6.43999994e-01	primer-uds-south-grizli-v7.2	58574	3.05000000e+01	nan	nan	nan	nan	1
0	5.00000000e-01	1.65125732e+00	9.19000030e-01	primer-uds-south-grizli-v7.2	63927	5.00000000e-01	1.41570506e+10	1.49529973e-03	1.05622264e-13	4.56126167e+00	1
0	5.00000000e-01	1.65125732e+00	9.19000030e-01	primer-uds-south-grizli-v7.2	63927	2.00000000e+00	4.27299680e+09	1.71087492e-03	4.00392278e-13	4.21659798e+00	1
0	5.00000000e-01	1.65125732e+00	9.19000030e-01	primer-uds-south-grizli-v7.2	63927	3.50000000e+00	1.19314485e+09	4.21691824e-03	3.53428859e-12	3.49788572e+00	1
0	5.00000000e-01	1.65125732e+00	9.19000030e-01	primer-uds-south-grizli-v7.2	63927	5.00000000e+00	6.29794420e+08	6.92816945e-03	1.10006841e-11	3.30883358e+00	1
0	5.00000000e-01	1.65125732e+00	9.19000030e-01	primer-uds-south-grizli-v7.2	63927	6.50000000e+00	3.80914736e+08	8.35840263e-03	2.19429753e-11	3.36863272e+00	1
0	5.00000000e-01	1.65125732e+00	9.19000030e-01	primer-uds-south-grizli-v7.2	63927	8.00000000e+00	2.55656112e+08	8.35059201e-03	3.26633772e-11	3.40284731e+00	1
0	5.00000000e-01	1.65125732e+00	9.19000030e-01	primer-uds-south-grizli-v7.2	63927	9.50000000e+00	1.75824553e+08	8.74713651e-03	4.97492321e-11	3.38166920e+00	1
0	5.00000000e-01	1.65125732e+00	9.19000030e-01	primer-uds-south-grizli-v7.2	63927	1.10000000e+01	1.38660395e+08	3.08737039e-02	2.22656973e-10	3.33898368e+00	1
0	5.00000000e-01	1.65125732e+00	9.19000030e-01	primer-uds-south-grizli-v7.2	63927	1.25000000e+01	1.10425722e+08	5.51211930e-02	4.99169867e-10	3.22220373e+00	1
0	5.00000000e-01	1.65125732e+00	9.19000030e-01	primer-uds-south-grizli-v7.2	63927	1.40000000e+01	9.33094686e+07	3.26529626e-02	3.49942649e-10	3.32606916e+00	1
0	5.00000000e-01	1.65125732e+00	9.19000030e-01	primer-uds-south-grizli-v7.2	63927	1.55000000e+01	7.86382157e+07	1.73491679e-02	2.20620060e-10	3.50114647e+00	1
0	5.00000000e-01	1.65125732e+00	9.19000030e-01	primer-uds-south-grizli-v7.2	63927	1.70000000e+01	7.66994088e+07	7.60904029e-03	9.92059835e-11	3.90061156e+00	1
0	5.00000000e-01	1.65125732e+00	9.19000030e-01	primer-uds-south-grizli-v7.2	63927	1.85000000e+01	7.38544463e+07	2.15016102e-03	2.91134946e-11	3.99019592e+00	1
0	5.00000000e-01	1.65125732e+00	9.19000030e-01	primer-uds-south-grizli-v7.2	63927	2.00000000e+01	6.45902249e+07	3.76238281e-03	5.82500342e-11	3.65906247e+00	1
0	5.00000000e-01	1.65125732e+00	9.19000030e-01	primer-uds-south-grizli-v7.2	63927	2.15000000e+01	5.78570410e+07	9.32364868e-03	1.61149767e-10	3.42646142e+00	1
0	5.00000000e-01	1.65125732e+00	9.19000030e-01	primer-uds-south-grizli-v7.2	63927	2.30000000e+01	5.47190409e+07	2.25625133e-02	4.12333860e-10	3.21761784e+00	1
0	5.00000000e-01	1.65125732e+00	9.19000030e-01	primer-uds-south-grizli-v7.2	63927	2.45000000e+01	4.81047652e+07	8.14092443e-03	1.69233222e-10	3.06854815e+00	1
0	5.00000000e-01	1.65125732e+00	9.19000030e-01	primer-uds-south-grizli-v7.2	63927	2.60000000e+01	4.10468605e+07	1.11587354e-02	2.71853566e-10	3.08602032e+00	1
0	5.00000000e-01	1.65125732e+00	9.19000030e-01	primer-uds-south-grizli-v7.2	63927	2.75000000e+01	3.59129939e+07	4.30136353e-03	1.19771789e-10	3.57092831e+00	1
0	5.00000000e-01	1.65125732e+00	9.19000030e-01	primer-uds-south-grizli-v7.2	63927	2.90000000e+01	nan	nan	nan	nan	1
0	5.00000000e-01	1.65125732e+00	9.19000030e-01	primer-uds-south-grizli-v7.2	63927	3.05000000e+01	nan	nan	nan	nan	1
0	5.00000000e-01	1.65125732e+00	7.84583390e-01	primer-uds-south-grizli-v7.2	64058	5.00000000e-01	1.34011696e+10	4.10118303e-04	3.06031724e-14	5.31886220e+00	1
0	5.00000000e-01	1.65125732e+00	7.84583390e-01	primer-uds-south-grizli-v7.2	64058	2.00000000e+00	3.34132670e+09	6.78210639e-04	2.02976452e-13	4.75792094e+00	1
0	5.00000000e-01	1.65125732e+00	7.84583390e-01	primer-uds-south-grizli-v7.2	64058	3.50000000e+00	9.52191665e+08	6.36605338e-04	6.68568484e-13	4.45008533e+00	1
0	5.00000000e-01	1.65125732e+00	7.84583390e-01	primer-uds-south-grizli-v7.2	64058	5.00000000e+00	5.15432402e+08	3.94058528e-04	7.64520287e-13	4.56461331e+00	1
0	5.00000000e-01	1.65125732e+00	7.84583390e-01	primer-uds-south-grizli-v7.2	64058	6.50000000e+00	2.87271294e+08	5.80539316e-04	2.02087479e-12	4.68131552e+00	1
0	5.00000000e-01	1.65125732e+00	7.84583390e-01	primer-uds-south-grizli-v7.2	64058	8.00000000e+00	1.79457916e+08	6.79398692e-04	3.78583852e-12	4.56256631e+00	1
0	5.00000000e-01	1.65125732e+00	7.84583390e-01	primer-uds-south-grizli-v7.2	64058	9.50000000e+00	1.12336534e+08	7.53839039e-04	6.71054211e-12	4.53606371e+00	1
0	5.00000000e-01	1.65125732e+00	7.84583390e-01	primer-uds-south-grizli-v7.2	64058	1.10000000e+01	8.32747361e+07	6.99576064e-04	8.40081994e-12	4.56859571e+00	1
0	5.00000000e-01	1.65125732e+00	7.84583390e-01	primer-uds-south-grizli-v7.2	64058	1.25000000e+01	6.36631123e+07	6.26122023e-04	9.83492638e-12	4.51784826e+00	1
0	5.00000000e-01	1.65125732e+00	7.84583390e-01	primer-uds-south-grizli-v7.2	64058	1.40000000e+01	4.72296810e+07	6.63174466e-04	1.40414767e-11	4.42239546e+00	1
0	5.00000000e-01	1.65125732e+00	7.84583390e-01	primer-uds-south-grizli-v7.2	64058	1.55000000e+01	3.76314393e+07	5.46109785e-04	1.45120621e-11	4.45832080e+00	1
0	5.00000000e-01	1.65125732e+00	7.84583390e-01	primer-uds-south-grizli-v7.2	64058	1.70000000e+01	3.18350352e+07	6.64123888e-04	2.08614152e-11	4.49768459e+00	1
0	5.00000000e-01	1.65125732e+00	7.84583390e-01	primer-uds-south-grizli-v7.2	64058	1.85000000e+01	2.67247038e+07	1.27422714e-03	4.76797480e-11	4.20480090e+00	1
0	5.00000000e-01	1.65125732e+00	7.84583390e-01	primer-uds-south-grizli-v7.2	64058	2.00000000e+01	2.39014687e+07	1.98025877e-03	8.28509244e-11	3.89335835e+00	1
0	5.00000000e-01	1.65125732e+00	7.84583390e-01	primer-uds-south-grizli-v7.2	64058	2.15000000e+01	2.10650688e+07	2.28742971e-03	1.08588760e-10	3.55951105e+00	1
0	5.00000000e-01	1.65125732e+00	7.84583390e-01	primer-uds-south-grizli-v7.2	64058	2.30000000e+01	1.74768509e+07	1.89770196e-03	1.08583747e-10	3.06023244e+00	1
0	5.00000000e-01	1.65125732e+00	7.84583390e-01	primer-uds-south-grizli-v7.2	64058	2.45000000e+01	1.50498276e+07	1.41128273e-03	9.37740128e-11	2.80420562e+00	1
0	5.00000000e-01	1.65125732e+00	7.84583390e-01	primer-uds-south-grizli-v7.2	64058	2.60000000e+01	nan	nan	nan	nan	1
0	5.00000000e-01	1.65125732e+00	7.84583390e-01	primer-uds-south-grizli-v7.2	64058	2.75000000e+01	nan	nan	nan	nan	1
0	5.00000000e-01	1.65125732e+00	7.84583390e-01	primer-uds-south-grizli-v7.2	64058	2.90000000e+01	nan	nan	nan	nan	1
0	5.00000000e-01	1.65125732e+00	7.84583390e-01	primer-uds-south-grizli-v7.2	64058	3.05000000e+01	nan	nan	nan	nan	1
0	5.00000000e-01	1.65125732e+00	1.37750006e+00	primer-uds-south-grizli-v7.2	68797	5.00000000e-01	1.41380497e+10	2.11680727e-02	1.49724135e-12	2.88566048e+00	1
0	5.00000000e-01	1.65125732e+00	1.37750006e+00	primer-uds-south-grizli-v7.2	68797	2.00000000e+00	4.36072184e+09	7.05478838e-01	1.61780289e-10	1.67741764e+00	1
0	5.00000000e-01	1.65125732e+00	1.37750006e+00	primer-uds-south-grizli-v7.2	68797	3.50000000e+00	1.30463059e+09	5.00901362e-01	3.83941146e-10	1.45645308e+00	1
0	5.00000000e-01	1.65125732e+00	1.37750006e+00	primer-uds-south-grizli-v7.2	68797	5.00000000e+00	5.18423763e+08	1.39195791e-01	2.68498091e-10	1.83454558e+00	1
0	5.00000000e-01	1.65125732e+00	1.37750006e+00	primer-uds-south-grizli-v7.2	68797	6.50000000e+00	1.71925071e+08	2.53344246e-02	1.47357360e-10	1.98475038e+00	1
0	5.00000000e-01	1.65125732e+00	1.37750006e+00	primer-uds-south-grizli-v7.2	68797	8.00000000e+00	8.10849162e+07	1.65378866e-02	2.03957620e-10	1.90738086e+00	1
0	5.00000000e-01	1.65125732e+00	1.37750006e+00	primer-uds-south-grizli-v7.2	68797	9.50000000e+00	4.45726021e+07	1.56841230e-02	3.51878109e-10	1.83011350e+00	1
0	5.00000000e-01	1.65125732e+00	1.37750006e+00	primer-uds-south-grizli-v7.2	68797	1.10000000e+01	3.99066684e+07	1.34769571e-02	3.37711908e-10	1.76458054e+00	1
0	5.00000000e-01	1.65125732e+00	1.37750006e+00	primer-uds-south-grizli-v7.2	68797	1.25000000e+01	7.15671993e+07	2.53825993e-02	3.54668055e-10	1.72459060e+00	1
0	5.00000000e-01	1.65125732e+00	1.37750006e+00	primer-uds-south-grizli-v7.2	68797	1.40000000e+01	4.37953183e+07	1.41092284e-02	3.22162937e-10	1.59986421e+00	1
0	5.00000000e-01	1.65125732e+00	1.37750006e+00	primer-uds-south-grizli-v7.2	68797	1.55000000e+01	nan	nan	nan	nan	1
0	5.00000000e-01	1.65125732e+00	1.37750006e+00	primer-uds-south-grizli-v7.2	68797	1.70000000e+01	nan	nan	nan	nan	1
0	5.00000000e-01	1.65125732e+00	1.37750006e+00	primer-uds-south-grizli-v7.2	68797	1.85000000e+01	nan	nan	nan	nan	1
0	5.00000000e-01	1.65125732e+00	1.37750006e+00	primer-uds-south-grizli-v7.2	68797	2.00000000e+01	nan	nan	nan	nan	1
0	5.00000000e-01	1.65125732e+00	1.37750006e+00	primer-uds-south-grizli-v7.2	68797	2.15000000e+01	nan	nan	nan	nan	1
0	5.00000000e-01	1.65125732e+00	1.37750006e+00	primer-uds-south-grizli-v7.2	68797	2.30000000e+01	nan	nan	nan	nan	1
0	5.00000000e-01	1.65125732e+00	1.37750006e+00	primer-uds-south-grizli-v7.2	68797	2.45000000e+01	nan	nan	nan	nan	1
0	5.00000000e-01	1.65125732e+00	1.37750006e+00	primer-uds-south-grizli-v7.2	68797	2.60000000e+01	nan	nan	nan	nan	1
0	5.00000000e-01	1.65125732e+00	1.37750006e+00	primer-uds-south-grizli-v7.2	68797	2.75000000e+01	nan	nan	nan	nan	1
0	5.00000000e-01	1.65125732e+00	1.37750006e+00	primer-uds-south-grizli-v7.2	68797	2.90000000e+01	nan	nan	nan	nan	1
0	5.00000000e-01	1.65125732e+00	1.37750006e+00	primer-uds-south-grizli-v7.2	68797	3.05000000e+01	nan	nan	nan	nan	1
1	1.65125732e+00	2.45076146e+00	1.87019837e+00	ceers-full-grizli-v7.2	7670	5.00000000e-01	9.96157432e+09	3.27939124e-01	3.29204113e-11	1.69281409e+00	1
1	1.65125732e+00	2.45076146e+00	1.87019837e+00	ceers-full-grizli-v7.2	7670	2.00000000e+00	3.70476209e+09	2.79800948e-01	7.55246738e-11	1.61917568e+00	1
1	1.65125732e+00	2.45076146e+00	1.87019837e+00	ceers-full-grizli-v7.2	7670	3.50000000e+00	1.31754146e+09	8.12682047e-02	6.16817058e-11	1.59316549e+00	1
1	1.65125732e+00	2.45076146e+00	1.87019837e+00	ceers-full-grizli-v7.2	7670	5.00000000e+00	6.44135214e+08	4.85882405e-02	7.54317408e-11	1.43938174e+00	1
1	1.65125732e+00	2.45076146e+00	1.87019837e+00	ceers-full-grizli-v7.2	7670	6.50000000e+00	3.13059116e+08	4.06513154e-02	1.29851882e-10	1.19386676e+00	1
1	1.65125732e+00	2.45076146e+00	1.87019837e+00	ceers-full-grizli-v7.2	7670	8.00000000e+00	1.63381180e+08	4.26017428e-02	2.60750613e-10	9.69058443e-01	1
1	1.65125732e+00	2.45076146e+00	1.87019837e+00	ceers-full-grizli-v7.2	7670	9.50000000e+00	8.73460121e+07	4.06203553e-02	4.65051058e-10	8.36988036e-01	1
1	1.65125732e+00	2.45076146e+00	1.87019837e+00	ceers-full-grizli-v7.2	7670	1.10000000e+01	4.82628286e+07	3.45109538e-02	7.15062808e-10	7.29799428e-01	1
1	1.65125732e+00	2.45076146e+00	1.87019837e+00	ceers-full-grizli-v7.2	7670	1.25000000e+01	2.34018064e+07	2.71705220e-02	1.16104379e-09	6.15099200e-01	1
1	1.65125732e+00	2.45076146e+00	1.87019837e+00	ceers-full-grizli-v7.2	7670	1.40000000e+01	1.41531656e+07	2.16352088e-02	1.52864804e-09	5.55153205e-01	1
1	1.65125732e+00	2.45076146e+00	1.87019837e+00	ceers-full-grizli-v7.2	7670	1.55000000e+01	9.44021071e+06	1.66537072e-02	1.76412452e-09	5.24891531e-01	1
1	1.65125732e+00	2.45076146e+00	1.87019837e+00	ceers-full-grizli-v7.2	7670	1.70000000e+01	7.11108541e+06	1.40371344e-02	1.97397915e-09	5.08196975e-01	1
1	1.65125732e+00	2.45076146e+00	1.87019837e+00	ceers-full-grizli-v7.2	7670	1.85000000e+01	5.58879695e+06	1.27108970e-02	2.27435299e-09	4.85303747e-01	1
1	1.65125732e+00	2.45076146e+00	1.87019837e+00	ceers-full-grizli-v7.2	7670	2.00000000e+01	5.36072266e+06	1.20536594e-02	2.24851390e-09	4.80345207e-01	1
1	1.65125732e+00	2.45076146e+00	1.87019837e+00	ceers-full-grizli-v7.2	7670	2.15000000e+01	5.07308144e+06	1.54385370e-02	3.04322673e-09	4.97346271e-01	1
1	1.65125732e+00	2.45076146e+00	1.87019837e+00	ceers-full-grizli-v7.2	7670	2.30000000e+01	6.06138701e+06	2.06910082e-02	3.41357649e-09	5.27491248e-01	1
1	1.65125732e+00	2.45076146e+00	1.87019837e+00	ceers-full-grizli-v7.2	7670	2.45000000e+01	5.61840330e+06	1.20334881e-02	2.14179856e-09	5.39945974e-01	1
1	1.65125732e+00	2.45076146e+00	1.87019837e+00	ceers-full-grizli-v7.2	7670	2.60000000e+01	5.05643786e+06	8.11812284e-03	1.60550234e-09	4.82026795e-01	1
1	1.65125732e+00	2.45076146e+00	1.87019837e+00	ceers-full-grizli-v7.2	7670	2.75000000e+01	3.98072991e+06	6.07749236e-03	1.52672814e-09	4.42472006e-01	1
1	1.65125732e+00	2.45076146e+00	1.87019837e+00	ceers-full-grizli-v7.2	7670	2.90000000e+01	4.44601567e+06	8.51332156e-03	1.91482041e-09	4.42472006e-01	1
1	1.65125732e+00	2.45076146e+00	1.87019837e+00	ceers-full-grizli-v7.2	7670	3.05000000e+01	4.91130144e+06	1.09491508e-02	2.22937869e-09	4.42472006e-01	1
1	1.65125732e+00	2.45076146e+00	1.75781965e+00	ceers-full-grizli-v7.2	27048	5.00000000e-01	1.71669688e+10	3.43343802e-03	2.00002579e-13	2.24666297e+00	1
1	1.65125732e+00	2.45076146e+00	1.75781965e+00	ceers-full-grizli-v7.2	27048	2.00000000e+00	4.02511572e+09	6.24024342e-02	1.55032646e-11	2.37241767e+00	1
1	1.65125732e+00	2.45076146e+00	1.75781965e+00	ceers-full-grizli-v7.2	27048	3.50000000e+00	9.54980517e+08	8.98317593e-02	9.40665884e-11	2.11048431e+00	1
1	1.65125732e+00	2.45076146e+00	1.75781965e+00	ceers-full-grizli-v7.2	27048	5.00000000e+00	4.72202357e+08	1.04056624e-02	2.20364474e-11	1.87735077e+00	1
1	1.65125732e+00	2.45076146e+00	1.75781965e+00	ceers-full-grizli-v7.2	27048	6.50000000e+00	2.47302526e+08	2.20352233e-02	8.91022978e-11	1.56460873e+00	1
1	1.65125732e+00	2.45076146e+00	1.75781965e+00	ceers-full-grizli-v7.2	27048	8.00000000e+00	1.48565171e+08	3.49339956e-02	2.35142566e-10	1.26599462e+00	1
1	1.65125732e+00	2.45076146e+00	1.75781965e+00	ceers-full-grizli-v7.2	27048	9.50000000e+00	8.77343393e+07	4.38559349e-02	4.99871946e-10	1.00768202e+00	1
1	1.65125732e+00	2.45076146e+00	1.75781965e+00	ceers-full-grizli-v7.2	27048	1.10000000e+01	5.79915068e+07	4.28228546e-02	7.38433211e-10	8.46965026e-01	1
1	1.65125732e+00	2.45076146e+00	1.75781965e+00	ceers-full-grizli-v7.2	27048	1.25000000e+01	4.23025895e+07	3.55574809e-02	8.40550929e-10	7.87548749e-01	1
1	1.65125732e+00	2.45076146e+00	1.75781965e+00	ceers-full-grizli-v7.2	27048	1.40000000e+01	3.16093185e+07	2.93377726e-02	9.28136829e-10	7.32971677e-01	1
1	1.65125732e+00	2.45076146e+00	1.75781965e+00	ceers-full-grizli-v7.2	27048	1.55000000e+01	2.16913760e+07	2.39176927e-02	1.10263603e-09	6.88333756e-01	1
1	1.65125732e+00	2.45076146e+00	1.75781965e+00	ceers-full-grizli-v7.2	27048	1.70000000e+01	1.78799481e+07	2.08842080e-02	1.16802397e-09	6.70238225e-01	1
1	1.65125732e+00	2.45076146e+00	1.75781965e+00	ceers-full-grizli-v7.2	27048	1.85000000e+01	1.47859336e+07	1.95744441e-02	1.32385581e-09	6.57119641e-01	1
1	1.65125732e+00	2.45076146e+00	1.75781965e+00	ceers-full-grizli-v7.2	27048	2.00000000e+01	1.28054530e+07	1.91114866e-02	1.49244909e-09	6.44720438e-01	1
1	1.65125732e+00	2.45076146e+00	1.75781965e+00	ceers-full-grizli-v7.2	27048	2.15000000e+01	1.17192370e+07	2.07273448e-02	1.76865991e-09	6.22119710e-01	1
1	1.65125732e+00	2.45076146e+00	1.75781965e+00	ceers-full-grizli-v7.2	27048	2.30000000e+01	1.01642287e+07	1.97693556e-02	1.94499319e-09	5.96635882e-01	1
1	1.65125732e+00	2.45076146e+00	1.75781965e+00	ceers-full-grizli-v7.2	27048	2.45000000e+01	9.95609300e+06	1.96971698e-02	1.97840355e-09	5.98511619e-01	1
1	1.65125732e+00	2.45076146e+00	1.75781965e+00	ceers-full-grizli-v7.2	27048	2.60000000e+01	8.33167621e+06	1.82896055e-02	2.19518919e-09	5.99898375e-01	1
1	1.65125732e+00	2.45076146e+00	1.75781965e+00	ceers-full-grizli-v7.2	27048	2.75000000e+01	6.87955032e+06	1.02458512e-02	1.48931990e-09	5.98873929e-01	1
1	1.65125732e+00	2.45076146e+00	1.75781965e+00	ceers-full-grizli-v7.2	27048	2.90000000e+01	5.63611505e+06	3.89923656e-03	6.91830547e-10	6.99909376e-01	1
1	1.65125732e+00	2.45076146e+00	1.75781965e+00	ceers-full-grizli-v7.2	27048	3.05000000e+01	4.88982170e+06	3.92322705e-03	8.02325174e-10	7.08106114e-01	1
1	1.65125732e+00	2.45076146e+00	1.72938037e+00	ceers-full-grizli-v7.2	27378	5.00000000e-01	8.27831015e+09	6.76520013e-02	8.17219941e-12	2.37610621e+00	1
1	1.65125732e+00	2.45076146e+00	1.72938037e+00	ceers-full-grizli-v7.2	27378	2.00000000e+00	3.51893660e+09	1.82692412e-01	5.19169377e-11	1.87433077e+00	1
1	1.65125732e+00	2.45076146e+00	1.72938037e+00	ceers-full-grizli-v7.2	27378	3.50000000e+00	1.45260454e+09	2.01359920e-01	1.38619917e-10	1.48998533e+00	1
1	1.65125732e+00	2.45076146e+00	1.72938037e+00	ceers-full-grizli-v7.2	27378	5.00000000e+00	6.88232001e+08	1.57877817e-01	2.29396217e-10	1.14843370e+00	1
1	1.65125732e+00	2.45076146e+00	1.72938037e+00	ceers-full-grizli-v7.2	27378	6.50000000e+00	2.37321010e+08	1.30708499e-01	5.50766654e-10	8.84399540e-01	1
1	1.65125732e+00	2.45076146e+00	1.72938037e+00	ceers-full-grizli-v7.2	27378	8.00000000e+00	9.88030338e+07	8.38453740e-02	8.48611330e-10	7.93331831e-01	1
1	1.65125732e+00	2.45076146e+00	1.72938037e+00	ceers-full-grizli-v7.2	27378	9.50000000e+00	4.30575902e+07	4.38275150e-02	1.01788128e-09	7.52697104e-01	1
1	1.65125732e+00	2.45076146e+00	1.72938037e+00	ceers-full-grizli-v7.2	27378	1.10000000e+01	2.37160770e+07	2.86282215e-02	1.20712298e-09	7.14614178e-01	1
1	1.65125732e+00	2.45076146e+00	1.72938037e+00	ceers-full-grizli-v7.2	27378	1.25000000e+01	1.67540862e+07	2.24666075e-02	1.34096286e-09	6.89826488e-01	1
1	1.65125732e+00	2.45076146e+00	1.72938037e+00	ceers-full-grizli-v7.2	27378	1.40000000e+01	1.46510566e+07	2.02418547e-02	1.38159692e-09	6.76150106e-01	1
1	1.65125732e+00	2.45076146e+00	1.72938037e+00	ceers-full-grizli-v7.2	27378	1.55000000e+01	1.05064313e+07	1.48887849e-02	1.41711153e-09	6.29304620e-01	1
1	1.65125732e+00	2.45076146e+00	1.72938037e+00	ceers-full-grizli-v7.2	27378	1.70000000e+01	7.81486699e+06	1.29877640e-02	1.66193027e-09	6.31556288e-01	1
1	1.65125732e+00	2.45076146e+00	1.72938037e+00	ceers-full-grizli-v7.2	27378	1.85000000e+01	nan	nan	nan	nan	1
1	1.65125732e+00	2.45076146e+00	1.72938037e+00	ceers-full-grizli-v7.2	27378	2.00000000e+01	nan	nan	nan	nan	1
1	1.65125732e+00	2.45076146e+00	1.72938037e+00	ceers-full-grizli-v7.2	27378	2.15000000e+01	nan	nan	nan	nan	1
1	1.65125732e+00	2.45076146e+00	1.72938037e+00	ceers-full-grizli-v7.2	27378	2.30000000e+01	nan	nan	nan	nan	1
1	1.65125732e+00	2.45076146e+00	1.72938037e+00	ceers-full-grizli-v7.2	27378	2.45000000e+01	nan	nan	nan	nan	1
1	1.65125732e+00	2.45076146e+00	1.72938037e+00	ceers-full-grizli-v7.2	27378	2.60000000e+01	nan	nan	nan	nan	1
1	1.65125732e+00	2.45076146e+00	1.72938037e+00	ceers-full-grizli-v7.2	27378	2.75000000e+01	nan	nan	nan	nan	1
1	1.65125732e+00	2.45076146e+00	1.72938037e+00	ceers-full-grizli-v7.2	27378	2.90000000e+01	nan	nan	nan	nan	1
1	1.65125732e+00	2.45076146e+00	1.72938037e+00	ceers-full-grizli-v7.2	27378	3.05000000e+01	nan	nan	nan	nan	1
1	1.65125732e+00	2.45076146e+00	2.19111347e+00	ceers-full-grizli-v7.2	27651	5.00000000e-01	1.16129679e+10	4.01654072e+01	3.45866857e-09	1.07131072e+00	1
1	1.65125732e+00	2.45076146e+00	2.19111347e+00	ceers-full-grizli-v7.2	27651	2.00000000e+00	3.11882826e+09	7.49319229e-01	2.40256650e-10	2.00261727e+00	1
1	1.65125732e+00	2.45076146e+00	2.19111347e+00	ceers-full-grizli-v7.2	27651	3.50000000e+00	7.44776851e+08	1.21402188e-01	1.63004782e-10	1.56406484e+00	1
1	1.65125732e+00	2.45076146e+00	2.19111347e+00	ceers-full-grizli-v7.2	27651	5.00000000e+00	2.73240142e+08	9.17104761e-02	3.35640566e-10	1.10330586e+00	1
1	1.65125732e+00	2.45076146e+00	2.19111347e+00	ceers-full-grizli-v7.2	27651	6.50000000e+00	9.72183661e+07	5.96069625e-02	6.13124504e-10	9.01605531e-01	1
1	1.65125732e+00	2.45076146e+00	2.19111347e+00	ceers-full-grizli-v7.2	27651	8.00000000e+00	6.09552488e+07	4.11319566e-02	6.74789413e-10	9.02375249e-01	1
1	1.65125732e+00	2.45076146e+00	2.19111347e+00	ceers-full-grizli-v7.2	27651	9.50000000e+00	5.05391171e+07	2.72975620e-02	5.40127402e-10	9.85594003e-01	1
1	1.65125732e+00	2.45076146e+00	2.19111347e+00	ceers-full-grizli-v7.2	27651	1.10000000e+01	nan	nan	nan	nan	1
1	1.65125732e+00	2.45076146e+00	2.19111347e+00	ceers-full-grizli-v7.2	27651	1.25000000e+01	nan	nan	nan	nan	1
1	1.65125732e+00	2.45076146e+00	2.19111347e+00	ceers-full-grizli-v7.2	27651	1.40000000e+01	nan	nan	nan	nan	1
1	1.65125732e+00	2.45076146e+00	2.19111347e+00	ceers-full-grizli-v7.2	27651	1.55000000e+01	nan	nan	nan	nan	1
1	1.65125732e+00	2.45076146e+00	2.19111347e+00	ceers-full-grizli-v7.2	27651	1.70000000e+01	nan	nan	nan	nan	1
1	1.65125732e+00	2.45076146e+00	2.19111347e+00	ceers-full-grizli-v7.2	27651	1.85000000e+01	nan	nan	nan	nan	1
1	1.65125732e+00	2.45076146e+00	2.19111347e+00	ceers-full-grizli-v7.2	27651	2.00000000e+01	nan	nan	nan	nan	1
1	1.65125732e+00	2.45076146e+00	2.19111347e+00	ceers-full-grizli-v7.2	27651	2.15000000e+01	nan	nan	nan	nan	1
1	1.65125732e+00	2.45076146e+00	2.19111347e+00	ceers-full-grizli-v7.2	27651	2.30000000e+01	nan	nan	nan	nan	1
1	1.65125732e+00	2.45076146e+00	2.19111347e+00	ceers-full-grizli-v7.2	27651	2.45000000e+01	nan	nan	nan	nan	1
1	1.65125732e+00	2.45076146e+00	2.19111347e+00	ceers-full-grizli-v7.2	27651	2.60000000e+01	nan	nan	nan	nan	1
1	1.65125732e+00	2.45076146e+00	2.19111347e+00	ceers-full-grizli-v7.2	27651	2.75000000e+01	nan	nan	nan	nan	1
1	1.65125732e+00	2.45076146e+00	2.19111347e+00	ceers-full-grizli-v7.2	27651	2.90000000e+01	nan	nan	nan	nan	1
1	1.65125732e+00	2.45076146e+00	2.19111347e+00	ceers-full-grizli-v7.2	27651	3.05000000e+01	nan	nan	nan	nan	1
1	1.65125732e+00	2.45076146e+00	2.16587877e+00	ceers-full-grizli-v7.2	29357	5.00000000e-01	1.21098892e+10	2.62093828e-01	2.16429584e-11	1.96657831e+00	1
1	1.65125732e+00	2.45076146e+00	2.16587877e+00	ceers-full-grizli-v7.2	29357	2.00000000e+00	3.28567347e+09	1.44349147e+00	4.39328949e-10	1.09350155e+00	1
1	1.65125732e+00	2.45076146e+00	2.16587877e+00	ceers-full-grizli-v7.2	29357	3.50000000e+00	7.83373323e+08	1.22245510e+00	1.56050131e-09	5.58423136e-01	1
1	1.65125732e+00	2.45076146e+00	2.16587877e+00	ceers-full-grizli-v7.2	29357	5.00000000e+00	3.61674475e+08	7.16662839e-01	1.98151346e-09	4.70872369e-01	1
1	1.65125732e+00	2.45076146e+00	2.16587877e+00	ceers-full-grizli-v7.2	29357	6.50000000e+00	1.56363199e+08	3.51169371e-01	2.24585690e-09	4.17626868e-01	1
1	1.65125732e+00	2.45076146e+00	2.16587877e+00	ceers-full-grizli-v7.2	29357	8.00000000e+00	6.53455392e+07	1.70133545e-01	2.60359846e-09	3.96341235e-01	1
1	1.65125732e+00	2.45076146e+00	2.16587877e+00	ceers-full-grizli-v7.2	29357	9.50000000e+00	2.80784068e+07	8.34459615e-02	2.97189089e-09	3.94297909e-01	1
1	1.65125732e+00	2.45076146e+00	2.16587877e+00	ceers-full-grizli-v7.2	29357	1.10000000e+01	1.82782951e+07	6.63529272e-02	3.63014860e-09	3.90382914e-01	1
1	1.65125732e+00	2.45076146e+00	2.16587877e+00	ceers-full-grizli-v7.2	29357	1.25000000e+01	1.39692476e+07	6.15734760e-02	4.40778759e-09	4.06005362e-01	1
1	1.65125732e+00	2.45076146e+00	2.16587877e+00	ceers-full-grizli-v7.2	29357	1.40000000e+01	1.12033296e+07	5.83160594e-02	5.20524357e-09	4.17746985e-01	1
1	1.65125732e+00	2.45076146e+00	2.16587877e+00	ceers-full-grizli-v7.2	29357	1.55000000e+01	1.04378161e+07	5.60381603e-02	5.36876294e-09	4.19665788e-01	1
1	1.65125732e+00	2.45076146e+00	2.16587877e+00	ceers-full-grizli-v7.2	29357	1.70000000e+01	nan	nan	nan	nan	1
1	1.65125732e+00	2.45076146e+00	2.16587877e+00	ceers-full-grizli-v7.2	29357	1.85000000e+01	nan	nan	nan	nan	1
1	1.65125732e+00	2.45076146e+00	2.16587877e+00	ceers-full-grizli-v7.2	29357	2.00000000e+01	nan	nan	nan	nan	1
1	1.65125732e+00	2.45076146e+00	2.16587877e+00	ceers-full-grizli-v7.2	29357	2.15000000e+01	nan	nan	nan	nan	1
1	1.65125732e+00	2.45076146e+00	2.16587877e+00	ceers-full-grizli-v7.2	29357	2.30000000e+01	nan	nan	nan	nan	1
1	1.65125732e+00	2.45076146e+00	2.16587877e+00	ceers-full-grizli-v7.2	29357	2.45000000e+01	nan	nan	nan	nan	1
1	1.65125732e+00	2.45076146e+00	2.16587877e+00	ceers-full-grizli-v7.2	29357	2.60000000e+01	nan	nan	nan	nan	1
1	1.65125732e+00	2.45076146e+00	2.16587877e+00	ceers-full-grizli-v7.2	29357	2.75000000e+01	nan	nan	nan	nan	1
1	1.65125732e+00	2.45076146e+00	2.16587877e+00	ceers-full-grizli-v7.2	29357	2.90000000e+01	nan	nan	nan	nan	1
1	1.65125732e+00	2.45076146e+00	2.16587877e+00	ceers-full-grizli-v7.2	29357	3.05000000e+01	nan	nan	nan	nan	1
1	1.65125732e+00	2.45076146e+00	1.75003076e+00	ceers-full-grizli-v7.2	64856	5.00000000e-01	9.62498142e+09	5.49441028e-02	5.70848923e-12	1.89668587e+00	1
1	1.65125732e+00	2.45076146e+00	1.75003076e+00	ceers-full-grizli-v7.2	64856	2.00000000e+00	3.35155117e+09	3.76417423e-01	1.12311406e-10	1.33091641e+00	1
1	1.65125732e+00	2.45076146e+00	1.75003076e+00	ceers-full-grizli-v7.2	64856	3.50000000e+00	1.21295596e+09	5.73437255e-01	4.72760159e-10	1.01621589e+00	1
1	1.65125732e+00	2.45076146e+00	1.75003076e+00	ceers-full-grizli-v7.2	64856	5.00000000e+00	4.62632297e+08	2.77886448e-01	6.00663745e-10	1.02595713e+00	1
1	1.65125732e+00	2.45076146e+00	1.75003076e+00	ceers-full-grizli-v7.2	64856	6.50000000e+00	1.53882386e+08	9.77601191e-02	6.35291158e-10	8.85437934e-01	1
1	1.65125732e+00	2.45076146e+00	1.75003076e+00	ceers-full-grizli-v7.2	64856	8.00000000e+00	7.37041991e+07	5.36471591e-02	7.27871135e-10	8.19268177e-01	1
1	1.65125732e+00	2.45076146e+00	1.75003076e+00	ceers-full-grizli-v7.2	64856	9.50000000e+00	4.08434677e+07	3.56279062e-02	8.72303657e-10	8.21078760e-01	1
1	1.65125732e+00	2.45076146e+00	1.75003076e+00	ceers-full-grizli-v7.2	64856	1.10000000e+01	2.72755081e+07	2.91955252e-02	1.07039345e-09	8.34080192e-01	1
1	1.65125732e+00	2.45076146e+00	1.75003076e+00	ceers-full-grizli-v7.2	64856	1.25000000e+01	1.96354041e+07	1.37839860e-02	7.01996553e-10	8.69638162e-01	1
1	1.65125732e+00	2.45076146e+00	1.75003076e+00	ceers-full-grizli-v7.2	64856	1.40000000e+01	nan	nan	nan	nan	1
1	1.65125732e+00	2.45076146e+00	1.75003076e+00	ceers-full-grizli-v7.2	64856	1.55000000e+01	nan	nan	nan	nan	1
1	1.65125732e+00	2.45076146e+00	1.75003076e+00	ceers-full-grizli-v7.2	64856	1.70000000e+01	nan	nan	nan	nan	1
1	1.65125732e+00	2.45076146e+00	1.75003076e+00	ceers-full-grizli-v7.2	64856	1.85000000e+01	nan	nan	nan	nan	1
1	1.65125732e+00	2.45076146e+00	1.75003076e+00	ceers-full-grizli-v7.2	64856	2.00000000e+01	nan	nan	nan	nan	1
1	1.65125732e+00	2.45076146e+00	1.75003076e+00	ceers-full-grizli-v7.2	64856	2.15000000e+01	nan	nan	nan	nan	1
1	1.65125732e+00	2.45076146e+00	1.75003076e+00	ceers-full-grizli-v7.2	64856	2.30000000e+01	nan	nan	nan	nan	1
1	1.65125732e+00	2.45076146e+00	1.75003076e+00	ceers-full-grizli-v7.2	64856	2.45000000e+01	nan	nan	nan	nan	1
1	1.65125732e+00	2.45076146e+00	1.75003076e+00	ceers-full-grizli-v7.2	64856	2.60000000e+01	nan	nan	nan	nan	1
1	1.65125732e+00	2.45076146e+00	1.75003076e+00	ceers-full-grizli-v7.2	64856	2.75000000e+01	nan	nan	nan	nan	1
1	1.65125732e+00	2.45076146e+00	1.75003076e+00	ceers-full-grizli-v7.2	64856	2.90000000e+01	nan	nan	nan	nan	1
1	1.65125732e+00	2.45076146e+00	1.75003076e+00	ceers-full-grizli-v7.2	64856	3.05000000e+01	nan	nan	nan	nan	1
1	1.65125732e+00	2.45076146e+00	1.65964341e+00	ceers-full-grizli-v7.2	68529	5.00000000e-01	5.70101688e+09	3.42254083e+00	6.00338659e-10	8.85745547e-01	1
1	1.65125732e+00	2.45076146e+00	1.65964341e+00	ceers-full-grizli-v7.2	68529	2.00000000e+00	1.47519902e+09	2.22580379e+00	1.50881593e-09	7.93557078e-01	1
1	1.65125732e+00	2.45076146e+00	1.65964341e+00	ceers-full-grizli-v7.2	68529	3.50000000e+00	5.48632957e+08	1.00938069e+00	1.83981053e-09	8.75303987e-01	1
1	1.65125732e+00	2.45076146e+00	1.65964341e+00	ceers-full-grizli-v7.2	68529	5.00000000e+00	3.18653800e+08	5.21273974e-01	1.63586304e-09	7.77028773e-01	1
1	1.65125732e+00	2.45076146e+00	1.65964341e+00	ceers-full-grizli-v7.2	68529	6.50000000e+00	1.97691425e+08	3.22294334e-01	1.63028990e-09	7.96260403e-01	1
1	1.65125732e+00	2.45076146e+00	1.65964341e+00	ceers-full-grizli-v7.2	68529	8.00000000e+00	1.40868780e+08	2.30404546e-01	1.63559694e-09	8.10606796e-01	1
1	1.65125732e+00	2.45076146e+00	1.65964341e+00	ceers-full-grizli-v7.2	68529	9.50000000e+00	9.74560553e+07	1.92334587e-01	1.97355194e-09	7.61509819e-01	1
1	1.65125732e+00	2.45076146e+00	1.65964341e+00	ceers-full-grizli-v7.2	68529	1.10000000e+01	8.23335740e+07	1.47433717e-01	1.79068769e-09	8.02334763e-01	1
1	1.65125732e+00	2.45076146e+00	1.65964341e+00	ceers-full-grizli-v7.2	68529	1.25000000e+01	6.77812167e+07	1.03646310e-01	1.52913027e-09	8.36049556e-01	1
1	1.65125732e+00	2.45076146e+00	1.65964341e+00	ceers-full-grizli-v7.2	68529	1.40000000e+01	4.43961133e+07	7.32477865e-02	1.64986935e-09	8.31468463e-01	1
1	1.65125732e+00	2.45076146e+00	1.65964341e+00	ceers-full-grizli-v7.2	68529	1.55000000e+01	3.13151347e+07	5.11249256e-02	1.63259478e-09	7.82940983e-01	1
1	1.65125732e+00	2.45076146e+00	1.65964341e+00	ceers-full-grizli-v7.2	68529	1.70000000e+01	2.81052975e+07	3.79059532e-02	1.34871204e-09	7.24717258e-01	1
1	1.65125732e+00	2.45076146e+00	1.65964341e+00	ceers-full-grizli-v7.2	68529	1.85000000e+01	2.28770394e+07	3.62635309e-02	1.58514965e-09	6.63703796e-01	1
1	1.65125732e+00	2.45076146e+00	1.65964341e+00	ceers-full-grizli-v7.2	68529	2.00000000e+01	1.59727997e+07	2.72684527e-02	1.70718053e-09	6.77064504e-01	1
1	1.65125732e+00	2.45076146e+00	1.65964341e+00	ceers-full-grizli-v7.2	68529	2.15000000e+01	1.18002831e+07	1.84016615e-02	1.55942542e-09	6.93687080e-01	1
1	1.65125732e+00	2.45076146e+00	1.65964341e+00	ceers-full-grizli-v7.2	68529	2.30000000e+01	1.07136265e+07	2.16842627e-02	2.02398905e-09	6.08687861e-01	1
1	1.65125732e+00	2.45076146e+00	1.65964341e+00	ceers-full-grizli-v7.2	68529	2.45000000e+01	1.54539108e+07	4.20993318e-02	2.72418628e-09	5.42389352e-01	1
1	1.65125732e+00	2.45076146e+00	1.65964341e+00	ceers-full-grizli-v7.2	68529	2.60000000e+01	9.21743280e+06	2.40807907e-02	2.61252685e-09	5.92986536e-01	1
1	1.65125732e+00	2.45076146e+00	1.65964341e+00	ceers-full-grizli-v7.2	68529	2.75000000e+01	6.57067745e+06	2.62607510e-02	3.99665806e-09	6.50698344e-01	1
1	1.65125732e+00	2.45076146e+00	1.65964341e+00	ceers-full-grizli-v7.2	68529	2.90000000e+01	6.59170746e+06	2.25424206e-02	3.41981509e-09	5.41515072e-01	1
1	1.65125732e+00	2.45076146e+00	1.65964341e+00	ceers-full-grizli-v7.2	68529	3.05000000e+01	6.25346614e+06	6.44614940e-02	1.03081223e-08	3.74574353e-01	1
1	1.65125732e+00	2.45076146e+00	2.25384045e+00	ceers-full-grizli-v7.2	70657	5.00000000e-01	9.04889648e+09	1.75627473e+00	1.94087172e-10	1.45039494e+00	1
1	1.65125732e+00	2.45076146e+00	2.25384045e+00	ceers-full-grizli-v7.2	70657	2.00000000e+00	2.92608210e+09	2.75114118e+00	9.40213257e-10	7.28791821e-01	1
1	1.65125732e+00	2.45076146e+00	2.25384045e+00	ceers-full-grizli-v7.2	70657	3.50000000e+00	1.13134646e+09	1.18020396e+00	1.04318527e-09	7.29066287e-01	1
1	1.65125732e+00	2.45076146e+00	2.25384045e+00	ceers-full-grizli-v7.2	70657	5.00000000e+00	5.36977167e+08	6.15580922e-01	1.14638193e-09	6.16889934e-01	1
1	1.65125732e+00	2.45076146e+00	2.25384045e+00	ceers-full-grizli-v7.2	70657	6.50000000e+00	2.24736427e+08	4.09995738e-01	1.82434037e-09	4.77041860e-01	1
1	1.65125732e+00	2.45076146e+00	2.25384045e+00	ceers-full-grizli-v7.2	70657	8.00000000e+00	9.32168608e+07	2.05057002e-01	2.19978447e-09	4.67939469e-01	1
1	1.65125732e+00	2.45076146e+00	2.25384045e+00	ceers-full-grizli-v7.2	70657	9.50000000e+00	3.92393156e+07	9.72680846e-02	2.47884254e-09	4.75587197e-01	1
1	1.65125732e+00	2.45076146e+00	2.25384045e+00	ceers-full-grizli-v7.2	70657	1.10000000e+01	2.08238280e+07	5.97887291e-02	2.87116898e-09	4.80207385e-01	1
1	1.65125732e+00	2.45076146e+00	2.25384045e+00	ceers-full-grizli-v7.2	70657	1.25000000e+01	1.39072408e+07	5.34102469e-02	3.84046323e-09	4.40242245e-01	1
1	1.65125732e+00	2.45076146e+00	2.25384045e+00	ceers-full-grizli-v7.2	70657	1.40000000e+01	1.11856117e+07	4.59419602e-02	4.10723716e-09	3.61998806e-01	1
1	1.65125732e+00	2.45076146e+00	2.25384045e+00	ceers-full-grizli-v7.2	70657	1.55000000e+01	1.08814882e+07	3.05223458e-02	2.80497899e-09	4.24158767e-01	1
1	1.65125732e+00	2.45076146e+00	2.25384045e+00	ceers-full-grizli-v7.2	70657	1.70000000e+01	2.53515844e+07	8.40545493e-02	3.31555409e-09	3.81237024e-01	1
1	1.65125732e+00	2.45076146e+00	2.25384045e+00	ceers-full-grizli-v7.2	70657	1.85000000e+01	3.56749837e+07	1.21114129e-01	3.39493159e-09	3.55114386e-01	1
1	1.65125732e+00	2.45076146e+00	2.25384045e+00	ceers-full-grizli-v7.2	70657	2.00000000e+01	1.99482245e+07	6.43467631e-02	3.22568874e-09	3.75325906e-01	1
1	1.65125732e+00	2.45076146e+00	2.25384045e+00	ceers-full-grizli-v7.2	70657	2.15000000e+01	nan	nan	nan	nan	1
1	1.65125732e+00	2.45076146e+00	2.25384045e+00	ceers-full-grizli-v7.2	70657	2.30000000e+01	nan	nan	nan	nan	1
1	1.65125732e+00	2.45076146e+00	2.25384045e+00	ceers-full-grizli-v7.2	70657	2.45000000e+01	nan	nan	nan	nan	1
1	1.65125732e+00	2.45076146e+00	2.25384045e+00	ceers-full-grizli-v7.2	70657	2.60000000e+01	nan	nan	nan	nan	1
1	1.65125732e+00	2.45076146e+00	2.25384045e+00	ceers-full-grizli-v7.2	70657	2.75000000e+01	nan	nan	nan	nan	1
1	1.65125732e+00	2.45076146e+00	2.25384045e+00	ceers-full-grizli-v7.2	70657	2.90000000e+01	nan	nan	nan	nan	1
1	1.65125732e+00	2.45076146e+00	2.25384045e+00	ceers-full-grizli-v7.2	70657	3.05000000e+01	nan	nan	nan	nan	1
1	1.65125732e+00	2.45076146e+00	2.10260010e+00	primer-cosmos-east-grizli-v7.0	8999	5.00000000e-01	1.27693675e+10	3.38560963e-01	2.65135265e-11	1.72081110e+00	1
1	1.65125732e+00	2.45076146e+00	2.10260010e+00	primer-cosmos-east-grizli-v7.0	8999	2.00000000e+00	3.66410620e+09	1.15271254e+00	3.14595833e-10	9.83856603e-01	1
1	1.65125732e+00	2.45076146e+00	2.10260010e+00	primer-cosmos-east-grizli-v7.0	8999	3.50000000e+00	7.93436352e+08	1.05474044e+00	1.32933213e-09	5.38684761e-01	1
1	1.65125732e+00	2.45076146e+00	2.10260010e+00	primer-cosmos-east-grizli-v7.0	8999	5.00000000e+00	3.06781900e+08	5.49563209e-01	1.79138081e-09	4.78229964e-01	1
1	1.65125732e+00	2.45076146e+00	2.10260010e+00	primer-cosmos-east-grizli-v7.0	8999	6.50000000e+00	1.64533263e+08	3.37620615e-01	2.05199003e-09	4.57894133e-01	1
1	1.65125732e+00	2.45076146e+00	2.10260010e+00	primer-cosmos-east-grizli-v7.0	8999	8.00000000e+00	1.78495223e+08	5.94738457e-01	3.33195728e-09	4.58549514e-01	1
1	1.65125732e+00	2.45076146e+00	2.10260010e+00	primer-cosmos-east-grizli-v7.0	8999	9.50000000e+00	1.24935627e+08	3.68667464e-01	2.95085937e-09	4.24065441e-01	1
1	1.65125732e+00	2.45076146e+00	2.10260010e+00	primer-cosmos-east-grizli-v7.0	8999	1.10000000e+01	5.69770358e+07	1.37216167e-01	2.40827142e-09	4.22977348e-01	1
1	1.65125732e+00	2.45076146e+00	2.10260010e+00	primer-cosmos-east-grizli-v7.0	8999	1.25000000e+01	3.51927673e+07	8.88698944e-02	2.52523178e-09	4.06804939e-01	1
1	1.65125732e+00	2.45076146e+00	2.10260010e+00	primer-cosmos-east-grizli-v7.0	8999	1.40000000e+01	2.75293931e+07	7.69393785e-02	2.79480838e-09	3.80889010e-01	1
1	1.65125732e+00	2.45076146e+00	2.10260010e+00	primer-cosmos-east-grizli-v7.0	8999	1.55000000e+01	2.37328552e+07	6.44199852e-02	2.71437990e-09	3.80415466e-01	1
1	1.65125732e+00	2.45076146e+00	2.10260010e+00	primer-cosmos-east-grizli-v7.0	8999	1.70000000e+01	1.91719629e+07	5.60422451e-02	2.92313548e-09	3.83437174e-01	1
1	1.65125732e+00	2.45076146e+00	2.10260010e+00	primer-cosmos-east-grizli-v7.0	8999	1.85000000e+01	1.48062607e+07	3.87150932e-02	2.61477856e-09	3.89082390e-01	1
1	1.65125732e+00	2.45076146e+00	2.10260010e+00	primer-cosmos-east-grizli-v7.0	8999	2.00000000e+01	1.26025888e+07	3.55966805e-02	2.82455303e-09	4.15302202e-01	1
1	1.65125732e+00	2.45076146e+00	2.10260010e+00	primer-cosmos-east-grizli-v7.0	8999	2.15000000e+01	nan	nan	nan	nan	1
1	1.65125732e+00	2.45076146e+00	2.10260010e+00	primer-cosmos-east-grizli-v7.0	8999	2.30000000e+01	nan	nan	nan	nan	1
1	1.65125732e+00	2.45076146e+00	2.10260010e+00	primer-cosmos-east-grizli-v7.0	8999	2.45000000e+01	nan	nan	nan	nan	1
1	1.65125732e+00	2.45076146e+00	2.10260010e+00	primer-cosmos-east-grizli-v7.0	8999	2.60000000e+01	nan	nan	nan	nan	1
1	1.65125732e+00	2.45076146e+00	2.10260010e+00	primer-cosmos-east-grizli-v7.0	8999	2.75000000e+01	nan	nan	nan	nan	1
1	1.65125732e+00	2.45076146e+00	2.10260010e+00	primer-cosmos-east-grizli-v7.0	8999	2.90000000e+01	nan	nan	nan	nan	1
1	1.65125732e+00	2.45076146e+00	2.10260010e+00	primer-cosmos-east-grizli-v7.0	8999	3.05000000e+01	nan	nan	nan	nan	1
1	1.65125732e+00	2.45076146e+00	2.10230017e+00	primer-cosmos-east-grizli-v7.0	22936	5.00000000e-01	7.59672749e+09	3.63102931e-01	4.77972826e-11	1.82784225e+00	1
1	1.65125732e+00	2.45076146e+00	2.10230017e+00	primer-cosmos-east-grizli-v7.0	22936	2.00000000e+00	3.85654176e+09	7.48533674e-01	1.94094533e-10	1.31909201e+00	1
1	1.65125732e+00	2.45076146e+00	2.10230017e+00	primer-cosmos-east-grizli-v7.0	22936	3.50000000e+00	8.85113025e+08	9.66617271e-01	1.09208343e-09	6.36285097e-01	1
1	1.65125732e+00	2.45076146e+00	2.10230017e+00	primer-cosmos-east-grizli-v7.0	22936	5.00000000e+00	2.43943339e+08	5.58049413e-01	2.28761899e-09	4.70734877e-01	1
1	1.65125732e+00	2.45076146e+00	2.10230017e+00	primer-cosmos-east-grizli-v7.0	22936	6.50000000e+00	6.82046713e+07	1.96917445e-01	2.88715482e-09	4.37171458e-01	1
1	1.65125732e+00	2.45076146e+00	2.10230017e+00	primer-cosmos-east-grizli-v7.0	22936	8.00000000e+00	2.96952719e+07	1.12959247e-01	3.80394723e-09	4.21395139e-01	1
1	1.65125732e+00	2.45076146e+00	2.10230017e+00	primer-cosmos-east-grizli-v7.0	22936	9.50000000e+00	1.73742094e+07	1.24333676e-01	7.15622066e-09	4.11633740e-01	1
1	1.65125732e+00	2.45076146e+00	2.10230017e+00	primer-cosmos-east-grizli-v7.0	22936	1.10000000e+01	nan	nan	nan	nan	1
1	1.65125732e+00	2.45076146e+00	2.10230017e+00	primer-cosmos-east-grizli-v7.0	22936	1.25000000e+01	nan	nan	nan	nan	1
1	1.65125732e+00	2.45076146e+00	2.10230017e+00	primer-cosmos-east-grizli-v7.0	22936	1.40000000e+01	nan	nan	nan	nan	1
1	1.65125732e+00	2.45076146e+00	2.10230017e+00	primer-cosmos-east-grizli-v7.0	22936	1.55000000e+01	nan	nan	nan	nan	1
1	1.65125732e+00	2.45076146e+00	2.10230017e+00	primer-cosmos-east-grizli-v7.0	22936	1.70000000e+01	nan	nan	nan	nan	1
1	1.65125732e+00	2.45076146e+00	2.10230017e+00	primer-cosmos-east-grizli-v7.0	22936	1.85000000e+01	nan	nan	nan	nan	1
1	1.65125732e+00	2.45076146e+00	2.10230017e+00	primer-cosmos-east-grizli-v7.0	22936	2.00000000e+01	nan	nan	nan	nan	1
1	1.65125732e+00	2.45076146e+00	2.10230017e+00	primer-cosmos-east-grizli-v7.0	22936	2.15000000e+01	nan	nan	nan	nan	1
1	1.65125732e+00	2.45076146e+00	2.10230017e+00	primer-cosmos-east-grizli-v7.0	22936	2.30000000e+01	nan	nan	nan	nan	1
1	1.65125732e+00	2.45076146e+00	2.10230017e+00	primer-cosmos-east-grizli-v7.0	22936	2.45000000e+01	nan	nan	nan	nan	1
1	1.65125732e+00	2.45076146e+00	2.10230017e+00	primer-cosmos-east-grizli-v7.0	22936	2.60000000e+01	nan	nan	nan	nan	1
1	1.65125732e+00	2.45076146e+00	2.10230017e+00	primer-cosmos-east-grizli-v7.0	22936	2.75000000e+01	nan	nan	nan	nan	1
1	1.65125732e+00	2.45076146e+00	2.10230017e+00	primer-cosmos-east-grizli-v7.0	22936	2.90000000e+01	nan	nan	nan	nan	1
1	1.65125732e+00	2.45076146e+00	2.10230017e+00	primer-cosmos-east-grizli-v7.0	22936	3.05000000e+01	nan	nan	nan	nan	1
1	1.65125732e+00	2.45076146e+00	1.72380722e+00	primer-cosmos-east-grizli-v7.0	36132	5.00000000e-01	6.87917337e+09	4.57507807e+00	6.65062185e-10	8.05185604e-01	1
1	1.65125732e+00	2.45076146e+00	1.72380722e+00	primer-cosmos-east-grizli-v7.0	36132	2.00000000e+00	2.38007687e+09	1.56828540e+00	6.58922164e-10	8.30367753e-01	1
1	1.65125732e+00	2.45076146e+00	1.72380722e+00	primer-cosmos-east-grizli-v7.0	36132	3.50000000e+00	7.64048384e+08	3.73929461e-01	4.89405473e-10	9.99911551e-01	1
1	1.65125732e+00	2.45076146e+00	1.72380722e+00	primer-cosmos-east-grizli-v7.0	36132	5.00000000e+00	3.25219041e+08	1.68940537e-01	5.19466931e-10	1.07402013e+00	1
1	1.65125732e+00	2.45076146e+00	1.72380722e+00	primer-cosmos-east-grizli-v7.0	36132	6.50000000e+00	1.20936428e+08	1.52609846e-01	1.26190138e-09	8.38635887e-01	1
1	1.65125732e+00	2.45076146e+00	1.72380722e+00	primer-cosmos-east-grizli-v7.0	36132	8.00000000e+00	6.42132583e+07	1.29432517e-01	2.01566655e-09	7.57331041e-01	1
1	1.65125732e+00	2.45076146e+00	1.72380722e+00	primer-cosmos-east-grizli-v7.0	36132	9.50000000e+00	3.86092301e+07	1.23593403e-01	3.20113618e-09	7.39591111e-01	1
1	1.65125732e+00	2.45076146e+00	1.72380722e+00	primer-cosmos-east-grizli-v7.0	36132	1.10000000e+01	2.98271923e+07	8.93645243e-02	2.99607564e-09	8.30153963e-01	1
1	1.65125732e+00	2.45076146e+00	1.72380722e+00	primer-cosmos-east-grizli-v7.0	36132	1.25000000e+01	2.23367404e+07	7.25714944e-02	3.24897425e-09	8.75275219e-01	1
1	1.65125732e+00	2.45076146e+00	1.72380722e+00	primer-cosmos-east-grizli-v7.0	36132	1.40000000e+01	1.81116055e+07	1.13047922e-01	6.24173946e-09	9.40981605e-01	1
1	1.65125732e+00	2.45076146e+00	1.72380722e+00	primer-cosmos-east-grizli-v7.0	36132	1.55000000e+01	1.55479701e+07	7.13625066e-02	4.58982788e-09	9.50763747e-01	1
1	1.65125732e+00	2.45076146e+00	1.72380722e+00	primer-cosmos-east-grizli-v7.0	36132	1.70000000e+01	1.57661687e+07	3.33872077e-02	2.11764877e-09	9.01207606e-01	1
1	1.65125732e+00	2.45076146e+00	1.72380722e+00	primer-cosmos-east-grizli-v7.0	36132	1.85000000e+01	1.74419442e+07	2.85871808e-02	1.63899050e-09	1.02017071e+00	1
1	1.65125732e+00	2.45076146e+00	1.72380722e+00	primer-cosmos-east-grizli-v7.0	36132	2.00000000e+01	1.55807648e+07	4.01010854e-02	2.57375591e-09	9.55191371e-01	1
1	1.65125732e+00	2.45076146e+00	1.72380722e+00	primer-cosmos-east-grizli-v7.0	36132	2.15000000e+01	1.72348522e+07	1.05084505e-01	6.09720952e-09	9.27609531e-01	1
1	1.65125732e+00	2.45076146e+00	1.72380722e+00	primer-cosmos-east-grizli-v7.0	36132	2.30000000e+01	1.92342054e+07	1.16652629e-01	6.06485304e-09	1.27166869e+00	1
1	1.65125732e+00	2.45076146e+00	1.72380722e+00	primer-cosmos-east-grizli-v7.0	36132	2.45000000e+01	5.42002439e+07	2.43543675e-02	4.49340552e-10	1.29010008e+00	1
1	1.65125732e+00	2.45076146e+00	1.72380722e+00	primer-cosmos-east-grizli-v7.0	36132	2.60000000e+01	6.22709246e+07	1.16124903e-01	1.86483345e-09	1.20376223e+00	1
1	1.65125732e+00	2.45076146e+00	1.72380722e+00	primer-cosmos-east-grizli-v7.0	36132	2.75000000e+01	1.07768791e+07	5.31879462e-01	4.93537563e-08	1.46513166e+00	1
1	1.65125732e+00	2.45076146e+00	1.72380722e+00	primer-cosmos-east-grizli-v7.0	36132	2.90000000e+01	nan	nan	nan	nan	1
1	1.65125732e+00	2.45076146e+00	1.72380722e+00	primer-cosmos-east-grizli-v7.0	36132	3.05000000e+01	nan	nan	nan	nan	1
1	1.65125732e+00	2.45076146e+00	2.07844281e+00	primer-cosmos-east-grizli-v7.0	44966	5.00000000e-01	1.06513120e+10	2.71348022e+00	2.54755490e-10	1.32180066e+00	1
1	1.65125732e+00	2.45076146e+00	2.07844281e+00	primer-cosmos-east-grizli-v7.0	44966	2.00000000e+00	2.39484107e+09	2.88893040e+00	1.20631404e-09	7.05485144e-01	1
1	1.65125732e+00	2.45076146e+00	2.07844281e+00	primer-cosmos-east-grizli-v7.0	44966	3.50000000e+00	5.55160013e+08	1.03289289e+00	1.86053185e-09	4.80087451e-01	1
1	1.65125732e+00	2.45076146e+00	2.07844281e+00	primer-cosmos-east-grizli-v7.0	44966	5.00000000e+00	2.39592621e+08	6.26418442e-01	2.61451475e-09	4.63548430e-01	1
1	1.65125732e+00	2.45076146e+00	2.07844281e+00	primer-cosmos-east-grizli-v7.0	44966	6.50000000e+00	1.12226069e+08	3.58464199e-01	3.19412596e-09	4.78542378e-01	1
1	1.65125732e+00	2.45076146e+00	2.07844281e+00	primer-cosmos-east-grizli-v7.0	44966	8.00000000e+00	6.82800138e+07	2.47380961e-01	3.62303619e-09	4.81509016e-01	1
1	1.65125732e+00	2.45076146e+00	2.07844281e+00	primer-cosmos-east-grizli-v7.0	44966	9.50000000e+00	4.05325525e+07	1.10768153e-01	2.73281958e-09	4.67275087e-01	1
1	1.65125732e+00	2.45076146e+00	2.07844281e+00	primer-cosmos-east-grizli-v7.0	44966	1.10000000e+01	2.64960504e+07	8.65691126e-02	3.26724592e-09	4.60408469e-01	1
1	1.65125732e+00	2.45076146e+00	2.07844281e+00	primer-cosmos-east-grizli-v7.0	44966	1.25000000e+01	2.11992219e+07	7.75191587e-02	3.65669830e-09	4.35163284e-01	1
1	1.65125732e+00	2.45076146e+00	2.07844281e+00	primer-cosmos-east-grizli-v7.0	44966	1.40000000e+01	1.48752567e+07	5.91251028e-02	3.97472823e-09	4.34677163e-01	1
1	1.65125732e+00	2.45076146e+00	2.07844281e+00	primer-cosmos-east-grizli-v7.0	44966	1.55000000e+01	nan	nan	nan	nan	1
1	1.65125732e+00	2.45076146e+00	2.07844281e+00	primer-cosmos-east-grizli-v7.0	44966	1.70000000e+01	nan	nan	nan	nan	1
1	1.65125732e+00	2.45076146e+00	2.07844281e+00	primer-cosmos-east-grizli-v7.0	44966	1.85000000e+01	nan	nan	nan	nan	1
1	1.65125732e+00	2.45076146e+00	2.07844281e+00	primer-cosmos-east-grizli-v7.0	44966	2.00000000e+01	nan	nan	nan	nan	1
1	1.65125732e+00	2.45076146e+00	2.07844281e+00	primer-cosmos-east-grizli-v7.0	44966	2.15000000e+01	nan	nan	nan	nan	1
1	1.65125732e+00	2.45076146e+00	2.07844281e+00	primer-cosmos-east-grizli-v7.0	44966	2.30000000e+01	nan	nan	nan	nan	1
1	1.65125732e+00	2.45076146e+00	2.07844281e+00	primer-cosmos-east-grizli-v7.0	44966	2.45000000e+01	nan	nan	nan	nan	1
1	1.65125732e+00	2.45076146e+00	2.07844281e+00	primer-cosmos-east-grizli-v7.0	44966	2.60000000e+01	nan	nan	nan	nan	1
1	1.65125732e+00	2.45076146e+00	2.07844281e+00	primer-cosmos-east-grizli-v7.0	44966	2.75000000e+01	nan	nan	nan	nan	1
1	1.65125732e+00	2.45076146e+00	2.07844281e+00	primer-cosmos-east-grizli-v7.0	44966	2.90000000e+01	nan	nan	nan	nan	1
1	1.65125732e+00	2.45076146e+00	2.07844281e+00	primer-cosmos-east-grizli-v7.0	44966	3.05000000e+01	nan	nan	nan	nan	1
1	1.65125732e+00	2.45076146e+00	1.92809606e+00	primer-cosmos-east-grizli-v7.0	53070	5.00000000e-01	2.73015491e+10	8.87172630e-04	3.24953220e-14	2.83705213e+00	1
1	1.65125732e+00	2.45076146e+00	1.92809606e+00	primer-cosmos-east-grizli-v7.0	53070	2.00000000e+00	5.73539962e+09	1.21232803e-02	2.11376383e-12	2.44433413e+00	1
1	1.65125732e+00	2.45076146e+00	1.92809606e+00	primer-cosmos-east-grizli-v7.0	53070	3.50000000e+00	1.12450752e+09	1.21118007e-01	1.07707600e-10	1.82008057e+00	1
1	1.65125732e+00	2.45076146e+00	1.92809606e+00	primer-cosmos-east-grizli-v7.0	53070	5.00000000e+00	4.10832825e+08	1.95628429e-01	4.76175265e-10	1.11279145e+00	1
1	1.65125732e+00	2.45076146e+00	1.92809606e+00	primer-cosmos-east-grizli-v7.0	53070	6.50000000e+00	1.47971701e+08	1.67400822e-01	1.13130295e-09	7.73024905e-01	1
1	1.65125732e+00	2.45076146e+00	1.92809606e+00	primer-cosmos-east-grizli-v7.0	53070	8.00000000e+00	6.41690601e+07	1.12369314e-01	1.75114476e-09	6.26268856e-01	1
1	1.65125732e+00	2.45076146e+00	1.92809606e+00	primer-cosmos-east-grizli-v7.0	53070	9.50000000e+00	3.27640300e+07	7.69973315e-02	2.35005680e-09	5.51705706e-01	1
1	1.65125732e+00	2.45076146e+00	1.92809606e+00	primer-cosmos-east-grizli-v7.0	53070	1.10000000e+01	2.01477833e+07	5.42476624e-02	2.69248789e-09	4.79069376e-01	1
1	1.65125732e+00	2.45076146e+00	1.92809606e+00	primer-cosmos-east-grizli-v7.0	53070	1.25000000e+01	1.46762722e+07	5.51148488e-02	3.75537113e-09	4.11331226e-01	1
1	1.65125732e+00	2.45076146e+00	1.92809606e+00	primer-cosmos-east-grizli-v7.0	53070	1.40000000e+01	1.40122942e+07	3.34686337e-02	2.38851920e-09	4.24745122e-01	1
1	1.65125732e+00	2.45076146e+00	1.92809606e+00	primer-cosmos-east-grizli-v7.0	53070	1.55000000e+01	nan	nan	nan	nan	1
1	1.65125732e+00	2.45076146e+00	1.92809606e+00	primer-cosmos-east-grizli-v7.0	53070	1.70000000e+01	nan	nan	nan	nan	1
1	1.65125732e+00	2.45076146e+00	1.92809606e+00	primer-cosmos-east-grizli-v7.0	53070	1.85000000e+01	nan	nan	nan	nan	1
1	1.65125732e+00	2.45076146e+00	1.92809606e+00	primer-cosmos-east-grizli-v7.0	53070	2.00000000e+01	nan	nan	nan	nan	1
1	1.65125732e+00	2.45076146e+00	1.92809606e+00	primer-cosmos-east-grizli-v7.0	53070	2.15000000e+01	nan	nan	nan	nan	1
1	1.65125732e+00	2.45076146e+00	1.92809606e+00	primer-cosmos-east-grizli-v7.0	53070	2.30000000e+01	nan	nan	nan	nan	1
1	1.65125732e+00	2.45076146e+00	1.92809606e+00	primer-cosmos-east-grizli-v7.0	53070	2.45000000e+01	nan	nan	nan	nan	1
1	1.65125732e+00	2.45076146e+00	1.92809606e+00	primer-cosmos-east-grizli-v7.0	53070	2.60000000e+01	nan	nan	nan	nan	1
1	1.65125732e+00	2.45076146e+00	1.92809606e+00	primer-cosmos-east-grizli-v7.0	53070	2.75000000e+01	nan	nan	nan	nan	1
1	1.65125732e+00	2.45076146e+00	1.92809606e+00	primer-cosmos-east-grizli-v7.0	53070	2.90000000e+01	nan	nan	nan	nan	1
1	1.65125732e+00	2.45076146e+00	1.92809606e+00	primer-cosmos-east-grizli-v7.0	53070	3.05000000e+01	nan	nan	nan	nan	1
1	1.65125732e+00	2.45076146e+00	2.19675851e+00	primer-cosmos-east-grizli-v7.0	56300	5.00000000e-01	3.75145151e+09	1.23748617e+01	3.29868629e-09	2.99873598e-01	1
1	1.65125732e+00	2.45076146e+00	2.19675851e+00	primer-cosmos-east-grizli-v7.0	56300	2.00000000e+00	1.82263657e+09	4.91063963e+00	2.69425058e-09	3.68146184e-01	1
1	1.65125732e+00	2.45076146e+00	2.19675851e+00	primer-cosmos-east-grizli-v7.0	56300	3.50000000e+00	8.35374914e+08	1.44672043e+00	1.73182173e-09	4.79930160e-01	1
1	1.65125732e+00	2.45076146e+00	2.19675851e+00	primer-cosmos-east-grizli-v7.0	56300	5.00000000e+00	2.79908897e+08	6.98071261e-01	2.49392309e-09	3.95475418e-01	1
1	1.65125732e+00	2.45076146e+00	2.19675851e+00	primer-cosmos-east-grizli-v7.0	56300	6.50000000e+00	9.70734664e+07	2.52027227e-01	2.59625247e-09	3.87281942e-01	1
1	1.65125732e+00	2.45076146e+00	2.19675851e+00	primer-cosmos-east-grizli-v7.0	56300	8.00000000e+00	4.11970818e+07	1.15502256e-01	2.80365141e-09	3.87873177e-01	1
1	1.65125732e+00	2.45076146e+00	2.19675851e+00	primer-cosmos-east-grizli-v7.0	56300	9.50000000e+00	2.35387769e+07	7.71706676e-02	3.27844849e-09	3.77927415e-01	1
1	1.65125732e+00	2.45076146e+00	2.19675851e+00	primer-cosmos-east-grizli-v7.0	56300	1.10000000e+01	1.66679710e+07	5.22228865e-02	3.13312799e-09	3.65482501e-01	1
1	1.65125732e+00	2.45076146e+00	2.19675851e+00	primer-cosmos-east-grizli-v7.0	56300	1.25000000e+01	1.36145914e+07	5.28716431e-02	3.88345426e-09	3.90178292e-01	1
1	1.65125732e+00	2.45076146e+00	2.19675851e+00	primer-cosmos-east-grizli-v7.0	56300	1.40000000e+01	1.17495713e+07	5.46918164e-02	4.65479250e-09	4.28076960e-01	1
1	1.65125732e+00	2.45076146e+00	2.19675851e+00	primer-cosmos-east-grizli-v7.0	56300	1.55000000e+01	1.16953534e+07	6.09435462e-02	5.21091960e-09	4.29185626e-01	1
1	1.65125732e+00	2.45076146e+00	2.19675851e+00	primer-cosmos-east-grizli-v7.0	56300	1.70000000e+01	nan	nan	nan	nan	1
1	1.65125732e+00	2.45076146e+00	2.19675851e+00	primer-cosmos-east-grizli-v7.0	56300	1.85000000e+01	nan	nan	nan	nan	1
1	1.65125732e+00	2.45076146e+00	2.19675851e+00	primer-cosmos-east-grizli-v7.0	56300	2.00000000e+01	nan	nan	nan	nan	1
1	1.65125732e+00	2.45076146e+00	2.19675851e+00	primer-cosmos-east-grizli-v7.0	56300	2.15000000e+01	nan	nan	nan	nan	1
1	1.65125732e+00	2.45076146e+00	2.19675851e+00	primer-cosmos-east-grizli-v7.0	56300	2.30000000e+01	nan	nan	nan	nan	1
1	1.65125732e+00	2.45076146e+00	2.19675851e+00	primer-cosmos-east-grizli-v7.0	56300	2.45000000e+01	nan	nan	nan	nan	1
1	1.65125732e+00	2.45076146e+00	2.19675851e+00	primer-cosmos-east-grizli-v7.0	56300	2.60000000e+01	nan	nan	nan	nan	1
1	1.65125732e+00	2.45076146e+00	2.19675851e+00	primer-cosmos-east-grizli-v7.0	56300	2.75000000e+01	nan	nan	nan	nan	1
1	1.65125732e+00	2.45076146e+00	2.19675851e+00	primer-cosmos-east-grizli-v7.0	56300	2.90000000e+01	nan	nan	nan	nan	1
1	1.65125732e+00	2.45076146e+00	2.19675851e+00	primer-cosmos-east-grizli-v7.0	56300	3.05000000e+01	nan	nan	nan	nan	1
1	1.65125732e+00	2.45076146e+00	2.04623795e+00	primer-cosmos-west-grizli-v7.0	10294	5.00000000e-01	2.16763165e+10	4.22152334e-02	1.94752800e-12	2.17752277e+00	1
1	1.65125732e+00	2.45076146e+00	2.04623795e+00	primer-cosmos-west-grizli-v7.0	10294	2.00000000e+00	5.40595986e+09	1.17479503e+00	2.17314790e-10	1.33553858e+00	1
1	1.65125732e+00	2.45076146e+00	2.04623795e+00	primer-cosmos-west-grizli-v7.0	10294	3.50000000e+00	9.93263838e+08	1.09605719e+00	1.10349048e-09	8.04881964e-01	1
1	1.65125732e+00	2.45076146e+00	2.04623795e+00	primer-cosmos-west-grizli-v7.0	10294	5.00000000e+00	3.46469354e+08	6.49197473e-01	1.87375150e-09	5.63200218e-01	1
1	1.65125732e+00	2.45076146e+00	2.04623795e+00	primer-cosmos-west-grizli-v7.0	10294	6.50000000e+00	1.55551417e+08	5.62065445e-01	3.61337400e-09	4.83616603e-01	1
1	1.65125732e+00	2.45076146e+00	2.04623795e+00	primer-cosmos-west-grizli-v7.0	10294	8.00000000e+00	8.17073526e+07	3.09478391e-01	3.78764433e-09	5.01104808e-01	1
1	1.65125732e+00	2.45076146e+00	2.04623795e+00	primer-cosmos-west-grizli-v7.0	10294	9.50000000e+00	4.26183783e+07	2.23949693e-01	5.25476805e-09	5.08022130e-01	1
1	1.65125732e+00	2.45076146e+00	2.04623795e+00	primer-cosmos-west-grizli-v7.0	10294	1.10000000e+01	4.87881362e+07	1.33682781e-01	2.74006738e-09	4.86315597e-01	1
1	1.65125732e+00	2.45076146e+00	2.04623795e+00	primer-cosmos-west-grizli-v7.0	10294	1.25000000e+01	3.87601180e+07	2.52063978e-01	6.50317879e-09	4.26851924e-01	1
1	1.65125732e+00	2.45076146e+00	2.04623795e+00	primer-cosmos-west-grizli-v7.0	10294	1.40000000e+01	2.19170709e+07	1.19762767e-01	5.46436008e-09	4.58672193e-01	1
1	1.65125732e+00	2.45076146e+00	2.04623795e+00	primer-cosmos-west-grizli-v7.0	10294	1.55000000e+01	nan	nan	nan	nan	1
1	1.65125732e+00	2.45076146e+00	2.04623795e+00	primer-cosmos-west-grizli-v7.0	10294	1.70000000e+01	nan	nan	nan	nan	1
1	1.65125732e+00	2.45076146e+00	2.04623795e+00	primer-cosmos-west-grizli-v7.0	10294	1.85000000e+01	nan	nan	nan	nan	1
1	1.65125732e+00	2.45076146e+00	2.04623795e+00	primer-cosmos-west-grizli-v7.0	10294	2.00000000e+01	nan	nan	nan	nan	1
1	1.65125732e+00	2.45076146e+00	2.04623795e+00	primer-cosmos-west-grizli-v7.0	10294	2.15000000e+01	nan	nan	nan	nan	1
1	1.65125732e+00	2.45076146e+00	2.04623795e+00	primer-cosmos-west-grizli-v7.0	10294	2.30000000e+01	nan	nan	nan	nan	1
1	1.65125732e+00	2.45076146e+00	2.04623795e+00	primer-cosmos-west-grizli-v7.0	10294	2.45000000e+01	nan	nan	nan	nan	1
1	1.65125732e+00	2.45076146e+00	2.04623795e+00	primer-cosmos-west-grizli-v7.0	10294	2.60000000e+01	nan	nan	nan	nan	1
1	1.65125732e+00	2.45076146e+00	2.04623795e+00	primer-cosmos-west-grizli-v7.0	10294	2.75000000e+01	nan	nan	nan	nan	1
1	1.65125732e+00	2.45076146e+00	2.04623795e+00	primer-cosmos-west-grizli-v7.0	10294	2.90000000e+01	nan	nan	nan	nan	1
1	1.65125732e+00	2.45076146e+00	2.04623795e+00	primer-cosmos-west-grizli-v7.0	10294	3.05000000e+01	nan	nan	nan	nan	1
1	1.65125732e+00	2.45076146e+00	1.76116300e+00	primer-cosmos-west-grizli-v7.0	10901	5.00000000e-01	2.10222175e+10	9.34192765e-03	4.44383550e-13	2.29284453e+00	1
1	1.65125732e+00	2.45076146e+00	1.76116300e+00	primer-cosmos-west-grizli-v7.0	10901	2.00000000e+00	5.65215770e+09	5.78149282e-03	1.02288243e-12	2.28758566e+00	1
1	1.65125732e+00	2.45076146e+00	1.76116300e+00	primer-cosmos-west-grizli-v7.0	10901	3.50000000e+00	1.62569464e+09	1.63673735e-02	1.00679261e-11	2.06026383e+00	1
1	1.65125732e+00	2.45076146e+00	1.76116300e+00	primer-cosmos-west-grizli-v7.0	10901	5.00000000e+00	7.40706437e+08	6.62988607e-02	8.95076070e-11	1.71376752e+00	1
1	1.65125732e+00	2.45076146e+00	1.76116300e+00	primer-cosmos-west-grizli-v7.0	10901	6.50000000e+00	3.09548339e+08	1.12294049e-01	3.62767409e-10	1.24547200e+00	1
1	1.65125732e+00	2.45076146e+00	1.76116300e+00	primer-cosmos-west-grizli-v7.0	10901	8.00000000e+00	1.51454978e+08	1.23362414e-01	8.14515416e-10	8.82892837e-01	1
1	1.65125732e+00	2.45076146e+00	1.76116300e+00	primer-cosmos-west-grizli-v7.0	10901	9.50000000e+00	9.68338609e+07	1.21069851e-01	1.25028424e-09	7.45332290e-01	1
1	1.65125732e+00	2.45076146e+00	1.76116300e+00	primer-cosmos-west-grizli-v7.0	10901	1.10000000e+01	6.45888904e+07	9.64527267e-02	1.49333308e-09	6.97490019e-01	1
1	1.65125732e+00	2.45076146e+00	1.76116300e+00	primer-cosmos-west-grizli-v7.0	10901	1.25000000e+01	3.34836343e+07	5.22532099e-02	1.56055969e-09	6.70450863e-01	1
1	1.65125732e+00	2.45076146e+00	1.76116300e+00	primer-cosmos-west-grizli-v7.0	10901	1.40000000e+01	2.11475474e+07	5.66922784e-02	2.68079685e-09	6.29772290e-01	1
1	1.65125732e+00	2.45076146e+00	1.76116300e+00	primer-cosmos-west-grizli-v7.0	10901	1.55000000e+01	1.66152212e+07	4.51622759e-02	2.71812666e-09	5.57791364e-01	1
1	1.65125732e+00	2.45076146e+00	1.76116300e+00	primer-cosmos-west-grizli-v7.0	10901	1.70000000e+01	1.58642417e+07	6.10676088e-02	3.84938718e-09	4.60013853e-01	1
1	1.65125732e+00	2.45076146e+00	1.76116300e+00	primer-cosmos-west-grizli-v7.0	10901	1.85000000e+01	1.69074563e+07	8.45448000e-02	5.00044468e-09	3.13697562e-01	1
1	1.65125732e+00	2.45076146e+00	1.76116300e+00	primer-cosmos-west-grizli-v7.0	10901	2.00000000e+01	1.37231917e+07	7.08858672e-02	5.16540676e-09	2.86273117e-01	1
1	1.65125732e+00	2.45076146e+00	1.76116300e+00	primer-cosmos-west-grizli-v7.0	10901	2.15000000e+01	nan	nan	nan	nan	1
1	1.65125732e+00	2.45076146e+00	1.76116300e+00	primer-cosmos-west-grizli-v7.0	10901	2.30000000e+01	nan	nan	nan	nan	1
1	1.65125732e+00	2.45076146e+00	1.76116300e+00	primer-cosmos-west-grizli-v7.0	10901	2.45000000e+01	nan	nan	nan	nan	1
1	1.65125732e+00	2.45076146e+00	1.76116300e+00	primer-cosmos-west-grizli-v7.0	10901	2.60000000e+01	nan	nan	nan	nan	1
1	1.65125732e+00	2.45076146e+00	1.76116300e+00	primer-cosmos-west-grizli-v7.0	10901	2.75000000e+01	nan	nan	nan	nan	1
1	1.65125732e+00	2.45076146e+00	1.76116300e+00	primer-cosmos-west-grizli-v7.0	10901	2.90000000e+01	nan	nan	nan	nan	1
1	1.65125732e+00	2.45076146e+00	1.76116300e+00	primer-cosmos-west-grizli-v7.0	10901	3.05000000e+01	nan	nan	nan	nan	1
1	1.65125732e+00	2.45076146e+00	1.80928147e+00	primer-cosmos-west-grizli-v7.0	15682	5.00000000e-01	9.30195653e+09	2.09510465e+01	2.25232685e-09	7.95031159e-01	1
1	1.65125732e+00	2.45076146e+00	1.80928147e+00	primer-cosmos-west-grizli-v7.0	15682	2.00000000e+00	3.13935379e+09	4.20085806e+00	1.33812827e-09	8.40800334e-01	1
1	1.65125732e+00	2.45076146e+00	1.80928147e+00	primer-cosmos-west-grizli-v7.0	15682	3.50000000e+00	9.93466295e+08	7.85419051e-01	7.90584496e-10	8.03745686e-01	1
1	1.65125732e+00	2.45076146e+00	1.80928147e+00	primer-cosmos-west-grizli-v7.0	15682	5.00000000e+00	5.08658911e+08	4.41644631e-01	8.68253010e-10	7.78075655e-01	1
1	1.65125732e+00	2.45076146e+00	1.80928147e+00	primer-cosmos-west-grizli-v7.0	15682	6.50000000e+00	2.32523190e+08	2.23657238e-01	9.61870679e-10	7.84978607e-01	1
1	1.65125732e+00	2.45076146e+00	1.80928147e+00	primer-cosmos-west-grizli-v7.0	15682	8.00000000e+00	9.87691714e+07	1.28787432e-01	1.30392339e-09	7.16673117e-01	1
1	1.65125732e+00	2.45076146e+00	1.80928147e+00	primer-cosmos-west-grizli-v7.0	15682	9.50000000e+00	4.29254609e+07	8.11960700e-02	1.89155966e-09	6.31399185e-01	1
1	1.65125732e+00	2.45076146e+00	1.80928147e+00	primer-cosmos-west-grizli-v7.0	15682	1.10000000e+01	2.91516998e+07	7.33630829e-02	2.51659710e-09	5.88795328e-01	1
1	1.65125732e+00	2.45076146e+00	1.80928147e+00	primer-cosmos-west-grizli-v7.0	15682	1.25000000e+01	2.35325260e+07	7.21565381e-02	3.06624703e-09	6.19677444e-01	1
1	1.65125732e+00	2.45076146e+00	1.80928147e+00	primer-cosmos-west-grizli-v7.0	15682	1.40000000e+01	1.89440440e+07	6.19251690e-02	3.26884634e-09	6.14597910e-01	1
1	1.65125732e+00	2.45076146e+00	1.80928147e+00	primer-cosmos-west-grizli-v7.0	15682	1.55000000e+01	1.54397453e+07	3.71832278e-02	2.40827987e-09	5.79657594e-01	1
1	1.65125732e+00	2.45076146e+00	1.80928147e+00	primer-cosmos-west-grizli-v7.0	15682	1.70000000e+01	nan	nan	nan	nan	1
1	1.65125732e+00	2.45076146e+00	1.80928147e+00	primer-cosmos-west-grizli-v7.0	15682	1.85000000e+01	nan	nan	nan	nan	1
1	1.65125732e+00	2.45076146e+00	1.80928147e+00	primer-cosmos-west-grizli-v7.0	15682	2.00000000e+01	nan	nan	nan	nan	1
1	1.65125732e+00	2.45076146e+00	1.80928147e+00	primer-cosmos-west-grizli-v7.0	15682	2.15000000e+01	nan	nan	nan	nan	1
1	1.65125732e+00	2.45076146e+00	1.80928147e+00	primer-cosmos-west-grizli-v7.0	15682	2.30000000e+01	nan	nan	nan	nan	1
1	1.65125732e+00	2.45076146e+00	1.80928147e+00	primer-cosmos-west-grizli-v7.0	15682	2.45000000e+01	nan	nan	nan	nan	1
1	1.65125732e+00	2.45076146e+00	1.80928147e+00	primer-cosmos-west-grizli-v7.0	15682	2.60000000e+01	nan	nan	nan	nan	1
1	1.65125732e+00	2.45076146e+00	1.80928147e+00	primer-cosmos-west-grizli-v7.0	15682	2.75000000e+01	nan	nan	nan	nan	1
1	1.65125732e+00	2.45076146e+00	1.80928147e+00	primer-cosmos-west-grizli-v7.0	15682	2.90000000e+01	nan	nan	nan	nan	1
1	1.65125732e+00	2.45076146e+00	1.80928147e+00	primer-cosmos-west-grizli-v7.0	15682	3.05000000e+01	nan	nan	nan	nan	1
1	1.65125732e+00	2.45076146e+00	2.42395186e+00	primer-cosmos-west-grizli-v7.0	15684	5.00000000e-01	1.40404527e+10	3.80163913e-01	2.70763287e-11	1.55805948e+00	1
1	1.65125732e+00	2.45076146e+00	2.42395186e+00	primer-cosmos-west-grizli-v7.0	15684	2.00000000e+00	4.12400379e+09	4.86715365e-01	1.18020106e-10	1.37012103e+00	1
1	1.65125732e+00	2.45076146e+00	2.42395186e+00	primer-cosmos-west-grizli-v7.0	15684	3.50000000e+00	9.40786446e+08	2.89712949e-01	3.07947622e-10	1.08618304e+00	1
1	1.65125732e+00	2.45076146e+00	2.42395186e+00	primer-cosmos-west-grizli-v7.0	15684	5.00000000e+00	3.35291783e+08	1.72851175e-01	5.15524637e-10	8.36733380e-01	1
1	1.65125732e+00	2.45076146e+00	2.42395186e+00	primer-cosmos-west-grizli-v7.0	15684	6.50000000e+00	1.15656086e+08	2.32556856e-01	2.01076195e-09	6.95684898e-01	1
1	1.65125732e+00	2.45076146e+00	2.42395186e+00	primer-cosmos-west-grizli-v7.0	15684	8.00000000e+00	6.35031060e+07	1.97999519e-01	3.11795016e-09	7.02434392e-01	1
1	1.65125732e+00	2.45076146e+00	2.42395186e+00	primer-cosmos-west-grizli-v7.0	15684	9.50000000e+00	4.42458876e+07	1.83601452e-01	4.14957100e-09	6.95093595e-01	1
1	1.65125732e+00	2.45076146e+00	2.42395186e+00	primer-cosmos-west-grizli-v7.0	15684	1.10000000e+01	3.43327299e+07	1.73170894e-01	5.04390110e-09	6.05490402e-01	1
1	1.65125732e+00	2.45076146e+00	2.42395186e+00	primer-cosmos-west-grizli-v7.0	15684	1.25000000e+01	2.92606932e+07	1.11496516e-01	3.81045368e-09	5.88482675e-01	1
1	1.65125732e+00	2.45076146e+00	2.42395186e+00	primer-cosmos-west-grizli-v7.0	15684	1.40000000e+01	nan	nan	nan	nan	1
1	1.65125732e+00	2.45076146e+00	2.42395186e+00	primer-cosmos-west-grizli-v7.0	15684	1.55000000e+01	nan	nan	nan	nan	1
1	1.65125732e+00	2.45076146e+00	2.42395186e+00	primer-cosmos-west-grizli-v7.0	15684	1.70000000e+01	nan	nan	nan	nan	1
1	1.65125732e+00	2.45076146e+00	2.42395186e+00	primer-cosmos-west-grizli-v7.0	15684	1.85000000e+01	nan	nan	nan	nan	1
1	1.65125732e+00	2.45076146e+00	2.42395186e+00	primer-cosmos-west-grizli-v7.0	15684	2.00000000e+01	nan	nan	nan	nan	1
1	1.65125732e+00	2.45076146e+00	2.42395186e+00	primer-cosmos-west-grizli-v7.0	15684	2.15000000e+01	nan	nan	nan	nan	1
1	1.65125732e+00	2.45076146e+00	2.42395186e+00	primer-cosmos-west-grizli-v7.0	15684	2.30000000e+01	nan	nan	nan	nan	1
1	1.65125732e+00	2.45076146e+00	2.42395186e+00	primer-cosmos-west-grizli-v7.0	15684	2.45000000e+01	nan	nan	nan	nan	1
1	1.65125732e+00	2.45076146e+00	2.42395186e+00	primer-cosmos-west-grizli-v7.0	15684	2.60000000e+01	nan	nan	nan	nan	1
1	1.65125732e+00	2.45076146e+00	2.42395186e+00	primer-cosmos-west-grizli-v7.0	15684	2.75000000e+01	nan	nan	nan	nan	1
1	1.65125732e+00	2.45076146e+00	2.42395186e+00	primer-cosmos-west-grizli-v7.0	15684	2.90000000e+01	nan	nan	nan	nan	1
1	1.65125732e+00	2.45076146e+00	2.42395186e+00	primer-cosmos-west-grizli-v7.0	15684	3.05000000e+01	nan	nan	nan	nan	1
1	1.65125732e+00	2.45076146e+00	2.04701734e+00	primer-cosmos-west-grizli-v7.0	29259	5.00000000e-01	1.29074120e+10	2.55901985e-01	1.98259717e-11	1.84020855e+00	1
1	1.65125732e+00	2.45076146e+00	2.04701734e+00	primer-cosmos-west-grizli-v7.0	29259	2.00000000e+00	3.86199871e+09	9.50156649e-01	2.46027179e-10	1.23229452e+00	1
1	1.65125732e+00	2.45076146e+00	2.04701734e+00	primer-cosmos-west-grizli-v7.0	29259	3.50000000e+00	1.35563223e+09	8.13378146e-01	5.99999119e-10	9.76843821e-01	1
1	1.65125732e+00	2.45076146e+00	2.04701734e+00	primer-cosmos-west-grizli-v7.0	29259	5.00000000e+00	5.75270541e+08	6.03530192e-01	1.04912411e-09	7.11310120e-01	1
1	1.65125732e+00	2.45076146e+00	2.04701734e+00	primer-cosmos-west-grizli-v7.0	29259	6.50000000e+00	2.58713238e+08	3.84319967e-01	1.48550561e-09	6.07539880e-01	1
1	1.65125732e+00	2.45076146e+00	2.04701734e+00	primer-cosmos-west-grizli-v7.0	29259	8.00000000e+00	1.32312767e+08	2.81260282e-01	2.12572292e-09	5.72699945e-01	1
1	1.65125732e+00	2.45076146e+00	2.04701734e+00	primer-cosmos-west-grizli-v7.0	29259	9.50000000e+00	6.52405848e+07	1.38169792e-01	2.11785030e-09	5.73505153e-01	1
1	1.65125732e+00	2.45076146e+00	2.04701734e+00	primer-cosmos-west-grizli-v7.0	29259	1.10000000e+01	3.28074714e+07	1.00922528e-01	3.07620561e-09	5.62240143e-01	1
1	1.65125732e+00	2.45076146e+00	2.04701734e+00	primer-cosmos-west-grizli-v7.0	29259	1.25000000e+01	1.91959800e+07	4.71051024e-02	2.45390454e-09	5.34212991e-01	1
1	1.65125732e+00	2.45076146e+00	2.04701734e+00	primer-cosmos-west-grizli-v7.0	29259	1.40000000e+01	nan	nan	nan	nan	1
1	1.65125732e+00	2.45076146e+00	2.04701734e+00	primer-cosmos-west-grizli-v7.0	29259	1.55000000e+01	nan	nan	nan	nan	1
1	1.65125732e+00	2.45076146e+00	2.04701734e+00	primer-cosmos-west-grizli-v7.0	29259	1.70000000e+01	nan	nan	nan	nan	1
1	1.65125732e+00	2.45076146e+00	2.04701734e+00	primer-cosmos-west-grizli-v7.0	29259	1.85000000e+01	nan	nan	nan	nan	1
1	1.65125732e+00	2.45076146e+00	2.04701734e+00	primer-cosmos-west-grizli-v7.0	29259	2.00000000e+01	nan	nan	nan	nan	1
1	1.65125732e+00	2.45076146e+00	2.04701734e+00	primer-cosmos-west-grizli-v7.0	29259	2.15000000e+01	nan	nan	nan	nan	1
1	1.65125732e+00	2.45076146e+00	2.04701734e+00	primer-cosmos-west-grizli-v7.0	29259	2.30000000e+01	nan	nan	nan	nan	1
1	1.65125732e+00	2.45076146e+00	2.04701734e+00	primer-cosmos-west-grizli-v7.0	29259	2.45000000e+01	nan	nan	nan	nan	1
1	1.65125732e+00	2.45076146e+00	2.04701734e+00	primer-cosmos-west-grizli-v7.0	29259	2.60000000e+01	nan	nan	nan	nan	1
1	1.65125732e+00	2.45076146e+00	2.04701734e+00	primer-cosmos-west-grizli-v7.0	29259	2.75000000e+01	nan	nan	nan	nan	1
1	1.65125732e+00	2.45076146e+00	2.04701734e+00	primer-cosmos-west-grizli-v7.0	29259	2.90000000e+01	nan	nan	nan	nan	1
1	1.65125732e+00	2.45076146e+00	2.04701734e+00	primer-cosmos-west-grizli-v7.0	29259	3.05000000e+01	nan	nan	nan	nan	1
1	1.65125732e+00	2.45076146e+00	2.10070324e+00	primer-cosmos-west-grizli-v7.0	31211	5.00000000e-01	9.40416967e+09	4.54357900e+01	4.83145154e-09	4.89321679e-01	1
1	1.65125732e+00	2.45076146e+00	2.10070324e+00	primer-cosmos-west-grizli-v7.0	31211	2.00000000e+00	2.30439137e+09	9.57197582e+00	4.15379780e-09	4.44322310e-01	1
1	1.65125732e+00	2.45076146e+00	2.10070324e+00	primer-cosmos-west-grizli-v7.0	31211	3.50000000e+00	6.68323820e+08	1.57240711e+00	2.35276234e-09	3.97160933e-01	1
1	1.65125732e+00	2.45076146e+00	2.10070324e+00	primer-cosmos-west-grizli-v7.0	31211	5.00000000e+00	2.76521450e+08	5.83442495e-01	2.10993576e-09	4.56944474e-01	1
1	1.65125732e+00	2.45076146e+00	2.10070324e+00	primer-cosmos-west-grizli-v7.0	31211	6.50000000e+00	1.22417715e+08	2.39074752e-01	1.95294244e-09	4.97376688e-01	1
1	1.65125732e+00	2.45076146e+00	2.10070324e+00	primer-cosmos-west-grizli-v7.0	31211	8.00000000e+00	6.62516028e+07	1.35031758e-01	2.03816591e-09	4.86267126e-01	1
1	1.65125732e+00	2.45076146e+00	2.10070324e+00	primer-cosmos-west-grizli-v7.0	31211	9.50000000e+00	3.87220468e+07	9.25585754e-02	2.39033272e-09	4.81293548e-01	1
1	1.65125732e+00	2.45076146e+00	2.10070324e+00	primer-cosmos-west-grizli-v7.0	31211	1.10000000e+01	2.69329143e+07	6.34235124e-02	2.35487002e-09	4.91149816e-01	1
1	1.65125732e+00	2.45076146e+00	2.10070324e+00	primer-cosmos-west-grizli-v7.0	31211	1.25000000e+01	2.09275709e+07	6.50300987e-02	3.10738876e-09	4.93944114e-01	1
1	1.65125732e+00	2.45076146e+00	2.10070324e+00	primer-cosmos-west-grizli-v7.0	31211	1.40000000e+01	1.66539249e+07	5.69514218e-02	3.41969969e-09	4.52808730e-01	1
1	1.65125732e+00	2.45076146e+00	2.10070324e+00	primer-cosmos-west-grizli-v7.0	31211	1.55000000e+01	1.11322933e+07	3.43374668e-02	3.08449174e-09	4.11905662e-01	1
1	1.65125732e+00	2.45076146e+00	2.10070324e+00	primer-cosmos-west-grizli-v7.0	31211	1.70000000e+01	1.59930749e+07	5.66018937e-02	3.53915016e-09	3.56858866e-01	1
1	1.65125732e+00	2.45076146e+00	2.10070324e+00	primer-cosmos-west-grizli-v7.0	31211	1.85000000e+01	nan	nan	nan	nan	1
1	1.65125732e+00	2.45076146e+00	2.10070324e+00	primer-cosmos-west-grizli-v7.0	31211	2.00000000e+01	nan	nan	nan	nan	1
1	1.65125732e+00	2.45076146e+00	2.10070324e+00	primer-cosmos-west-grizli-v7.0	31211	2.15000000e+01	nan	nan	nan	nan	1
1	1.65125732e+00	2.45076146e+00	2.10070324e+00	primer-cosmos-west-grizli-v7.0	31211	2.30000000e+01	nan	nan	nan	nan	1
1	1.65125732e+00	2.45076146e+00	2.10070324e+00	primer-cosmos-west-grizli-v7.0	31211	2.45000000e+01	nan	nan	nan	nan	1
1	1.65125732e+00	2.45076146e+00	2.10070324e+00	primer-cosmos-west-grizli-v7.0	31211	2.60000000e+01	nan	nan	nan	nan	1
1	1.65125732e+00	2.45076146e+00	2.10070324e+00	primer-cosmos-west-grizli-v7.0	31211	2.75000000e+01	nan	nan	nan	nan	1
1	1.65125732e+00	2.45076146e+00	2.10070324e+00	primer-cosmos-west-grizli-v7.0	31211	2.90000000e+01	nan	nan	nan	nan	1
1	1.65125732e+00	2.45076146e+00	2.10070324e+00	primer-cosmos-west-grizli-v7.0	31211	3.05000000e+01	nan	nan	nan	nan	1
1	1.65125732e+00	2.45076146e+00	2.09095788e+00	primer-cosmos-west-grizli-v7.0	32965	5.00000000e-01	2.77417589e+10	1.06570627e-02	3.84152378e-13	2.28311053e+00	1
1	1.65125732e+00	2.45076146e+00	2.09095788e+00	primer-cosmos-west-grizli-v7.0	32965	2.00000000e+00	7.63214058e+09	4.82440603e-02	6.32117029e-12	2.24660521e+00	1
1	1.65125732e+00	2.45076146e+00	2.09095788e+00	primer-cosmos-west-grizli-v7.0	32965	3.50000000e+00	2.14284126e+09	2.54871099e-01	1.18940728e-10	1.97978696e+00	1
1	1.65125732e+00	2.45076146e+00	2.09095788e+00	primer-cosmos-west-grizli-v7.0	32965	5.00000000e+00	8.92787666e+08	6.47335951e-01	7.25072686e-10	1.44512395e+00	1
1	1.65125732e+00	2.45076146e+00	2.09095788e+00	primer-cosmos-west-grizli-v7.0	32965	6.50000000e+00	3.78861916e+08	8.36031053e-01	2.20669066e-09	9.25529119e-01	1
1	1.65125732e+00	2.45076146e+00	2.09095788e+00	primer-cosmos-west-grizli-v7.0	32965	8.00000000e+00	2.11577197e+08	1.52478198e+00	7.20674064e-09	7.16140417e-01	1
1	1.65125732e+00	2.45076146e+00	2.09095788e+00	primer-cosmos-west-grizli-v7.0	32965	9.50000000e+00	1.35557713e+08	9.71114957e-01	7.16384877e-09	6.81374129e-01	1
1	1.65125732e+00	2.45076146e+00	2.09095788e+00	primer-cosmos-west-grizli-v7.0	32965	1.10000000e+01	1.05325260e+08	1.49819654e+00	1.42244752e-08	7.54006121e-01	1
1	1.65125732e+00	2.45076146e+00	2.09095788e+00	primer-cosmos-west-grizli-v7.0	32965	1.25000000e+01	7.69173111e+07	3.54463719e-01	4.60837377e-09	7.94031055e-01	1
1	1.65125732e+00	2.45076146e+00	2.09095788e+00	primer-cosmos-west-grizli-v7.0	32965	1.40000000e+01	5.68506659e+07	4.23105566e-01	7.44240299e-09	8.10779025e-01	1
1	1.65125732e+00	2.45076146e+00	2.09095788e+00	primer-cosmos-west-grizli-v7.0	32965	1.55000000e+01	4.45246636e+07	4.05774246e-01	9.11347134e-09	7.88756443e-01	1
1	1.65125732e+00	2.45076146e+00	2.09095788e+00	primer-cosmos-west-grizli-v7.0	32965	1.70000000e+01	3.98246937e+07	3.38183054e-01	8.49179297e-09	7.76937005e-01	1
1	1.65125732e+00	2.45076146e+00	2.09095788e+00	primer-cosmos-west-grizli-v7.0	32965	1.85000000e+01	3.76646643e+07	3.86419930e-01	1.02594816e-08	7.52761489e-01	1
1	1.65125732e+00	2.45076146e+00	2.09095788e+00	primer-cosmos-west-grizli-v7.0	32965	2.00000000e+01	3.34939839e+07	2.50707790e-01	7.48515885e-09	7.02194075e-01	1
1	1.65125732e+00	2.45076146e+00	2.09095788e+00	primer-cosmos-west-grizli-v7.0	32965	2.15000000e+01	2.93610633e+07	1.32967925e-01	4.52871628e-09	6.39304612e-01	1
1	1.65125732e+00	2.45076146e+00	2.09095788e+00	primer-cosmos-west-grizli-v7.0	32965	2.30000000e+01	2.61808807e+07	2.11692954e-01	8.08578428e-09	6.76042929e-01	1
1	1.65125732e+00	2.45076146e+00	2.09095788e+00	primer-cosmos-west-grizli-v7.0	32965	2.45000000e+01	2.46060785e+07	1.53059255e-01	6.22038391e-09	6.69810798e-01	1
1	1.65125732e+00	2.45076146e+00	2.09095788e+00	primer-cosmos-west-grizli-v7.0	32965	2.60000000e+01	2.34996387e+07	1.21227142e-01	5.15868108e-09	6.33455157e-01	1
1	1.65125732e+00	2.45076146e+00	2.09095788e+00	primer-cosmos-west-grizli-v7.0	32965	2.75000000e+01	2.04166630e+07	1.67306067e-01	8.19458433e-09	6.17030596e-01	1
1	1.65125732e+00	2.45076146e+00	2.09095788e+00	primer-cosmos-west-grizli-v7.0	32965	2.90000000e+01	nan	nan	nan	nan	1
1	1.65125732e+00	2.45076146e+00	2.09095788e+00	primer-cosmos-west-grizli-v7.0	32965	3.05000000e+01	nan	nan	nan	nan	1
1	1.65125732e+00	2.45076146e+00	2.15617633e+00	primer-uds-north-grizli-v7.2	6831	5.00000000e-01	4.77330541e+09	1.67634452e+01	3.51191549e-09	2.67089007e-01	1
1	1.65125732e+00	2.45076146e+00	2.15617633e+00	primer-uds-north-grizli-v7.2	6831	2.00000000e+00	2.85793959e+09	4.97071213e+00	1.73926424e-09	4.66917837e-01	1
1	1.65125732e+00	2.45076146e+00	2.15617633e+00	primer-uds-north-grizli-v7.2	6831	3.50000000e+00	1.47567693e+09	2.63124907e+00	1.78307936e-09	5.45054929e-01	1
1	1.65125732e+00	2.45076146e+00	2.15617633e+00	primer-uds-north-grizli-v7.2	6831	5.00000000e+00	7.04626521e+08	1.40998067e+00	2.00103264e-09	5.87630126e-01	1
1	1.65125732e+00	2.45076146e+00	2.15617633e+00	primer-uds-north-grizli-v7.2	6831	6.50000000e+00	2.89145353e+08	6.28133387e-01	2.17237933e-09	5.32610300e-01	1
1	1.65125732e+00	2.45076146e+00	2.15617633e+00	primer-uds-north-grizli-v7.2	6831	8.00000000e+00	1.60597782e+08	3.91280724e-01	2.43640180e-09	4.64034627e-01	1
1	1.65125732e+00	2.45076146e+00	2.15617633e+00	primer-uds-north-grizli-v7.2	6831	9.50000000e+00	8.90198114e+07	2.52790979e-01	2.83971596e-09	4.38388259e-01	1
1	1.65125732e+00	2.45076146e+00	2.15617633e+00	primer-uds-north-grizli-v7.2	6831	1.10000000e+01	5.43862438e+07	1.62307113e-01	2.98434129e-09	4.34816116e-01	1
1	1.65125732e+00	2.45076146e+00	2.15617633e+00	primer-uds-north-grizli-v7.2	6831	1.25000000e+01	3.52620130e+07	1.21011217e-01	3.43177279e-09	4.50944706e-01	1
1	1.65125732e+00	2.45076146e+00	2.15617633e+00	primer-uds-north-grizli-v7.2	6831	1.40000000e+01	2.86338633e+07	1.13560924e-01	3.96596585e-09	4.50800957e-01	1
1	1.65125732e+00	2.45076146e+00	2.15617633e+00	primer-uds-north-grizli-v7.2	6831	1.55000000e+01	2.56687326e+07	9.02604550e-02	3.51635808e-09	4.24963992e-01	1
1	1.65125732e+00	2.45076146e+00	2.15617633e+00	primer-uds-north-grizli-v7.2	6831	1.70000000e+01	2.33908198e+07	9.90493182e-02	4.23453812e-09	4.21529211e-01	1
1	1.65125732e+00	2.45076146e+00	2.15617633e+00	primer-uds-north-grizli-v7.2	6831	1.85000000e+01	2.34192805e+07	1.35120113e-01	5.76960993e-09	3.81169257e-01	1
1	1.65125732e+00	2.45076146e+00	2.15617633e+00	primer-uds-north-grizli-v7.2	6831	2.00000000e+01	1.98030830e+07	7.26021036e-02	3.66620206e-09	4.27080242e-01	1
1	1.65125732e+00	2.45076146e+00	2.15617633e+00	primer-uds-north-grizli-v7.2	6831	2.15000000e+01	1.18546506e+07	4.92812813e-02	4.15712642e-09	4.47101768e-01	1
1	1.65125732e+00	2.45076146e+00	2.15617633e+00	primer-uds-north-grizli-v7.2	6831	2.30000000e+01	nan	nan	nan	nan	1
1	1.65125732e+00	2.45076146e+00	2.15617633e+00	primer-uds-north-grizli-v7.2	6831	2.45000000e+01	nan	nan	nan	nan	1
1	1.65125732e+00	2.45076146e+00	2.15617633e+00	primer-uds-north-grizli-v7.2	6831	2.60000000e+01	nan	nan	nan	nan	1
1	1.65125732e+00	2.45076146e+00	2.15617633e+00	primer-uds-north-grizli-v7.2	6831	2.75000000e+01	nan	nan	nan	nan	1
1	1.65125732e+00	2.45076146e+00	2.15617633e+00	primer-uds-north-grizli-v7.2	6831	2.90000000e+01	nan	nan	nan	nan	1
1	1.65125732e+00	2.45076146e+00	2.15617633e+00	primer-uds-north-grizli-v7.2	6831	3.05000000e+01	nan	nan	nan	nan	1
1	1.65125732e+00	2.45076146e+00	2.04929662e+00	primer-uds-north-grizli-v7.2	6840	5.00000000e-01	1.83868784e+10	2.93984356e-02	1.59888128e-12	2.44230094e+00	1
1	1.65125732e+00	2.45076146e+00	2.04929662e+00	primer-uds-north-grizli-v7.2	6840	2.00000000e+00	6.54512635e+09	3.47548826e-01	5.31003999e-11	1.86148691e+00	1
1	1.65125732e+00	2.45076146e+00	2.04929662e+00	primer-uds-north-grizli-v7.2	6840	3.50000000e+00	1.20412856e+09	7.01818347e-01	5.82843369e-10	1.05350917e+00	1
1	1.65125732e+00	2.45076146e+00	2.04929662e+00	primer-uds-north-grizli-v7.2	6840	5.00000000e+00	1.95896665e+08	3.95097575e-01	2.01686728e-09	6.52488895e-01	1
1	1.65125732e+00	2.45076146e+00	2.04929662e+00	primer-uds-north-grizli-v7.2	6840	6.50000000e+00	7.02305947e+07	2.24413423e-01	3.19537979e-09	5.81443628e-01	1
1	1.65125732e+00	2.45076146e+00	2.04929662e+00	primer-uds-north-grizli-v7.2	6840	8.00000000e+00	6.39615979e+07	2.50590818e-01	3.91783235e-09	4.69815546e-01	1
1	1.65125732e+00	2.45076146e+00	2.04929662e+00	primer-uds-north-grizli-v7.2	6840	9.50000000e+00	6.24336621e+07	1.76022778e-01	2.81935693e-09	3.73181678e-01	1
1	1.65125732e+00	2.45076146e+00	2.04929662e+00	primer-uds-north-grizli-v7.2	6840	1.10000000e+01	nan	nan	nan	nan	1
1	1.65125732e+00	2.45076146e+00	2.04929662e+00	primer-uds-north-grizli-v7.2	6840	1.25000000e+01	nan	nan	nan	nan	1
1	1.65125732e+00	2.45076146e+00	2.04929662e+00	primer-uds-north-grizli-v7.2	6840	1.40000000e+01	nan	nan	nan	nan	1
1	1.65125732e+00	2.45076146e+00	2.04929662e+00	primer-uds-north-grizli-v7.2	6840	1.55000000e+01	nan	nan	nan	nan	1
1	1.65125732e+00	2.45076146e+00	2.04929662e+00	primer-uds-north-grizli-v7.2	6840	1.70000000e+01	nan	nan	nan	nan	1
1	1.65125732e+00	2.45076146e+00	2.04929662e+00	primer-uds-north-grizli-v7.2	6840	1.85000000e+01	nan	nan	nan	nan	1
1	1.65125732e+00	2.45076146e+00	2.04929662e+00	primer-uds-north-grizli-v7.2	6840	2.00000000e+01	nan	nan	nan	nan	1
1	1.65125732e+00	2.45076146e+00	2.04929662e+00	primer-uds-north-grizli-v7.2	6840	2.15000000e+01	nan	nan	nan	nan	1
1	1.65125732e+00	2.45076146e+00	2.04929662e+00	primer-uds-north-grizli-v7.2	6840	2.30000000e+01	nan	nan	nan	nan	1
1	1.65125732e+00	2.45076146e+00	2.04929662e+00	primer-uds-north-grizli-v7.2	6840	2.45000000e+01	nan	nan	nan	nan	1
1	1.65125732e+00	2.45076146e+00	2.04929662e+00	primer-uds-north-grizli-v7.2	6840	2.60000000e+01	nan	nan	nan	nan	1
1	1.65125732e+00	2.45076146e+00	2.04929662e+00	primer-uds-north-grizli-v7.2	6840	2.75000000e+01	nan	nan	nan	nan	1
1	1.65125732e+00	2.45076146e+00	2.04929662e+00	primer-uds-north-grizli-v7.2	6840	2.90000000e+01	nan	nan	nan	nan	1
1	1.65125732e+00	2.45076146e+00	2.04929662e+00	primer-uds-north-grizli-v7.2	6840	3.05000000e+01	nan	nan	nan	nan	1
1	1.65125732e+00	2.45076146e+00	1.76776934e+00	primer-uds-north-grizli-v7.2	10995	5.00000000e-01	5.17504732e+09	7.17514228e+00	1.38648825e-09	4.86648218e-01	1
1	1.65125732e+00	2.45076146e+00	1.76776934e+00	primer-uds-north-grizli-v7.2	10995	2.00000000e+00	2.05967255e+09	1.75103746e+00	8.50153323e-10	6.55317435e-01	1
1	1.65125732e+00	2.45076146e+00	1.76776934e+00	primer-uds-north-grizli-v7.2	10995	3.50000000e+00	8.47547951e+08	1.00269270e+00	1.18305129e-09	6.49907154e-01	1
1	1.65125732e+00	2.45076146e+00	1.76776934e+00	primer-uds-north-grizli-v7.2	10995	5.00000000e+00	5.56642017e+08	5.90440759e-01	1.06071899e-09	6.57768019e-01	1
1	1.65125732e+00	2.45076146e+00	1.76776934e+00	primer-uds-north-grizli-v7.2	10995	6.50000000e+00	3.73003921e+08	4.55846513e-01	1.22209577e-09	6.41412896e-01	1
1	1.65125732e+00	2.45076146e+00	1.76776934e+00	primer-uds-north-grizli-v7.2	10995	8.00000000e+00	2.33000672e+08	2.68669290e-01	1.15308375e-09	7.68161870e-01	1
1	1.65125732e+00	2.45076146e+00	1.76776934e+00	primer-uds-north-grizli-v7.2	10995	9.50000000e+00	9.86636824e+07	1.03458752e-01	1.04860015e-09	7.97753542e-01	1
1	1.65125732e+00	2.45076146e+00	1.76776934e+00	primer-uds-north-grizli-v7.2	10995	1.10000000e+01	4.19856590e+07	5.16718482e-02	1.23070232e-09	6.91529623e-01	1
1	1.65125732e+00	2.45076146e+00	1.76776934e+00	primer-uds-north-grizli-v7.2	10995	1.25000000e+01	1.95084145e+07	2.68651100e-02	1.37710371e-09	6.60585899e-01	1
1	1.65125732e+00	2.45076146e+00	1.76776934e+00	primer-uds-north-grizli-v7.2	10995	1.40000000e+01	1.31291446e+07	2.19509667e-02	1.67192664e-09	6.58507884e-01	1
1	1.65125732e+00	2.45076146e+00	1.76776934e+00	primer-uds-north-grizli-v7.2	10995	1.55000000e+01	9.79979669e+06	1.74559938e-02	1.78126081e-09	6.50812457e-01	1
1	1.65125732e+00	2.45076146e+00	1.76776934e+00	primer-uds-north-grizli-v7.2	10995	1.70000000e+01	nan	nan	nan	nan	1
1	1.65125732e+00	2.45076146e+00	1.76776934e+00	primer-uds-north-grizli-v7.2	10995	1.85000000e+01	nan	nan	nan	nan	1
1	1.65125732e+00	2.45076146e+00	1.76776934e+00	primer-uds-north-grizli-v7.2	10995	2.00000000e+01	nan	nan	nan	nan	1
1	1.65125732e+00	2.45076146e+00	1.76776934e+00	primer-uds-north-grizli-v7.2	10995	2.15000000e+01	nan	nan	nan	nan	1
1	1.65125732e+00	2.45076146e+00	1.76776934e+00	primer-uds-north-grizli-v7.2	10995	2.30000000e+01	nan	nan	nan	nan	1
1	1.65125732e+00	2.45076146e+00	1.76776934e+00	primer-uds-north-grizli-v7.2	10995	2.45000000e+01	nan	nan	nan	nan	1
1	1.65125732e+00	2.45076146e+00	1.76776934e+00	primer-uds-north-grizli-v7.2	10995	2.60000000e+01	nan	nan	nan	nan	1
1	1.65125732e+00	2.45076146e+00	1.76776934e+00	primer-uds-north-grizli-v7.2	10995	2.75000000e+01	nan	nan	nan	nan	1
1	1.65125732e+00	2.45076146e+00	1.76776934e+00	primer-uds-north-grizli-v7.2	10995	2.90000000e+01	nan	nan	nan	nan	1
1	1.65125732e+00	2.45076146e+00	1.76776934e+00	primer-uds-north-grizli-v7.2	10995	3.05000000e+01	nan	nan	nan	nan	1
1	1.65125732e+00	2.45076146e+00	2.00107718e+00	primer-uds-north-grizli-v7.2	15418	5.00000000e-01	2.73432888e+10	1.21724049e-02	4.45169746e-13	2.21353511e+00	1
1	1.65125732e+00	2.45076146e+00	2.00107718e+00	primer-uds-north-grizli-v7.2	15418	2.00000000e+00	5.75274695e+09	8.50167984e-02	1.47784700e-11	2.21557400e+00	1
1	1.65125732e+00	2.45076146e+00	2.00107718e+00	primer-uds-north-grizli-v7.2	15418	3.50000000e+00	1.10482988e+09	2.95024017e-01	2.67031172e-10	1.60008586e+00	1
1	1.65125732e+00	2.45076146e+00	2.00107718e+00	primer-uds-north-grizli-v7.2	15418	5.00000000e+00	3.65154176e+08	2.70467526e-01	7.40694051e-10	1.05627844e+00	1
1	1.65125732e+00	2.45076146e+00	2.00107718e+00	primer-uds-north-grizli-v7.2	15418	6.50000000e+00	1.25896182e+08	2.32566257e-01	1.84728602e-09	7.60902480e-01	1
1	1.65125732e+00	2.45076146e+00	2.00107718e+00	primer-uds-north-grizli-v7.2	15418	8.00000000e+00	6.03205052e+07	2.02759180e-01	3.36136410e-09	6.31124266e-01	1
1	1.65125732e+00	2.45076146e+00	2.00107718e+00	primer-uds-north-grizli-v7.2	15418	9.50000000e+00	3.26593357e+07	1.01456090e-01	3.10649584e-09	5.83966779e-01	1
1	1.65125732e+00	2.45076146e+00	2.00107718e+00	primer-uds-north-grizli-v7.2	15418	1.10000000e+01	2.14391711e+07	8.76218679e-02	4.08699886e-09	5.55176415e-01	1
1	1.65125732e+00	2.45076146e+00	2.00107718e+00	primer-uds-north-grizli-v7.2	15418	1.25000000e+01	1.65295298e+07	9.03066240e-02	5.46335104e-09	5.43028463e-01	1
1	1.65125732e+00	2.45076146e+00	2.00107718e+00	primer-uds-north-grizli-v7.2	15418	1.40000000e+01	1.38405501e+07	1.20873540e-01	8.73329016e-09	5.17692328e-01	1
1	1.65125732e+00	2.45076146e+00	2.00107718e+00	primer-uds-north-grizli-v7.2	15418	1.55000000e+01	1.28201065e+07	1.19874864e-01	9.35053574e-09	4.65278037e-01	1
1	1.65125732e+00	2.45076146e+00	2.00107718e+00	primer-uds-north-grizli-v7.2	15418	1.70000000e+01	1.61613226e+07	6.24341839e-02	3.86318530e-09	3.62368834e-01	1
1	1.65125732e+00	2.45076146e+00	2.00107718e+00	primer-uds-north-grizli-v7.2	15418	1.85000000e+01	1.33816338e+07	4.51932396e-02	3.37725874e-09	3.73104055e-01	1
1	1.65125732e+00	2.45076146e+00	2.00107718e+00	primer-uds-north-grizli-v7.2	15418	2.00000000e+01	nan	nan	nan	nan	1
1	1.65125732e+00	2.45076146e+00	2.00107718e+00	primer-uds-north-grizli-v7.2	15418	2.15000000e+01	nan	nan	nan	nan	1
1	1.65125732e+00	2.45076146e+00	2.00107718e+00	primer-uds-north-grizli-v7.2	15418	2.30000000e+01	nan	nan	nan	nan	1
1	1.65125732e+00	2.45076146e+00	2.00107718e+00	primer-uds-north-grizli-v7.2	15418	2.45000000e+01	nan	nan	nan	nan	1
1	1.65125732e+00	2.45076146e+00	2.00107718e+00	primer-uds-north-grizli-v7.2	15418	2.60000000e+01	nan	nan	nan	nan	1
1	1.65125732e+00	2.45076146e+00	2.00107718e+00	primer-uds-north-grizli-v7.2	15418	2.75000000e+01	nan	nan	nan	nan	1
1	1.65125732e+00	2.45076146e+00	2.00107718e+00	primer-uds-north-grizli-v7.2	15418	2.90000000e+01	nan	nan	nan	nan	1
1	1.65125732e+00	2.45076146e+00	2.00107718e+00	primer-uds-north-grizli-v7.2	15418	3.05000000e+01	nan	nan	nan	nan	1
1	1.65125732e+00	2.45076146e+00	2.20265698e+00	primer-uds-north-grizli-v7.2	16369	5.00000000e-01	1.55335201e+10	7.99350653e-01	5.14597238e-11	1.57575331e+00	1
1	1.65125732e+00	2.45076146e+00	2.20265698e+00	primer-uds-north-grizli-v7.2	16369	2.00000000e+00	4.92820560e+09	1.80987644e+00	3.67248566e-10	1.07220524e+00	1
1	1.65125732e+00	2.45076146e+00	2.20265698e+00	primer-uds-north-grizli-v7.2	16369	3.50000000e+00	1.19029301e+09	2.31787350e+00	1.94731338e-09	7.20978299e-01	1
1	1.65125732e+00	2.45076146e+00	2.20265698e+00	primer-uds-north-grizli-v7.2	16369	5.00000000e+00	3.14329737e+08	9.49502465e-01	3.02072108e-09	5.60033933e-01	1
1	1.65125732e+00	2.45076146e+00	2.20265698e+00	primer-uds-north-grizli-v7.2	16369	6.50000000e+00	9.17792750e+07	5.51132647e-01	6.00497930e-09	4.93928430e-01	1
1	1.65125732e+00	2.45076146e+00	2.20265698e+00	primer-uds-north-grizli-v7.2	16369	8.00000000e+00	4.71494343e+07	2.51184755e-01	5.32741822e-09	4.67218630e-01	1
1	1.65125732e+00	2.45076146e+00	2.20265698e+00	primer-uds-north-grizli-v7.2	16369	9.50000000e+00	2.76321385e+07	1.88291765e-01	6.81423063e-09	4.28478755e-01	1
1	1.65125732e+00	2.45076146e+00	2.20265698e+00	primer-uds-north-grizli-v7.2	16369	1.10000000e+01	2.38407039e+07	2.23328549e-01	9.36753168e-09	4.10624895e-01	1
1	1.65125732e+00	2.45076146e+00	2.20265698e+00	primer-uds-north-grizli-v7.2	16369	1.25000000e+01	2.29154284e+07	8.48011500e-02	3.70061377e-09	3.65649067e-01	1
1	1.65125732e+00	2.45076146e+00	2.20265698e+00	primer-uds-north-grizli-v7.2	16369	1.40000000e+01	nan	nan	nan	nan	1
1	1.65125732e+00	2.45076146e+00	2.20265698e+00	primer-uds-north-grizli-v7.2	16369	1.55000000e+01	nan	nan	nan	nan	1
1	1.65125732e+00	2.45076146e+00	2.20265698e+00	primer-uds-north-grizli-v7.2	16369	1.70000000e+01	nan	nan	nan	nan	1
1	1.65125732e+00	2.45076146e+00	2.20265698e+00	primer-uds-north-grizli-v7.2	16369	1.85000000e+01	nan	nan	nan	nan	1
1	1.65125732e+00	2.45076146e+00	2.20265698e+00	primer-uds-north-grizli-v7.2	16369	2.00000000e+01	nan	nan	nan	nan	1
1	1.65125732e+00	2.45076146e+00	2.20265698e+00	primer-uds-north-grizli-v7.2	16369	2.15000000e+01	nan	nan	nan	nan	1
1	1.65125732e+00	2.45076146e+00	2.20265698e+00	primer-uds-north-grizli-v7.2	16369	2.30000000e+01	nan	nan	nan	nan	1
1	1.65125732e+00	2.45076146e+00	2.20265698e+00	primer-uds-north-grizli-v7.2	16369	2.45000000e+01	nan	nan	nan	nan	1
1	1.65125732e+00	2.45076146e+00	2.20265698e+00	primer-uds-north-grizli-v7.2	16369	2.60000000e+01	nan	nan	nan	nan	1
1	1.65125732e+00	2.45076146e+00	2.20265698e+00	primer-uds-north-grizli-v7.2	16369	2.75000000e+01	nan	nan	nan	nan	1
1	1.65125732e+00	2.45076146e+00	2.20265698e+00	primer-uds-north-grizli-v7.2	16369	2.90000000e+01	nan	nan	nan	nan	1
1	1.65125732e+00	2.45076146e+00	2.20265698e+00	primer-uds-north-grizli-v7.2	16369	3.05000000e+01	nan	nan	nan	nan	1
1	1.65125732e+00	2.45076146e+00	2.41481781e+00	primer-uds-north-grizli-v7.2	19406	5.00000000e-01	2.59916721e+10	1.08623900e+00	4.17918092e-11	1.52717260e+00	1
1	1.65125732e+00	2.45076146e+00	2.41481781e+00	primer-uds-north-grizli-v7.2	19406	2.00000000e+00	6.08533612e+09	4.50581411e+00	7.40438001e-10	6.79600276e-01	1
1	1.65125732e+00	2.45076146e+00	2.41481781e+00	primer-uds-north-grizli-v7.2	19406	3.50000000e+00	1.21921804e+09	2.19673502e+00	1.80175732e-09	5.17613037e-01	1
1	1.65125732e+00	2.45076146e+00	2.41481781e+00	primer-uds-north-grizli-v7.2	19406	5.00000000e+00	5.34027608e+08	1.08350001e+00	2.02892133e-09	5.67229880e-01	1
1	1.65125732e+00	2.45076146e+00	2.41481781e+00	primer-uds-north-grizli-v7.2	19406	6.50000000e+00	2.33714556e+08	6.70634895e-01	2.86946139e-09	5.36552858e-01	1
1	1.65125732e+00	2.45076146e+00	2.41481781e+00	primer-uds-north-grizli-v7.2	19406	8.00000000e+00	1.08266237e+08	3.54919997e-01	3.27821497e-09	4.49658467e-01	1
1	1.65125732e+00	2.45076146e+00	2.41481781e+00	primer-uds-north-grizli-v7.2	19406	9.50000000e+00	5.84107175e+07	1.74124858e-01	2.98104296e-09	4.09655875e-01	1
1	1.65125732e+00	2.45076146e+00	2.41481781e+00	primer-uds-north-grizli-v7.2	19406	1.10000000e+01	4.07814052e+07	1.24643906e-01	3.05639065e-09	4.20513746e-01	1
1	1.65125732e+00	2.45076146e+00	2.41481781e+00	primer-uds-north-grizli-v7.2	19406	1.25000000e+01	2.93240296e+07	9.97844363e-02	3.40282143e-09	4.38999465e-01	1
1	1.65125732e+00	2.45076146e+00	2.41481781e+00	primer-uds-north-grizli-v7.2	19406	1.40000000e+01	2.14302808e+07	1.01734385e-01	4.74722595e-09	4.06697637e-01	1
1	1.65125732e+00	2.45076146e+00	2.41481781e+00	primer-uds-north-grizli-v7.2	19406	1.55000000e+01	nan	nan	nan	nan	1
1	1.65125732e+00	2.45076146e+00	2.41481781e+00	primer-uds-north-grizli-v7.2	19406	1.70000000e+01	nan	nan	nan	nan	1
1	1.65125732e+00	2.45076146e+00	2.41481781e+00	primer-uds-north-grizli-v7.2	19406	1.85000000e+01	nan	nan	nan	nan	1
1	1.65125732e+00	2.45076146e+00	2.41481781e+00	primer-uds-north-grizli-v7.2	19406	2.00000000e+01	nan	nan	nan	nan	1
1	1.65125732e+00	2.45076146e+00	2.41481781e+00	primer-uds-north-grizli-v7.2	19406	2.15000000e+01	nan	nan	nan	nan	1
1	1.65125732e+00	2.45076146e+00	2.41481781e+00	primer-uds-north-grizli-v7.2	19406	2.30000000e+01	nan	nan	nan	nan	1
1	1.65125732e+00	2.45076146e+00	2.41481781e+00	primer-uds-north-grizli-v7.2	19406	2.45000000e+01	nan	nan	nan	nan	1
1	1.65125732e+00	2.45076146e+00	2.41481781e+00	primer-uds-north-grizli-v7.2	19406	2.60000000e+01	nan	nan	nan	nan	1
1	1.65125732e+00	2.45076146e+00	2.41481781e+00	primer-uds-north-grizli-v7.2	19406	2.75000000e+01	nan	nan	nan	nan	1
1	1.65125732e+00	2.45076146e+00	2.41481781e+00	primer-uds-north-grizli-v7.2	19406	2.90000000e+01	nan	nan	nan	nan	1
1	1.65125732e+00	2.45076146e+00	2.41481781e+00	primer-uds-north-grizli-v7.2	19406	3.05000000e+01	nan	nan	nan	nan	1
1	1.65125732e+00	2.45076146e+00	2.36147666e+00	primer-uds-north-grizli-v7.2	27663	5.00000000e-01	9.64356606e+09	2.36459848e-01	2.45199594e-11	1.78044275e+00	1
1	1.65125732e+00	2.45076146e+00	2.36147666e+00	primer-uds-north-grizli-v7.2	27663	2.00000000e+00	3.67894890e+09	1.21566177e+00	3.30437253e-10	1.17729634e+00	1
1	1.65125732e+00	2.45076146e+00	2.36147666e+00	primer-uds-north-grizli-v7.2	27663	3.50000000e+00	1.62496397e+09	1.56350973e+00	9.62181165e-10	7.47200038e-01	1
1	1.65125732e+00	2.45076146e+00	2.36147666e+00	primer-uds-north-grizli-v7.2	27663	5.00000000e+00	6.52856570e+08	9.94731269e-01	1.52365974e-09	5.26324918e-01	1
1	1.65125732e+00	2.45076146e+00	2.36147666e+00	primer-uds-north-grizli-v7.2	27663	6.50000000e+00	2.01179632e+08	7.04649948e-01	3.50259090e-09	3.95451742e-01	1
1	1.65125732e+00	2.45076146e+00	2.36147666e+00	primer-uds-north-grizli-v7.2	27663	8.00000000e+00	7.17867958e+07	4.32353160e-01	6.02273935e-09	3.63951298e-01	1
1	1.65125732e+00	2.45076146e+00	2.36147666e+00	primer-uds-north-grizli-v7.2	27663	9.50000000e+00	4.13908818e+07	3.33441944e-01	8.05592753e-09	3.52535545e-01	1
1	1.65125732e+00	2.45076146e+00	2.36147666e+00	primer-uds-north-grizli-v7.2	27663	1.10000000e+01	nan	nan	nan	nan	1
1	1.65125732e+00	2.45076146e+00	2.36147666e+00	primer-uds-north-grizli-v7.2	27663	1.25000000e+01	nan	nan	nan	nan	1
1	1.65125732e+00	2.45076146e+00	2.36147666e+00	primer-uds-north-grizli-v7.2	27663	1.40000000e+01	nan	nan	nan	nan	1
1	1.65125732e+00	2.45076146e+00	2.36147666e+00	primer-uds-north-grizli-v7.2	27663	1.55000000e+01	nan	nan	nan	nan	1
1	1.65125732e+00	2.45076146e+00	2.36147666e+00	primer-uds-north-grizli-v7.2	27663	1.70000000e+01	nan	nan	nan	nan	1
1	1.65125732e+00	2.45076146e+00	2.36147666e+00	primer-uds-north-grizli-v7.2	27663	1.85000000e+01	nan	nan	nan	nan	1
1	1.65125732e+00	2.45076146e+00	2.36147666e+00	primer-uds-north-grizli-v7.2	27663	2.00000000e+01	nan	nan	nan	nan	1
1	1.65125732e+00	2.45076146e+00	2.36147666e+00	primer-uds-north-grizli-v7.2	27663	2.15000000e+01	nan	nan	nan	nan	1
1	1.65125732e+00	2.45076146e+00	2.36147666e+00	primer-uds-north-grizli-v7.2	27663	2.30000000e+01	nan	nan	nan	nan	1
1	1.65125732e+00	2.45076146e+00	2.36147666e+00	primer-uds-north-grizli-v7.2	27663	2.45000000e+01	nan	nan	nan	nan	1
1	1.65125732e+00	2.45076146e+00	2.36147666e+00	primer-uds-north-grizli-v7.2	27663	2.60000000e+01	nan	nan	nan	nan	1
1	1.65125732e+00	2.45076146e+00	2.36147666e+00	primer-uds-north-grizli-v7.2	27663	2.75000000e+01	nan	nan	nan	nan	1
1	1.65125732e+00	2.45076146e+00	2.36147666e+00	primer-uds-north-grizli-v7.2	27663	2.90000000e+01	nan	nan	nan	nan	1
1	1.65125732e+00	2.45076146e+00	2.36147666e+00	primer-uds-north-grizli-v7.2	27663	3.05000000e+01	nan	nan	nan	nan	1
1	1.65125732e+00	2.45076146e+00	1.82350004e+00	primer-uds-north-grizli-v7.2	40510	5.00000000e-01	1.06834941e+10	1.31296047e+00	1.22896167e-10	1.33927462e+00	1
1	1.65125732e+00	2.45076146e+00	1.82350004e+00	primer-uds-north-grizli-v7.2	40510	2.00000000e+00	3.08718357e+09	6.94426669e-01	2.24938573e-10	1.16543324e+00	1
1	1.65125732e+00	2.45076146e+00	1.82350004e+00	primer-uds-north-grizli-v7.2	40510	3.50000000e+00	8.16002476e+08	2.26660950e-01	2.77769929e-10	1.31494141e+00	1
1	1.65125732e+00	2.45076146e+00	1.82350004e+00	primer-uds-north-grizli-v7.2	40510	5.00000000e+00	3.73093784e+08	1.69198366e-01	4.53500899e-10	1.11558213e+00	1
1	1.65125732e+00	2.45076146e+00	1.82350004e+00	primer-uds-north-grizli-v7.2	40510	6.50000000e+00	2.30217850e+08	1.25586896e-01	5.45513286e-10	1.06486472e+00	1
1	1.65125732e+00	2.45076146e+00	1.82350004e+00	primer-uds-north-grizli-v7.2	40510	8.00000000e+00	1.68126866e+08	1.18741727e-01	7.06262651e-10	9.80647661e-01	1
1	1.65125732e+00	2.45076146e+00	1.82350004e+00	primer-uds-north-grizli-v7.2	40510	9.50000000e+00	1.22583898e+08	1.04219835e-01	8.50191881e-10	9.02278000e-01	1
1	1.65125732e+00	2.45076146e+00	1.82350004e+00	primer-uds-north-grizli-v7.2	40510	1.10000000e+01	8.09192450e+07	9.93798145e-02	1.22813571e-09	7.57192508e-01	1
1	1.65125732e+00	2.45076146e+00	1.82350004e+00	primer-uds-north-grizli-v7.2	40510	1.25000000e+01	4.91951914e+07	7.67197135e-02	1.55949619e-09	6.92313268e-01	1
1	1.65125732e+00	2.45076146e+00	1.82350004e+00	primer-uds-north-grizli-v7.2	40510	1.40000000e+01	3.19715879e+07	6.79955191e-02	2.12674827e-09	6.50191484e-01	1
1	1.65125732e+00	2.45076146e+00	1.82350004e+00	primer-uds-north-grizli-v7.2	40510	1.55000000e+01	2.35812750e+07	5.64428567e-02	2.39354559e-09	6.39639841e-01	1
1	1.65125732e+00	2.45076146e+00	1.82350004e+00	primer-uds-north-grizli-v7.2	40510	1.70000000e+01	1.80114927e+07	4.97371317e-02	2.76141087e-09	6.13440800e-01	1
1	1.65125732e+00	2.45076146e+00	1.82350004e+00	primer-uds-north-grizli-v7.2	40510	1.85000000e+01	1.56271730e+07	5.24076005e-02	3.35362003e-09	5.80752556e-01	1
1	1.65125732e+00	2.45076146e+00	1.82350004e+00	primer-uds-north-grizli-v7.2	40510	2.00000000e+01	1.44851990e+07	4.43802682e-02	3.06383560e-09	5.75348478e-01	1
1	1.65125732e+00	2.45076146e+00	1.82350004e+00	primer-uds-north-grizli-v7.2	40510	2.15000000e+01	1.45741199e+07	5.08856603e-02	3.49150829e-09	5.65893216e-01	1
1	1.65125732e+00	2.45076146e+00	1.82350004e+00	primer-uds-north-grizli-v7.2	40510	2.30000000e+01	1.61614450e+07	5.20249418e-02	3.21907738e-09	5.56256215e-01	1
1	1.65125732e+00	2.45076146e+00	1.82350004e+00	primer-uds-north-grizli-v7.2	40510	2.45000000e+01	1.90431098e+07	5.25906825e-02	2.76166461e-09	5.14412908e-01	1
1	1.65125732e+00	2.45076146e+00	1.82350004e+00	primer-uds-north-grizli-v7.2	40510	2.60000000e+01	2.09017448e+07	4.04437157e-02	1.93494447e-09	5.16938612e-01	1
1	1.65125732e+00	2.45076146e+00	1.82350004e+00	primer-uds-north-grizli-v7.2	40510	2.75000000e+01	2.08606768e+07	3.45431754e-02	1.65589908e-09	5.65680371e-01	1
1	1.65125732e+00	2.45076146e+00	1.82350004e+00	primer-uds-north-grizli-v7.2	40510	2.90000000e+01	1.51584520e+07	3.04128208e-02	2.00632762e-09	5.70221295e-01	1
1	1.65125732e+00	2.45076146e+00	1.82350004e+00	primer-uds-north-grizli-v7.2	40510	3.05000000e+01	1.08655042e+07	2.23591262e-02	2.05780844e-09	5.88728997e-01	1
1	1.65125732e+00	2.45076146e+00	1.70281315e+00	primer-uds-north-grizli-v7.2	40719	5.00000000e-01	1.11010741e+10	7.23801414e-02	6.52010252e-12	2.10327004e+00	1
1	1.65125732e+00	2.45076146e+00	1.70281315e+00	primer-uds-north-grizli-v7.2	40719	2.00000000e+00	3.30109548e+09	2.53375982e-01	7.67551205e-11	1.69667110e+00	1
1	1.65125732e+00	2.45076146e+00	1.70281315e+00	primer-uds-north-grizli-v7.2	40719	3.50000000e+00	1.00777798e+09	2.81015298e-01	2.78846436e-10	1.22878771e+00	1
1	1.65125732e+00	2.45076146e+00	1.70281315e+00	primer-uds-north-grizli-v7.2	40719	5.00000000e+00	4.20290762e+08	2.29562446e-01	5.46199124e-10	9.81825354e-01	1
1	1.65125732e+00	2.45076146e+00	1.70281315e+00	primer-uds-north-grizli-v7.2	40719	6.50000000e+00	1.83016171e+08	1.79403709e-01	9.80261515e-10	8.56467443e-01	1
1	1.65125732e+00	2.45076146e+00	1.70281315e+00	primer-uds-north-grizli-v7.2	40719	8.00000000e+00	1.10689290e+08	1.67206390e-01	1.51059231e-09	7.41464990e-01	1
1	1.65125732e+00	2.45076146e+00	1.70281315e+00	primer-uds-north-grizli-v7.2	40719	9.50000000e+00	6.84663294e+07	1.13138510e-01	1.65246933e-09	7.03769761e-01	1
1	1.65125732e+00	2.45076146e+00	1.70281315e+00	primer-uds-north-grizli-v7.2	40719	1.10000000e+01	4.83849059e+07	8.49135223e-02	1.75495892e-09	6.97761250e-01	1
1	1.65125732e+00	2.45076146e+00	1.70281315e+00	primer-uds-north-grizli-v7.2	40719	1.25000000e+01	3.82608038e+07	6.18500703e-02	1.61653870e-09	7.13497540e-01	1
1	1.65125732e+00	2.45076146e+00	1.70281315e+00	primer-uds-north-grizli-v7.2	40719	1.40000000e+01	2.80628345e+07	5.66208926e-02	2.01764696e-09	7.03432317e-01	1
1	1.65125732e+00	2.45076146e+00	1.70281315e+00	primer-uds-north-grizli-v7.2	40719	1.55000000e+01	2.53768710e+07	6.71540081e-02	2.64626825e-09	6.97836191e-01	1
1	1.65125732e+00	2.45076146e+00	1.70281315e+00	primer-uds-north-grizli-v7.2	40719	1.70000000e+01	1.86111028e+07	5.26848336e-02	2.83082815e-09	6.82504150e-01	1
1	1.65125732e+00	2.45076146e+00	1.70281315e+00	primer-uds-north-grizli-v7.2	40719	1.85000000e+01	1.77832400e+07	6.51426962e-02	3.66315117e-09	6.72044473e-01	1
1	1.65125732e+00	2.45076146e+00	1.70281315e+00	primer-uds-north-grizli-v7.2	40719	2.00000000e+01	nan	nan	nan	nan	1
1	1.65125732e+00	2.45076146e+00	1.70281315e+00	primer-uds-north-grizli-v7.2	40719	2.15000000e+01	nan	nan	nan	nan	1
1	1.65125732e+00	2.45076146e+00	1.70281315e+00	primer-uds-north-grizli-v7.2	40719	2.30000000e+01	nan	nan	nan	nan	1
1	1.65125732e+00	2.45076146e+00	1.70281315e+00	primer-uds-north-grizli-v7.2	40719	2.45000000e+01	nan	nan	nan	nan	1
1	1.65125732e+00	2.45076146e+00	1.70281315e+00	primer-uds-north-grizli-v7.2	40719	2.60000000e+01	nan	nan	nan	nan	1
1	1.65125732e+00	2.45076146e+00	1.70281315e+00	primer-uds-north-grizli-v7.2	40719	2.75000000e+01	nan	nan	nan	nan	1
1	1.65125732e+00	2.45076146e+00	1.70281315e+00	primer-uds-north-grizli-v7.2	40719	2.90000000e+01	nan	nan	nan	nan	1
1	1.65125732e+00	2.45076146e+00	1.70281315e+00	primer-uds-north-grizli-v7.2	40719	3.05000000e+01	nan	nan	nan	nan	1
1	1.65125732e+00	2.45076146e+00	1.69100857e+00	primer-uds-north-grizli-v7.2	44064	5.00000000e-01	9.25615644e+09	4.16822271e-01	4.50318956e-11	1.46328458e+00	1
1	1.65125732e+00	2.45076146e+00	1.69100857e+00	primer-uds-north-grizli-v7.2	44064	2.00000000e+00	3.55822799e+09	1.33938873e+00	3.76420156e-10	1.01081360e+00	1
1	1.65125732e+00	2.45076146e+00	1.69100857e+00	primer-uds-north-grizli-v7.2	44064	3.50000000e+00	1.44066851e+09	1.05444273e+00	7.31912109e-10	7.77212661e-01	1
1	1.65125732e+00	2.45076146e+00	1.69100857e+00	primer-uds-north-grizli-v7.2	44064	5.00000000e+00	8.09779250e+08	6.43457037e-01	7.94607959e-10	8.67631617e-01	1
1	1.65125732e+00	2.45076146e+00	1.69100857e+00	primer-uds-north-grizli-v7.2	44064	6.50000000e+00	5.47333636e+08	3.24230680e-01	5.92382157e-10	1.10574413e+00	1
1	1.65125732e+00	2.45076146e+00	1.69100857e+00	primer-uds-north-grizli-v7.2	44064	8.00000000e+00	3.44834412e+08	1.72732216e-01	5.00913512e-10	1.14774980e+00	1
1	1.65125732e+00	2.45076146e+00	1.69100857e+00	primer-uds-north-grizli-v7.2	44064	9.50000000e+00	2.10352848e+08	1.06225849e-01	5.04988880e-10	1.07006275e+00	1
1	1.65125732e+00	2.45076146e+00	1.69100857e+00	primer-uds-north-grizli-v7.2	44064	1.10000000e+01	1.22528576e+08	6.31126288e-02	5.15084975e-10	1.01578359e+00	1
1	1.65125732e+00	2.45076146e+00	1.69100857e+00	primer-uds-north-grizli-v7.2	44064	1.25000000e+01	6.79476446e+07	4.61229043e-02	6.78800635e-10	9.07956889e-01	1
1	1.65125732e+00	2.45076146e+00	1.69100857e+00	primer-uds-north-grizli-v7.2	44064	1.40000000e+01	3.96247435e+07	3.62576722e-02	9.15026042e-10	7.77920123e-01	1
1	1.65125732e+00	2.45076146e+00	1.69100857e+00	primer-uds-north-grizli-v7.2	44064	1.55000000e+01	2.27126147e+07	2.65555734e-02	1.16919931e-09	6.87778190e-01	1
1	1.65125732e+00	2.45076146e+00	1.69100857e+00	primer-uds-north-grizli-v7.2	44064	1.70000000e+01	1.50637005e+07	2.25556765e-02	1.49735296e-09	6.71567907e-01	1
1	1.65125732e+00	2.45076146e+00	1.69100857e+00	primer-uds-north-grizli-v7.2	44064	1.85000000e+01	1.12191506e+07	2.55923926e-02	2.28113460e-09	6.56596619e-01	1
1	1.65125732e+00	2.45076146e+00	1.69100857e+00	primer-uds-north-grizli-v7.2	44064	2.00000000e+01	1.00529009e+07	2.36849662e-02	2.35603299e-09	6.29910472e-01	1
1	1.65125732e+00	2.45076146e+00	1.69100857e+00	primer-uds-north-grizli-v7.2	44064	2.15000000e+01	7.77429890e+06	2.57031639e-02	3.30617130e-09	6.70001741e-01	1
1	1.65125732e+00	2.45076146e+00	1.69100857e+00	primer-uds-north-grizli-v7.2	44064	2.30000000e+01	7.31231679e+06	4.10020217e-02	5.60725456e-09	6.97240327e-01	1
1	1.65125732e+00	2.45076146e+00	1.69100857e+00	primer-uds-north-grizli-v7.2	44064	2.45000000e+01	7.18957586e+06	1.70265170e-02	2.36822273e-09	7.00795304e-01	1
1	1.65125732e+00	2.45076146e+00	1.69100857e+00	primer-uds-north-grizli-v7.2	44064	2.60000000e+01	9.63482358e+06	2.46225221e-02	2.55557581e-09	7.46599323e-01	1
1	1.65125732e+00	2.45076146e+00	1.69100857e+00	primer-uds-north-grizli-v7.2	44064	2.75000000e+01	1.76695385e+07	2.76800642e-02	1.56654144e-09	7.79672362e-01	1
1	1.65125732e+00	2.45076146e+00	1.69100857e+00	primer-uds-north-grizli-v7.2	44064	2.90000000e+01	3.52296074e+07	2.73109607e-02	7.75227507e-10	7.36814964e-01	1
1	1.65125732e+00	2.45076146e+00	1.69100857e+00	primer-uds-north-grizli-v7.2	44064	3.05000000e+01	5.92277759e+07	2.98605477e-02	5.04164596e-10	7.71149884e-01	1
1	1.65125732e+00	2.45076146e+00	1.68252623e+00	primer-uds-north-grizli-v7.2	45319	5.00000000e-01	1.27318686e+10	3.25747157e-03	2.55851806e-13	2.65950003e+00	1
1	1.65125732e+00	2.45076146e+00	1.68252623e+00	primer-uds-north-grizli-v7.2	45319	2.00000000e+00	3.29152811e+09	1.53709764e-02	4.66986026e-12	2.18070417e+00	1
1	1.65125732e+00	2.45076146e+00	1.68252623e+00	primer-uds-north-grizli-v7.2	45319	3.50000000e+00	7.47304626e+08	4.31329728e-02	5.77180594e-11	1.71458103e+00	1
1	1.65125732e+00	2.45076146e+00	1.68252623e+00	primer-uds-north-grizli-v7.2	45319	5.00000000e+00	3.06239046e+08	7.48546888e-02	2.44432216e-10	1.34953560e+00	1
1	1.65125732e+00	2.45076146e+00	1.68252623e+00	primer-uds-north-grizli-v7.2	45319	6.50000000e+00	9.73476731e+07	8.33680876e-02	8.56395278e-10	9.24235098e-01	1
1	1.65125732e+00	2.45076146e+00	1.68252623e+00	primer-uds-north-grizli-v7.2	45319	8.00000000e+00	nan	nan	nan	nan	1
1	1.65125732e+00	2.45076146e+00	1.68252623e+00	primer-uds-north-grizli-v7.2	45319	9.50000000e+00	nan	nan	nan	nan	1
1	1.65125732e+00	2.45076146e+00	1.68252623e+00	primer-uds-north-grizli-v7.2	45319	1.10000000e+01	nan	nan	nan	nan	1
1	1.65125732e+00	2.45076146e+00	1.68252623e+00	primer-uds-north-grizli-v7.2	45319	1.25000000e+01	nan	nan	nan	nan	1
1	1.65125732e+00	2.45076146e+00	1.68252623e+00	primer-uds-north-grizli-v7.2	45319	1.40000000e+01	nan	nan	nan	nan	1
1	1.65125732e+00	2.45076146e+00	1.68252623e+00	primer-uds-north-grizli-v7.2	45319	1.55000000e+01	nan	nan	nan	nan	1
1	1.65125732e+00	2.45076146e+00	1.68252623e+00	primer-uds-north-grizli-v7.2	45319	1.70000000e+01	nan	nan	nan	nan	1
1	1.65125732e+00	2.45076146e+00	1.68252623e+00	primer-uds-north-grizli-v7.2	45319	1.85000000e+01	nan	nan	nan	nan	1
1	1.65125732e+00	2.45076146e+00	1.68252623e+00	primer-uds-north-grizli-v7.2	45319	2.00000000e+01	nan	nan	nan	nan	1
1	1.65125732e+00	2.45076146e+00	1.68252623e+00	primer-uds-north-grizli-v7.2	45319	2.15000000e+01	nan	nan	nan	nan	1
1	1.65125732e+00	2.45076146e+00	1.68252623e+00	primer-uds-north-grizli-v7.2	45319	2.30000000e+01	nan	nan	nan	nan	1
1	1.65125732e+00	2.45076146e+00	1.68252623e+00	primer-uds-north-grizli-v7.2	45319	2.45000000e+01	nan	nan	nan	nan	1
1	1.65125732e+00	2.45076146e+00	1.68252623e+00	primer-uds-north-grizli-v7.2	45319	2.60000000e+01	nan	nan	nan	nan	1
1	1.65125732e+00	2.45076146e+00	1.68252623e+00	primer-uds-north-grizli-v7.2	45319	2.75000000e+01	nan	nan	nan	nan	1
1	1.65125732e+00	2.45076146e+00	1.68252623e+00	primer-uds-north-grizli-v7.2	45319	2.90000000e+01	nan	nan	nan	nan	1
1	1.65125732e+00	2.45076146e+00	1.68252623e+00	primer-uds-north-grizli-v7.2	45319	3.05000000e+01	nan	nan	nan	nan	1
1	1.65125732e+00	2.45076146e+00	1.67079997e+00	primer-uds-north-grizli-v7.2	46686	5.00000000e-01	1.45768001e+10	2.01277056e+00	1.38080412e-10	2.55600918e+00	1
1	1.65125732e+00	2.45076146e+00	1.67079997e+00	primer-uds-north-grizli-v7.2	46686	2.00000000e+00	3.80869797e+09	3.08843024e+00	8.10888724e-10	2.07361574e+00	1
1	1.65125732e+00	2.45076146e+00	1.67079997e+00	primer-uds-north-grizli-v7.2	46686	3.50000000e+00	9.63416447e+08	1.71587430e-02	1.78103073e-11	1.92333813e+00	1
1	1.65125732e+00	2.45076146e+00	1.67079997e+00	primer-uds-north-grizli-v7.2	46686	5.00000000e+00	4.28655116e+08	4.81459902e-02	1.12318711e-10	1.52695731e+00	1
1	1.65125732e+00	2.45076146e+00	1.67079997e+00	primer-uds-north-grizli-v7.2	46686	6.50000000e+00	1.74902590e+08	7.14581357e-02	4.08559620e-10	1.13073067e+00	1
1	1.65125732e+00	2.45076146e+00	1.67079997e+00	primer-uds-north-grizli-v7.2	46686	8.00000000e+00	7.75261150e+07	6.63262060e-02	8.55533726e-10	8.62937246e-01	1
1	1.65125732e+00	2.45076146e+00	1.67079997e+00	primer-uds-north-grizli-v7.2	46686	9.50000000e+00	3.68544426e+07	5.00546296e-02	1.35817085e-09	7.56851907e-01	1
1	1.65125732e+00	2.45076146e+00	1.67079997e+00	primer-uds-north-grizli-v7.2	46686	1.10000000e+01	2.40351293e+07	4.49144412e-02	1.86869979e-09	7.02630569e-01	1
1	1.65125732e+00	2.45076146e+00	1.67079997e+00	primer-uds-north-grizli-v7.2	46686	1.25000000e+01	1.81236938e+07	3.84418966e-02	2.12108508e-09	6.68646568e-01	1
1	1.65125732e+00	2.45076146e+00	1.67079997e+00	primer-uds-north-grizli-v7.2	46686	1.40000000e+01	1.48827404e+07	4.02980340e-02	2.70770254e-09	6.30675547e-01	1
1	1.65125732e+00	2.45076146e+00	1.67079997e+00	primer-uds-north-grizli-v7.2	46686	1.55000000e+01	1.40212446e+07	3.10467044e-02	2.21426166e-09	6.22605231e-01	1
1	1.65125732e+00	2.45076146e+00	1.67079997e+00	primer-uds-north-grizli-v7.2	46686	1.70000000e+01	1.19685679e+07	4.31645729e-02	3.60649440e-09	6.06234700e-01	1
1	1.65125732e+00	2.45076146e+00	1.67079997e+00	primer-uds-north-grizli-v7.2	46686	1.85000000e+01	1.00185004e+07	3.16476209e-02	3.15891797e-09	5.91607697e-01	1
1	1.65125732e+00	2.45076146e+00	1.67079997e+00	primer-uds-north-grizli-v7.2	46686	2.00000000e+01	1.11895456e+07	1.79869324e-02	1.60747657e-09	6.05327802e-01	1
1	1.65125732e+00	2.45076146e+00	1.67079997e+00	primer-uds-north-grizli-v7.2	46686	2.15000000e+01	1.09269674e+07	1.54841874e-02	1.41706174e-09	6.10646544e-01	1
1	1.65125732e+00	2.45076146e+00	1.67079997e+00	primer-uds-north-grizli-v7.2	46686	2.30000000e+01	nan	nan	nan	nan	1
1	1.65125732e+00	2.45076146e+00	1.67079997e+00	primer-uds-north-grizli-v7.2	46686	2.45000000e+01	nan	nan	nan	nan	1
1	1.65125732e+00	2.45076146e+00	1.67079997e+00	primer-uds-north-grizli-v7.2	46686	2.60000000e+01	nan	nan	nan	nan	1
1	1.65125732e+00	2.45076146e+00	1.67079997e+00	primer-uds-north-grizli-v7.2	46686	2.75000000e+01	nan	nan	nan	nan	1
1	1.65125732e+00	2.45076146e+00	1.67079997e+00	primer-uds-north-grizli-v7.2	46686	2.90000000e+01	nan	nan	nan	nan	1
1	1.65125732e+00	2.45076146e+00	1.67079997e+00	primer-uds-north-grizli-v7.2	46686	3.05000000e+01	nan	nan	nan	nan	1
1	1.65125732e+00	2.45076146e+00	1.65666986e+00	primer-uds-north-grizli-v7.2	47325	5.00000000e-01	7.76485983e+09	1.68918264e+00	2.17541936e-10	1.50733913e+00	1
1	1.65125732e+00	2.45076146e+00	1.65666986e+00	primer-uds-north-grizli-v7.2	47325	2.00000000e+00	2.34745920e+09	2.51623561e+00	1.07189748e-09	9.50011138e-01	1
1	1.65125732e+00	2.45076146e+00	1.65666986e+00	primer-uds-north-grizli-v7.2	47325	3.50000000e+00	7.15639167e+08	8.23997950e-01	1.15141539e-09	7.89798528e-01	1
1	1.65125732e+00	2.45076146e+00	1.65666986e+00	primer-uds-north-grizli-v7.2	47325	5.00000000e+00	4.30272487e+08	3.08713698e-01	7.17484170e-10	1.02394397e+00	1
1	1.65125732e+00	2.45076146e+00	1.65666986e+00	primer-uds-north-grizli-v7.2	47325	6.50000000e+00	2.12503093e+08	1.51500360e-01	7.12932495e-10	9.65875831e-01	1
1	1.65125732e+00	2.45076146e+00	1.65666986e+00	primer-uds-north-grizli-v7.2	47325	8.00000000e+00	1.27079356e+08	9.49602084e-02	7.47251259e-10	9.07190737e-01	1
1	1.65125732e+00	2.45076146e+00	1.65666986e+00	primer-uds-north-grizli-v7.2	47325	9.50000000e+00	7.20135491e+07	8.04450166e-02	1.11708168e-09	8.29529301e-01	1
1	1.65125732e+00	2.45076146e+00	1.65666986e+00	primer-uds-north-grizli-v7.2	47325	1.10000000e+01	4.37029768e+07	6.76356833e-02	1.54762188e-09	7.03520519e-01	1
1	1.65125732e+00	2.45076146e+00	1.65666986e+00	primer-uds-north-grizli-v7.2	47325	1.25000000e+01	2.67052323e+07	5.70608272e-02	2.13669091e-09	6.25049227e-01	1
1	1.65125732e+00	2.45076146e+00	1.65666986e+00	primer-uds-north-grizli-v7.2	47325	1.40000000e+01	1.98284426e+07	4.53463543e-02	2.28693474e-09	6.05751502e-01	1
1	1.65125732e+00	2.45076146e+00	1.65666986e+00	primer-uds-north-grizli-v7.2	47325	1.55000000e+01	1.61091454e+07	4.52977951e-02	2.81193036e-09	5.95666797e-01	1
1	1.65125732e+00	2.45076146e+00	1.65666986e+00	primer-uds-north-grizli-v7.2	47325	1.70000000e+01	1.47223147e+07	5.83625814e-02	3.96422590e-09	5.76609950e-01	1
1	1.65125732e+00	2.45076146e+00	1.65666986e+00	primer-uds-north-grizli-v7.2	47325	1.85000000e+01	1.50108721e+07	5.67642808e-02	3.78154450e-09	5.65884474e-01	1
1	1.65125732e+00	2.45076146e+00	1.65666986e+00	primer-uds-north-grizli-v7.2	47325	2.00000000e+01	1.40506266e+07	7.87726255e-02	5.60634254e-09	5.78678466e-01	1
1	1.65125732e+00	2.45076146e+00	1.65666986e+00	primer-uds-north-grizli-v7.2	47325	2.15000000e+01	1.37900281e+07	3.67917656e-02	2.66799787e-09	5.63751978e-01	1
1	1.65125732e+00	2.45076146e+00	1.65666986e+00	primer-uds-north-grizli-v7.2	47325	2.30000000e+01	nan	nan	nan	nan	1
1	1.65125732e+00	2.45076146e+00	1.65666986e+00	primer-uds-north-grizli-v7.2	47325	2.45000000e+01	nan	nan	nan	nan	1
1	1.65125732e+00	2.45076146e+00	1.65666986e+00	primer-uds-north-grizli-v7.2	47325	2.60000000e+01	nan	nan	nan	nan	1
1	1.65125732e+00	2.45076146e+00	1.65666986e+00	primer-uds-north-grizli-v7.2	47325	2.75000000e+01	nan	nan	nan	nan	1
1	1.65125732e+00	2.45076146e+00	1.65666986e+00	primer-uds-north-grizli-v7.2	47325	2.90000000e+01	nan	nan	nan	nan	1
1	1.65125732e+00	2.45076146e+00	1.65666986e+00	primer-uds-north-grizli-v7.2	47325	3.05000000e+01	nan	nan	nan	nan	1
1	1.65125732e+00	2.45076146e+00	1.72284722e+00	primer-uds-north-grizli-v7.2	53754	5.00000000e-01	7.97754451e+09	2.41653679e-02	3.02917368e-12	2.71400662e+00	1
1	1.65125732e+00	2.45076146e+00	1.72284722e+00	primer-uds-north-grizli-v7.2	53754	2.00000000e+00	3.67231973e+09	3.15077156e-01	8.57978550e-11	1.89040840e+00	1
1	1.65125732e+00	2.45076146e+00	1.72284722e+00	primer-uds-north-grizli-v7.2	53754	3.50000000e+00	1.01040696e+09	5.33734830e-01	5.28237483e-10	1.00370859e+00	1
1	1.65125732e+00	2.45076146e+00	1.72284722e+00	primer-uds-north-grizli-v7.2	53754	5.00000000e+00	3.64397748e+08	3.22581762e-01	8.85246309e-10	8.28154038e-01	1
1	1.65125732e+00	2.45076146e+00	1.72284722e+00	primer-uds-north-grizli-v7.2	53754	6.50000000e+00	1.22015831e+08	1.83976497e-01	1.50780841e-09	7.52763977e-01	1
1	1.65125732e+00	2.45076146e+00	1.72284722e+00	primer-uds-north-grizli-v7.2	53754	8.00000000e+00	5.45739327e+07	9.56139379e-02	1.75200747e-09	7.06054209e-01	1
1	1.65125732e+00	2.45076146e+00	1.72284722e+00	primer-uds-north-grizli-v7.2	53754	9.50000000e+00	2.92808746e+07	5.85326873e-02	1.99900748e-09	6.59630013e-01	1
1	1.65125732e+00	2.45076146e+00	1.72284722e+00	primer-uds-north-grizli-v7.2	53754	1.10000000e+01	1.93510613e+07	4.67097634e-02	2.41380887e-09	6.43937675e-01	1
1	1.65125732e+00	2.45076146e+00	1.72284722e+00	primer-uds-north-grizli-v7.2	53754	1.25000000e+01	1.43490257e+07	2.89089207e-02	2.01469573e-09	6.90042425e-01	1
1	1.65125732e+00	2.45076146e+00	1.72284722e+00	primer-uds-north-grizli-v7.2	53754	1.40000000e+01	nan	nan	nan	nan	1
1	1.65125732e+00	2.45076146e+00	1.72284722e+00	primer-uds-north-grizli-v7.2	53754	1.55000000e+01	nan	nan	nan	nan	1
1	1.65125732e+00	2.45076146e+00	1.72284722e+00	primer-uds-north-grizli-v7.2	53754	1.70000000e+01	nan	nan	nan	nan	1
1	1.65125732e+00	2.45076146e+00	1.72284722e+00	primer-uds-north-grizli-v7.2	53754	1.85000000e+01	nan	nan	nan	nan	1
1	1.65125732e+00	2.45076146e+00	1.72284722e+00	primer-uds-north-grizli-v7.2	53754	2.00000000e+01	nan	nan	nan	nan	1
1	1.65125732e+00	2.45076146e+00	1.72284722e+00	primer-uds-north-grizli-v7.2	53754	2.15000000e+01	nan	nan	nan	nan	1
1	1.65125732e+00	2.45076146e+00	1.72284722e+00	primer-uds-north-grizli-v7.2	53754	2.30000000e+01	nan	nan	nan	nan	1
1	1.65125732e+00	2.45076146e+00	1.72284722e+00	primer-uds-north-grizli-v7.2	53754	2.45000000e+01	nan	nan	nan	nan	1
1	1.65125732e+00	2.45076146e+00	1.72284722e+00	primer-uds-north-grizli-v7.2	53754	2.60000000e+01	nan	nan	nan	nan	1
1	1.65125732e+00	2.45076146e+00	1.72284722e+00	primer-uds-north-grizli-v7.2	53754	2.75000000e+01	nan	nan	nan	nan	1
1	1.65125732e+00	2.45076146e+00	1.72284722e+00	primer-uds-north-grizli-v7.2	53754	2.90000000e+01	nan	nan	nan	nan	1
1	1.65125732e+00	2.45076146e+00	1.72284722e+00	primer-uds-north-grizli-v7.2	53754	3.05000000e+01	nan	nan	nan	nan	1
1	1.65125732e+00	2.45076146e+00	1.99051523e+00	primer-uds-north-grizli-v7.2	60967	5.00000000e-01	1.86821808e+10	9.30026148e+01	4.97814552e-09	7.50119362e-01	1
1	1.65125732e+00	2.45076146e+00	1.99051523e+00	primer-uds-north-grizli-v7.2	60967	2.00000000e+00	3.89736437e+09	4.37911525e+00	1.12360940e-09	1.61738929e+00	1
1	1.65125732e+00	2.45076146e+00	1.99051523e+00	primer-uds-north-grizli-v7.2	60967	3.50000000e+00	8.90208243e+08	3.27672454e-01	3.68085172e-10	1.26795374e+00	1
1	1.65125732e+00	2.45076146e+00	1.99051523e+00	primer-uds-north-grizli-v7.2	60967	5.00000000e+00	3.81735629e+08	2.89539586e-01	7.58481955e-10	9.36651155e-01	1
1	1.65125732e+00	2.45076146e+00	1.99051523e+00	primer-uds-north-grizli-v7.2	60967	6.50000000e+00	1.82722734e+08	2.30670426e-01	1.26240682e-09	7.45448543e-01	1
1	1.65125732e+00	2.45076146e+00	1.99051523e+00	primer-uds-north-grizli-v7.2	60967	8.00000000e+00	1.11690428e+08	2.06935009e-01	1.85275509e-09	6.60663690e-01	1
1	1.65125732e+00	2.45076146e+00	1.99051523e+00	primer-uds-north-grizli-v7.2	60967	9.50000000e+00	7.54826927e+07	1.72009829e-01	2.27879826e-09	6.17944037e-01	1
1	1.65125732e+00	2.45076146e+00	1.99051523e+00	primer-uds-north-grizli-v7.2	60967	1.10000000e+01	5.59919385e+07	1.37395672e-01	2.45384738e-09	5.90287825e-01	1
1	1.65125732e+00	2.45076146e+00	1.99051523e+00	primer-uds-north-grizli-v7.2	60967	1.25000000e+01	4.41679269e+07	1.47585610e-01	3.34146564e-09	5.83106103e-01	1
1	1.65125732e+00	2.45076146e+00	1.99051523e+00	primer-uds-north-grizli-v7.2	60967	1.40000000e+01	3.79189656e+07	1.45001186e-01	3.82397526e-09	5.85718565e-01	1
1	1.65125732e+00	2.45076146e+00	1.99051523e+00	primer-uds-north-grizli-v7.2	60967	1.55000000e+01	3.39830821e+07	1.63864157e-01	4.82193335e-09	5.92031857e-01	1
1	1.65125732e+00	2.45076146e+00	1.99051523e+00	primer-uds-north-grizli-v7.2	60967	1.70000000e+01	3.03419622e+07	1.64390580e-01	5.41792845e-09	6.18383552e-01	1
1	1.65125732e+00	2.45076146e+00	1.99051523e+00	primer-uds-north-grizli-v7.2	60967	1.85000000e+01	2.67709521e+07	1.02087182e-01	3.81335642e-09	6.21867788e-01	1
1	1.65125732e+00	2.45076146e+00	1.99051523e+00	primer-uds-north-grizli-v7.2	60967	2.00000000e+01	2.60206802e+07	1.02749572e-01	3.94876581e-09	6.62473120e-01	1
1	1.65125732e+00	2.45076146e+00	1.99051523e+00	primer-uds-north-grizli-v7.2	60967	2.15000000e+01	2.29726810e+07	9.94140983e-02	4.32749222e-09	6.82323540e-01	1
1	1.65125732e+00	2.45076146e+00	1.99051523e+00	primer-uds-north-grizli-v7.2	60967	2.30000000e+01	2.14088994e+07	1.15228882e-01	5.38228889e-09	6.86608356e-01	1
1	1.65125732e+00	2.45076146e+00	1.99051523e+00	primer-uds-north-grizli-v7.2	60967	2.45000000e+01	1.86140633e+07	7.52511430e-02	4.04270373e-09	6.89811357e-01	1
1	1.65125732e+00	2.45076146e+00	1.99051523e+00	primer-uds-north-grizli-v7.2	60967	2.60000000e+01	1.66470892e+07	6.56792512e-02	3.94538952e-09	6.23609901e-01	1
1	1.65125732e+00	2.45076146e+00	1.99051523e+00	primer-uds-north-grizli-v7.2	60967	2.75000000e+01	1.47511432e+07	1.87365748e-01	1.27017781e-08	5.73289973e-01	1
1	1.65125732e+00	2.45076146e+00	1.99051523e+00	primer-uds-north-grizli-v7.2	60967	2.90000000e+01	1.43274655e+07	1.48430384e-01	1.03598494e-08	5.35113186e-01	1
1	1.65125732e+00	2.45076146e+00	1.99051523e+00	primer-uds-north-grizli-v7.2	60967	3.05000000e+01	8.74436543e+06	1.67298173e-01	1.91321114e-08	4.96507893e-01	1
1	1.65125732e+00	2.45076146e+00	2.03800392e+00	primer-uds-north-grizli-v7.2	65008	5.00000000e-01	1.12152297e+10	1.31863060e+00	1.17574996e-10	1.34912317e+00	1
1	1.65125732e+00	2.45076146e+00	2.03800392e+00	primer-uds-north-grizli-v7.2	65008	2.00000000e+00	2.90089705e+09	1.22785128e+00	4.23266064e-10	8.77790087e-01	1
1	1.65125732e+00	2.45076146e+00	2.03800392e+00	primer-uds-north-grizli-v7.2	65008	3.50000000e+00	6.26038055e+08	6.67576554e-01	1.06635140e-09	6.47833171e-01	1
1	1.65125732e+00	2.45076146e+00	2.03800392e+00	primer-uds-north-grizli-v7.2	65008	5.00000000e+00	2.46460455e+08	3.21713542e-01	1.30533534e-09	5.92514501e-01	1
1	1.65125732e+00	2.45076146e+00	2.03800392e+00	primer-uds-north-grizli-v7.2	65008	6.50000000e+00	1.11836167e+08	1.99069687e-01	1.78001171e-09	5.74675034e-01	1
1	1.65125732e+00	2.45076146e+00	2.03800392e+00	primer-uds-north-grizli-v7.2	65008	8.00000000e+00	5.95808082e+07	1.35261612e-01	2.27022116e-09	5.82847026e-01	1
1	1.65125732e+00	2.45076146e+00	2.03800392e+00	primer-uds-north-grizli-v7.2	65008	9.50000000e+00	3.35445862e+07	9.44024091e-02	2.81423681e-09	5.66339283e-01	1
1	1.65125732e+00	2.45076146e+00	2.03800392e+00	primer-uds-north-grizli-v7.2	65008	1.10000000e+01	2.08020727e+07	7.80310117e-02	3.75111715e-09	5.30908848e-01	1
1	1.65125732e+00	2.45076146e+00	2.03800392e+00	primer-uds-north-grizli-v7.2	65008	1.25000000e+01	1.57415316e+07	7.30187587e-02	4.63860574e-09	5.21671526e-01	1
1	1.65125732e+00	2.45076146e+00	2.03800392e+00	primer-uds-north-grizli-v7.2	65008	1.40000000e+01	1.36985224e+07	5.05881811e-02	3.69296626e-09	5.25286725e-01	1
1	1.65125732e+00	2.45076146e+00	2.03800392e+00	primer-uds-north-grizli-v7.2	65008	1.55000000e+01	1.21828671e+07	5.87873765e-02	4.82541394e-09	5.09063290e-01	1
1	1.65125732e+00	2.45076146e+00	2.03800392e+00	primer-uds-north-grizli-v7.2	65008	1.70000000e+01	1.06204438e+07	5.72011909e-02	5.38595110e-09	5.06177436e-01	1
1	1.65125732e+00	2.45076146e+00	2.03800392e+00	primer-uds-north-grizli-v7.2	65008	1.85000000e+01	9.78665111e+06	4.33833040e-02	4.43290596e-09	5.15508205e-01	1
1	1.65125732e+00	2.45076146e+00	2.03800392e+00	primer-uds-north-grizli-v7.2	65008	2.00000000e+01	7.68049645e+06	4.86347189e-02	6.33223636e-09	4.98771990e-01	1
1	1.65125732e+00	2.45076146e+00	2.03800392e+00	primer-uds-north-grizli-v7.2	65008	2.15000000e+01	8.39596914e+06	2.88789235e-02	3.43961764e-09	4.69471678e-01	1
1	1.65125732e+00	2.45076146e+00	2.03800392e+00	primer-uds-north-grizli-v7.2	65008	2.30000000e+01	5.10619093e+06	2.59230625e-02	5.07679067e-09	3.71400179e-01	1
1	1.65125732e+00	2.45076146e+00	2.03800392e+00	primer-uds-north-grizli-v7.2	65008	2.45000000e+01	7.01542550e+06	3.61004367e-02	5.14586559e-09	2.65609438e-01	1
1	1.65125732e+00	2.45076146e+00	2.03800392e+00	primer-uds-north-grizli-v7.2	65008	2.60000000e+01	nan	nan	nan	nan	1
1	1.65125732e+00	2.45076146e+00	2.03800392e+00	primer-uds-north-grizli-v7.2	65008	2.75000000e+01	nan	nan	nan	nan	1
1	1.65125732e+00	2.45076146e+00	2.03800392e+00	primer-uds-north-grizli-v7.2	65008	2.90000000e+01	nan	nan	nan	nan	1
1	1.65125732e+00	2.45076146e+00	2.03800392e+00	primer-uds-north-grizli-v7.2	65008	3.05000000e+01	nan	nan	nan	nan	1
1	1.65125732e+00	2.45076146e+00	1.66205096e+00	primer-uds-north-grizli-v7.2	80301	5.00000000e-01	1.55442487e+10	1.28148821e-01	8.24413089e-12	2.02875083e+00	1
1	1.65125732e+00	2.45076146e+00	1.66205096e+00	primer-uds-north-grizli-v7.2	80301	2.00000000e+00	3.83043820e+09	7.41686046e-02	1.93629556e-11	1.85618916e+00	1
1	1.65125732e+00	2.45076146e+00	1.66205096e+00	primer-uds-north-grizli-v7.2	80301	3.50000000e+00	9.68751325e+08	4.29755676e-02	4.43618155e-11	1.74893587e+00	1
1	1.65125732e+00	2.45076146e+00	1.66205096e+00	primer-uds-north-grizli-v7.2	80301	5.00000000e+00	4.54756997e+08	6.13618055e-02	1.34933175e-10	1.46870120e+00	1
1	1.65125732e+00	2.45076146e+00	1.66205096e+00	primer-uds-north-grizli-v7.2	80301	6.50000000e+00	2.10550280e+08	6.24007091e-02	2.96369632e-10	1.13680915e+00	1
1	1.65125732e+00	2.45076146e+00	1.66205096e+00	primer-uds-north-grizli-v7.2	80301	8.00000000e+00	1.32441625e+08	5.24962339e-02	3.96372620e-10	1.09630268e+00	1
1	1.65125732e+00	2.45076146e+00	1.66205096e+00	primer-uds-north-grizli-v7.2	80301	9.50000000e+00	9.14773485e+07	4.58970717e-02	5.01731548e-10	1.10284691e+00	1
1	1.65125732e+00	2.45076146e+00	1.66205096e+00	primer-uds-north-grizli-v7.2	80301	1.10000000e+01	6.68069194e+07	5.16516688e-02	7.73148489e-10	1.06068329e+00	1
1	1.65125732e+00	2.45076146e+00	1.66205096e+00	primer-uds-north-grizli-v7.2	80301	1.25000000e+01	5.24368628e+07	5.32303384e-02	1.01513202e-09	1.03552897e+00	1
1	1.65125732e+00	2.45076146e+00	1.66205096e+00	primer-uds-north-grizli-v7.2	80301	1.40000000e+01	4.10955457e+07	4.61893742e-02	1.12395087e-09	1.02309772e+00	1
1	1.65125732e+00	2.45076146e+00	1.66205096e+00	primer-uds-north-grizli-v7.2	80301	1.55000000e+01	3.64373093e+07	5.86481954e-02	1.60956439e-09	1.00125892e+00	1
1	1.65125732e+00	2.45076146e+00	1.66205096e+00	primer-uds-north-grizli-v7.2	80301	1.70000000e+01	3.45973845e+07	7.71440310e-02	2.22976482e-09	9.60423347e-01	1
1	1.65125732e+00	2.45076146e+00	1.66205096e+00	primer-uds-north-grizli-v7.2	80301	1.85000000e+01	3.70920446e+07	4.89557827e-02	1.31984589e-09	9.57510985e-01	1
1	1.65125732e+00	2.45076146e+00	1.66205096e+00	primer-uds-north-grizli-v7.2	80301	2.00000000e+01	3.80544264e+07	2.96963210e-02	7.80364436e-10	9.57510985e-01	1
1	1.65125732e+00	2.45076146e+00	1.66205096e+00	primer-uds-north-grizli-v7.2	80301	2.15000000e+01	3.53798335e+07	2.81883415e-02	7.96734712e-10	9.57510985e-01	1
1	1.65125732e+00	2.45076146e+00	1.66205096e+00	primer-uds-north-grizli-v7.2	80301	2.30000000e+01	nan	nan	nan	nan	1
1	1.65125732e+00	2.45076146e+00	1.66205096e+00	primer-uds-north-grizli-v7.2	80301	2.45000000e+01	nan	nan	nan	nan	1
1	1.65125732e+00	2.45076146e+00	1.66205096e+00	primer-uds-north-grizli-v7.2	80301	2.60000000e+01	nan	nan	nan	nan	1
1	1.65125732e+00	2.45076146e+00	1.66205096e+00	primer-uds-north-grizli-v7.2	80301	2.75000000e+01	nan	nan	nan	nan	1
1	1.65125732e+00	2.45076146e+00	1.66205096e+00	primer-uds-north-grizli-v7.2	80301	2.90000000e+01	nan	nan	nan	nan	1
1	1.65125732e+00	2.45076146e+00	1.66205096e+00	primer-uds-north-grizli-v7.2	80301	3.05000000e+01	nan	nan	nan	nan	1
1	1.65125732e+00	2.45076146e+00	1.83101308e+00	primer-uds-north-grizli-v7.2	83523	5.00000000e-01	1.88598696e+10	2.16671120e-01	1.14884739e-11	2.09332568e+00	1
1	1.65125732e+00	2.45076146e+00	1.83101308e+00	primer-uds-north-grizli-v7.2	83523	2.00000000e+00	3.33718659e+09	1.19789642e+00	3.58953984e-10	1.06432651e+00	1
1	1.65125732e+00	2.45076146e+00	1.83101308e+00	primer-uds-north-grizli-v7.2	83523	3.50000000e+00	4.32644199e+08	5.54880037e-01	1.28253202e-09	6.66840468e-01	1
1	1.65125732e+00	2.45076146e+00	1.83101308e+00	primer-uds-north-grizli-v7.2	83523	5.00000000e+00	1.10348123e+08	1.80744853e-01	1.63795132e-09	5.82950777e-01	1
1	1.65125732e+00	2.45076146e+00	1.83101308e+00	primer-uds-north-grizli-v7.2	83523	6.50000000e+00	3.80751667e+07	8.76497718e-02	2.30201938e-09	5.55536880e-01	1
1	1.65125732e+00	2.45076146e+00	1.83101308e+00	primer-uds-north-grizli-v7.2	83523	8.00000000e+00	4.08510543e+07	7.30279364e-02	1.78766344e-09	5.61537406e-01	1
1	1.65125732e+00	2.45076146e+00	1.83101308e+00	primer-uds-north-grizli-v7.2	83523	9.50000000e+00	3.03834040e+07	4.31161705e-02	1.41906979e-09	5.62485061e-01	1
1	1.65125732e+00	2.45076146e+00	1.83101308e+00	primer-uds-north-grizli-v7.2	83523	1.10000000e+01	nan	nan	nan	nan	1
1	1.65125732e+00	2.45076146e+00	1.83101308e+00	primer-uds-north-grizli-v7.2	83523	1.25000000e+01	nan	nan	nan	nan	1
1	1.65125732e+00	2.45076146e+00	1.83101308e+00	primer-uds-north-grizli-v7.2	83523	1.40000000e+01	nan	nan	nan	nan	1
1	1.65125732e+00	2.45076146e+00	1.83101308e+00	primer-uds-north-grizli-v7.2	83523	1.55000000e+01	nan	nan	nan	nan	1
1	1.65125732e+00	2.45076146e+00	1.83101308e+00	primer-uds-north-grizli-v7.2	83523	1.70000000e+01	nan	nan	nan	nan	1
1	1.65125732e+00	2.45076146e+00	1.83101308e+00	primer-uds-north-grizli-v7.2	83523	1.85000000e+01	nan	nan	nan	nan	1
1	1.65125732e+00	2.45076146e+00	1.83101308e+00	primer-uds-north-grizli-v7.2	83523	2.00000000e+01	nan	nan	nan	nan	1
1	1.65125732e+00	2.45076146e+00	1.83101308e+00	primer-uds-north-grizli-v7.2	83523	2.15000000e+01	nan	nan	nan	nan	1
1	1.65125732e+00	2.45076146e+00	1.83101308e+00	primer-uds-north-grizli-v7.2	83523	2.30000000e+01	nan	nan	nan	nan	1
1	1.65125732e+00	2.45076146e+00	1.83101308e+00	primer-uds-north-grizli-v7.2	83523	2.45000000e+01	nan	nan	nan	nan	1
1	1.65125732e+00	2.45076146e+00	1.83101308e+00	primer-uds-north-grizli-v7.2	83523	2.60000000e+01	nan	nan	nan	nan	1
1	1.65125732e+00	2.45076146e+00	1.83101308e+00	primer-uds-north-grizli-v7.2	83523	2.75000000e+01	nan	nan	nan	nan	1
1	1.65125732e+00	2.45076146e+00	1.83101308e+00	primer-uds-north-grizli-v7.2	83523	2.90000000e+01	nan	nan	nan	nan	1
1	1.65125732e+00	2.45076146e+00	1.83101308e+00	primer-uds-north-grizli-v7.2	83523	3.05000000e+01	nan	nan	nan	nan	1
1	1.65125732e+00	2.45076146e+00	1.66539073e+00	primer-uds-south-grizli-v7.2	17460	5.00000000e-01	1.15341217e+10	2.61820937e-01	2.26996856e-11	1.91568141e+00	1
1	1.65125732e+00	2.45076146e+00	1.66539073e+00	primer-uds-south-grizli-v7.2	17460	2.00000000e+00	2.83065539e+09	1.21459353e-01	4.29085621e-11	1.79622598e+00	1
1	1.65125732e+00	2.45076146e+00	1.66539073e+00	primer-uds-south-grizli-v7.2	17460	3.50000000e+00	7.23475324e+08	1.66569058e-01	2.30234608e-10	1.47413606e+00	1
1	1.65125732e+00	2.45076146e+00	1.66539073e+00	primer-uds-south-grizli-v7.2	17460	5.00000000e+00	3.13254101e+08	1.59627003e-01	5.09576740e-10	1.15855984e+00	1
1	1.65125732e+00	2.45076146e+00	1.66539073e+00	primer-uds-south-grizli-v7.2	17460	6.50000000e+00	1.43107134e+08	1.34436252e-01	9.39409851e-10	9.61854683e-01	1
1	1.65125732e+00	2.45076146e+00	1.66539073e+00	primer-uds-south-grizli-v7.2	17460	8.00000000e+00	9.93096395e+07	1.06124852e-01	1.06862589e-09	9.30608293e-01	1
1	1.65125732e+00	2.45076146e+00	1.66539073e+00	primer-uds-south-grizli-v7.2	17460	9.50000000e+00	8.19817900e+07	7.94556327e-02	9.69186361e-10	8.72105604e-01	1
1	1.65125732e+00	2.45076146e+00	1.66539073e+00	primer-uds-south-grizli-v7.2	17460	1.10000000e+01	4.42717522e+07	7.24158304e-02	1.63571187e-09	7.30616557e-01	1
1	1.65125732e+00	2.45076146e+00	1.66539073e+00	primer-uds-south-grizli-v7.2	17460	1.25000000e+01	2.71692695e+07	6.42172208e-02	2.36359762e-09	6.79627080e-01	1
1	1.65125732e+00	2.45076146e+00	1.66539073e+00	primer-uds-south-grizli-v7.2	17460	1.40000000e+01	2.05383451e+07	4.78488123e-02	2.32973066e-09	6.79747957e-01	1
1	1.65125732e+00	2.45076146e+00	1.66539073e+00	primer-uds-south-grizli-v7.2	17460	1.55000000e+01	1.60641729e+07	4.94228952e-02	3.07659134e-09	6.45597869e-01	1
1	1.65125732e+00	2.45076146e+00	1.66539073e+00	primer-uds-south-grizli-v7.2	17460	1.70000000e+01	1.35673966e+07	4.14386249e-02	3.05427976e-09	6.12630698e-01	1
1	1.65125732e+00	2.45076146e+00	1.66539073e+00	primer-uds-south-grizli-v7.2	17460	1.85000000e+01	1.13360919e+07	3.96967317e-02	3.50180044e-09	5.93234709e-01	1
1	1.65125732e+00	2.45076146e+00	1.66539073e+00	primer-uds-south-grizli-v7.2	17460	2.00000000e+01	9.98764194e+06	4.38919351e-02	4.39462442e-09	5.61662069e-01	1
1	1.65125732e+00	2.45076146e+00	1.66539073e+00	primer-uds-south-grizli-v7.2	17460	2.15000000e+01	8.80352141e+06	4.45750049e-02	5.06331533e-09	5.33023838e-01	1
1	1.65125732e+00	2.45076146e+00	1.66539073e+00	primer-uds-south-grizli-v7.2	17460	2.30000000e+01	8.48012635e+06	3.99788428e-02	4.71441594e-09	4.94557421e-01	1
1	1.65125732e+00	2.45076146e+00	1.66539073e+00	primer-uds-south-grizli-v7.2	17460	2.45000000e+01	7.90218176e+06	3.30375844e-02	4.18081809e-09	4.92391311e-01	1
1	1.65125732e+00	2.45076146e+00	1.66539073e+00	primer-uds-south-grizli-v7.2	17460	2.60000000e+01	8.46990963e+06	2.63520007e-02	3.11124934e-09	5.25003405e-01	1
1	1.65125732e+00	2.45076146e+00	1.66539073e+00	primer-uds-south-grizli-v7.2	17460	2.75000000e+01	nan	nan	nan	nan	1
1	1.65125732e+00	2.45076146e+00	1.66539073e+00	primer-uds-south-grizli-v7.2	17460	2.90000000e+01	nan	nan	nan	nan	1
1	1.65125732e+00	2.45076146e+00	1.66539073e+00	primer-uds-south-grizli-v7.2	17460	3.05000000e+01	nan	nan	nan	nan	1
1	1.65125732e+00	2.45076146e+00	1.98914039e+00	primer-uds-south-grizli-v7.2	19230	5.00000000e-01	1.30611694e+10	6.98388693e-01	5.34706097e-11	1.76244419e+00	1
1	1.65125732e+00	2.45076146e+00	1.98914039e+00	primer-uds-south-grizli-v7.2	19230	2.00000000e+00	3.40141001e+09	5.75851253e-01	1.69297806e-10	1.40954929e+00	1
1	1.65125732e+00	2.45076146e+00	1.98914039e+00	primer-uds-south-grizli-v7.2	19230	3.50000000e+00	7.45469907e+08	5.12596271e-01	6.87614974e-10	8.63452139e-01	1
1	1.65125732e+00	2.45076146e+00	1.98914039e+00	primer-uds-south-grizli-v7.2	19230	5.00000000e+00	2.78022051e+08	3.34327706e-01	1.20252226e-09	6.49238775e-01	1
1	1.65125732e+00	2.45076146e+00	1.98914039e+00	primer-uds-south-grizli-v7.2	19230	6.50000000e+00	1.22142409e+08	2.07228220e-01	1.69661153e-09	5.66666120e-01	1
1	1.65125732e+00	2.45076146e+00	1.98914039e+00	primer-uds-south-grizli-v7.2	19230	8.00000000e+00	7.00460308e+07	1.47315830e-01	2.10312887e-09	5.22164390e-01	1
1	1.65125732e+00	2.45076146e+00	1.98914039e+00	primer-uds-south-grizli-v7.2	19230	9.50000000e+00	4.53469733e+07	1.17811737e-01	2.59800663e-09	5.13270881e-01	1
1	1.65125732e+00	2.45076146e+00	1.98914039e+00	primer-uds-south-grizli-v7.2	19230	1.10000000e+01	3.34602852e+07	1.08269401e-01	3.23575848e-09	5.04474745e-01	1
1	1.65125732e+00	2.45076146e+00	1.98914039e+00	primer-uds-south-grizli-v7.2	19230	1.25000000e+01	2.50839220e+07	9.49684115e-02	3.78602722e-09	4.89969211e-01	1
1	1.65125732e+00	2.45076146e+00	1.98914039e+00	primer-uds-south-grizli-v7.2	19230	1.40000000e+01	2.03228212e+07	7.63574974e-02	3.75722920e-09	5.09806860e-01	1
1	1.65125732e+00	2.45076146e+00	1.98914039e+00	primer-uds-south-grizli-v7.2	19230	1.55000000e+01	1.64223516e+07	5.87715951e-02	3.57875636e-09	5.21026989e-01	1
1	1.65125732e+00	2.45076146e+00	1.98914039e+00	primer-uds-south-grizli-v7.2	19230	1.70000000e+01	1.40346181e+07	5.31812350e-02	3.78928978e-09	5.21429663e-01	1
1	1.65125732e+00	2.45076146e+00	1.98914039e+00	primer-uds-south-grizli-v7.2	19230	1.85000000e+01	1.20878901e+07	5.79544323e-02	4.79442086e-09	5.16761626e-01	1
1	1.65125732e+00	2.45076146e+00	1.98914039e+00	primer-uds-south-grizli-v7.2	19230	2.00000000e+01	1.16350074e+07	5.33864018e-02	4.58842868e-09	4.72315699e-01	1
1	1.65125732e+00	2.45076146e+00	1.98914039e+00	primer-uds-south-grizli-v7.2	19230	2.15000000e+01	1.16326711e+07	4.74939427e-02	4.08280630e-09	4.54058251e-01	1
1	1.65125732e+00	2.45076146e+00	1.98914039e+00	primer-uds-south-grizli-v7.2	19230	2.30000000e+01	1.16198855e+07	4.33416580e-02	3.72995567e-09	4.79969745e-01	1
1	1.65125732e+00	2.45076146e+00	1.98914039e+00	primer-uds-south-grizli-v7.2	19230	2.45000000e+01	1.17265857e+07	3.88297970e-02	3.31126194e-09	5.06625051e-01	1
1	1.65125732e+00	2.45076146e+00	1.98914039e+00	primer-uds-south-grizli-v7.2	19230	2.60000000e+01	nan	nan	nan	nan	1
1	1.65125732e+00	2.45076146e+00	1.98914039e+00	primer-uds-south-grizli-v7.2	19230	2.75000000e+01	nan	nan	nan	nan	1
1	1.65125732e+00	2.45076146e+00	1.98914039e+00	primer-uds-south-grizli-v7.2	19230	2.90000000e+01	nan	nan	nan	nan	1
1	1.65125732e+00	2.45076146e+00	1.98914039e+00	primer-uds-south-grizli-v7.2	19230	3.05000000e+01	nan	nan	nan	nan	1
1	1.65125732e+00	2.45076146e+00	1.80011761e+00	primer-uds-south-grizli-v7.2	25974	5.00000000e-01	8.66874357e+09	9.28486694e-01	1.07107413e-10	1.36591416e+00	1
1	1.65125732e+00	2.45076146e+00	1.80011761e+00	primer-uds-south-grizli-v7.2	25974	2.00000000e+00	2.84620105e+09	1.51507685e+00	5.32315469e-10	1.01953881e+00	1
1	1.65125732e+00	2.45076146e+00	1.80011761e+00	primer-uds-south-grizli-v7.2	25974	3.50000000e+00	5.46142495e+08	4.69173280e-01	8.59067522e-10	8.82874518e-01	1
1	1.65125732e+00	2.45076146e+00	1.80011761e+00	primer-uds-south-grizli-v7.2	25974	5.00000000e+00	1.28147198e+08	1.71436299e-01	1.33780762e-09	7.01101032e-01	1
1	1.65125732e+00	2.45076146e+00	1.80011761e+00	primer-uds-south-grizli-v7.2	25974	6.50000000e+00	4.16980860e+07	9.58330059e-02	2.29825911e-09	6.13683690e-01	1
1	1.65125732e+00	2.45076146e+00	1.80011761e+00	primer-uds-south-grizli-v7.2	25974	8.00000000e+00	2.51738685e+07	7.86423692e-02	3.12396839e-09	5.73148321e-01	1
1	1.65125732e+00	2.45076146e+00	1.80011761e+00	primer-uds-south-grizli-v7.2	25974	9.50000000e+00	1.95320343e+07	9.85085123e-02	5.04343331e-09	5.40773308e-01	1
1	1.65125732e+00	2.45076146e+00	1.80011761e+00	primer-uds-south-grizli-v7.2	25974	1.10000000e+01	nan	nan	nan	nan	1
1	1.65125732e+00	2.45076146e+00	1.80011761e+00	primer-uds-south-grizli-v7.2	25974	1.25000000e+01	nan	nan	nan	nan	1
1	1.65125732e+00	2.45076146e+00	1.80011761e+00	primer-uds-south-grizli-v7.2	25974	1.40000000e+01	nan	nan	nan	nan	1
1	1.65125732e+00	2.45076146e+00	1.80011761e+00	primer-uds-south-grizli-v7.2	25974	1.55000000e+01	nan	nan	nan	nan	1
1	1.65125732e+00	2.45076146e+00	1.80011761e+00	primer-uds-south-grizli-v7.2	25974	1.70000000e+01	nan	nan	nan	nan	1
1	1.65125732e+00	2.45076146e+00	1.80011761e+00	primer-uds-south-grizli-v7.2	25974	1.85000000e+01	nan	nan	nan	nan	1
1	1.65125732e+00	2.45076146e+00	1.80011761e+00	primer-uds-south-grizli-v7.2	25974	2.00000000e+01	nan	nan	nan	nan	1
1	1.65125732e+00	2.45076146e+00	1.80011761e+00	primer-uds-south-grizli-v7.2	25974	2.15000000e+01	nan	nan	nan	nan	1
1	1.65125732e+00	2.45076146e+00	1.80011761e+00	primer-uds-south-grizli-v7.2	25974	2.30000000e+01	nan	nan	nan	nan	1
1	1.65125732e+00	2.45076146e+00	1.80011761e+00	primer-uds-south-grizli-v7.2	25974	2.45000000e+01	nan	nan	nan	nan	1
1	1.65125732e+00	2.45076146e+00	1.80011761e+00	primer-uds-south-grizli-v7.2	25974	2.60000000e+01	nan	nan	nan	nan	1
1	1.65125732e+00	2.45076146e+00	1.80011761e+00	primer-uds-south-grizli-v7.2	25974	2.75000000e+01	nan	nan	nan	nan	1
1	1.65125732e+00	2.45076146e+00	1.80011761e+00	primer-uds-south-grizli-v7.2	25974	2.90000000e+01	nan	nan	nan	nan	1
1	1.65125732e+00	2.45076146e+00	1.80011761e+00	primer-uds-south-grizli-v7.2	25974	3.05000000e+01	nan	nan	nan	nan	1
1	1.65125732e+00	2.45076146e+00	1.76823080e+00	primer-uds-south-grizli-v7.2	30116	5.00000000e-01	2.23782729e+10	3.80660384e-03	1.70102664e-13	2.45148368e+00	1
1	1.65125732e+00	2.45076146e+00	1.76823080e+00	primer-uds-south-grizli-v7.2	30116	2.00000000e+00	4.71948339e+09	4.03945129e-02	8.55909631e-12	1.94103472e+00	1
1	1.65125732e+00	2.45076146e+00	1.76823080e+00	primer-uds-south-grizli-v7.2	30116	3.50000000e+00	9.68814468e+08	1.20397494e-01	1.24273014e-10	1.35350171e+00	1
1	1.65125732e+00	2.45076146e+00	1.76823080e+00	primer-uds-south-grizli-v7.2	30116	5.00000000e+00	3.62080486e+08	1.53899935e-01	4.25043438e-10	9.69686346e-01	1
1	1.65125732e+00	2.45076146e+00	1.76823080e+00	primer-uds-south-grizli-v7.2	30116	6.50000000e+00	1.35991626e+08	1.24515240e-01	9.15609610e-10	7.33083223e-01	1
1	1.65125732e+00	2.45076146e+00	1.76823080e+00	primer-uds-south-grizli-v7.2	30116	8.00000000e+00	6.79674950e+07	1.00537025e-01	1.47919274e-09	6.10169035e-01	1
1	1.65125732e+00	2.45076146e+00	1.76823080e+00	primer-uds-south-grizli-v7.2	30116	9.50000000e+00	3.87971761e+07	6.48122857e-02	1.67054132e-09	5.75853164e-01	1
1	1.65125732e+00	2.45076146e+00	1.76823080e+00	primer-uds-south-grizli-v7.2	30116	1.10000000e+01	2.54680666e+07	5.41958681e-02	2.12799302e-09	5.54965019e-01	1
1	1.65125732e+00	2.45076146e+00	1.76823080e+00	primer-uds-south-grizli-v7.2	30116	1.25000000e+01	1.82348658e+07	5.19812097e-02	2.85064942e-09	5.14461791e-01	1
1	1.65125732e+00	2.45076146e+00	1.76823080e+00	primer-uds-south-grizli-v7.2	30116	1.40000000e+01	1.50539020e+07	4.06245647e-02	2.69860696e-09	5.02964856e-01	1
1	1.65125732e+00	2.45076146e+00	1.76823080e+00	primer-uds-south-grizli-v7.2	30116	1.55000000e+01	1.36269389e+07	3.26676830e-02	2.39728696e-09	5.05727539e-01	1
1	1.65125732e+00	2.45076146e+00	1.76823080e+00	primer-uds-south-grizli-v7.2	30116	1.70000000e+01	1.39589275e+07	4.17469031e-02	2.99069560e-09	5.20242454e-01	1
1	1.65125732e+00	2.45076146e+00	1.76823080e+00	primer-uds-south-grizli-v7.2	30116	1.85000000e+01	1.73556192e+07	4.91717743e-02	2.83319044e-09	5.34990723e-01	1
1	1.65125732e+00	2.45076146e+00	1.76823080e+00	primer-uds-south-grizli-v7.2	30116	2.00000000e+01	2.51452359e+07	4.78656256e-02	1.90356638e-09	5.40720191e-01	1
1	1.65125732e+00	2.45076146e+00	1.76823080e+00	primer-uds-south-grizli-v7.2	30116	2.15000000e+01	1.96196521e+07	5.14079394e-02	2.62022686e-09	5.19581567e-01	1
1	1.65125732e+00	2.45076146e+00	1.76823080e+00	primer-uds-south-grizli-v7.2	30116	2.30000000e+01	1.60895732e+07	3.99218657e-02	2.48122590e-09	4.98622791e-01	1
1	1.65125732e+00	2.45076146e+00	1.76823080e+00	primer-uds-south-grizli-v7.2	30116	2.45000000e+01	1.35215618e+07	4.77864493e-02	3.53409245e-09	5.04958441e-01	1
1	1.65125732e+00	2.45076146e+00	1.76823080e+00	primer-uds-south-grizli-v7.2	30116	2.60000000e+01	1.28788229e+07	3.27830094e-02	2.54549733e-09	5.36804332e-01	1
1	1.65125732e+00	2.45076146e+00	1.76823080e+00	primer-uds-south-grizli-v7.2	30116	2.75000000e+01	5.55549799e+06	7.33511670e-03	1.32033469e-09	5.48056525e-01	1
1	1.65125732e+00	2.45076146e+00	1.76823080e+00	primer-uds-south-grizli-v7.2	30116	2.90000000e+01	nan	nan	nan	nan	1
1	1.65125732e+00	2.45076146e+00	1.76823080e+00	primer-uds-south-grizli-v7.2	30116	3.05000000e+01	nan	nan	nan	nan	1
1	1.65125732e+00	2.45076146e+00	2.04857063e+00	primer-uds-south-grizli-v7.2	45956	5.00000000e-01	1.26015792e+10	2.40692652e-02	1.91001976e-12	2.36961450e+00	1
1	1.65125732e+00	2.45076146e+00	2.04857063e+00	primer-uds-south-grizli-v7.2	45956	2.00000000e+00	4.20179509e+09	2.24474670e-01	5.34235167e-11	1.67957166e+00	1
1	1.65125732e+00	2.45076146e+00	2.04857063e+00	primer-uds-south-grizli-v7.2	45956	3.50000000e+00	1.02156615e+09	3.79100651e-01	3.71097508e-10	9.52297116e-01	1
1	1.65125732e+00	2.45076146e+00	2.04857063e+00	primer-uds-south-grizli-v7.2	45956	5.00000000e+00	3.13818661e+08	3.25659632e-01	1.03773189e-09	6.47966982e-01	1
1	1.65125732e+00	2.45076146e+00	2.04857063e+00	primer-uds-south-grizli-v7.2	45956	6.50000000e+00	1.08692319e+08	2.79163239e-01	2.56838057e-09	5.35276709e-01	1
1	1.65125732e+00	2.45076146e+00	2.04857063e+00	primer-uds-south-grizli-v7.2	45956	8.00000000e+00	5.81256652e+07	1.87270066e-01	3.22181372e-09	5.13801625e-01	1
1	1.65125732e+00	2.45076146e+00	2.04857063e+00	primer-uds-south-grizli-v7.2	45956	9.50000000e+00	3.62637774e+07	1.23088117e-01	3.39424423e-09	4.89352823e-01	1
1	1.65125732e+00	2.45076146e+00	2.04857063e+00	primer-uds-south-grizli-v7.2	45956	1.10000000e+01	1.90779663e+07	9.80041646e-02	5.13703417e-09	5.03069859e-01	1
1	1.65125732e+00	2.45076146e+00	2.04857063e+00	primer-uds-south-grizli-v7.2	45956	1.25000000e+01	nan	nan	nan	nan	1
1	1.65125732e+00	2.45076146e+00	2.04857063e+00	primer-uds-south-grizli-v7.2	45956	1.40000000e+01	nan	nan	nan	nan	1
1	1.65125732e+00	2.45076146e+00	2.04857063e+00	primer-uds-south-grizli-v7.2	45956	1.55000000e+01	nan	nan	nan	nan	1
1	1.65125732e+00	2.45076146e+00	2.04857063e+00	primer-uds-south-grizli-v7.2	45956	1.70000000e+01	nan	nan	nan	nan	1
1	1.65125732e+00	2.45076146e+00	2.04857063e+00	primer-uds-south-grizli-v7.2	45956	1.85000000e+01	nan	nan	nan	nan	1
1	1.65125732e+00	2.45076146e+00	2.04857063e+00	primer-uds-south-grizli-v7.2	45956	2.00000000e+01	nan	nan	nan	nan	1
1	1.65125732e+00	2.45076146e+00	2.04857063e+00	primer-uds-south-grizli-v7.2	45956	2.15000000e+01	nan	nan	nan	nan	1
1	1.65125732e+00	2.45076146e+00	2.04857063e+00	primer-uds-south-grizli-v7.2	45956	2.30000000e+01	nan	nan	nan	nan	1
1	1.65125732e+00	2.45076146e+00	2.04857063e+00	primer-uds-south-grizli-v7.2	45956	2.45000000e+01	nan	nan	nan	nan	1
1	1.65125732e+00	2.45076146e+00	2.04857063e+00	primer-uds-south-grizli-v7.2	45956	2.60000000e+01	nan	nan	nan	nan	1
1	1.65125732e+00	2.45076146e+00	2.04857063e+00	primer-uds-south-grizli-v7.2	45956	2.75000000e+01	nan	nan	nan	nan	1
1	1.65125732e+00	2.45076146e+00	2.04857063e+00	primer-uds-south-grizli-v7.2	45956	2.90000000e+01	nan	nan	nan	nan	1
1	1.65125732e+00	2.45076146e+00	2.04857063e+00	primer-uds-south-grizli-v7.2	45956	3.05000000e+01	nan	nan	nan	nan	1
1	1.65125732e+00	2.45076146e+00	1.76838815e+00	primer-uds-south-grizli-v7.2	47385	5.00000000e-01	1.91039985e+10	3.46527679e+00	1.81390131e-10	2.66766728e+00	1
1	1.65125732e+00	2.45076146e+00	1.76838815e+00	primer-uds-south-grizli-v7.2	47385	2.00000000e+00	4.42329588e+09	4.61717834e+00	1.04383213e-09	1.98574757e+00	1
1	1.65125732e+00	2.45076146e+00	1.76838815e+00	primer-uds-south-grizli-v7.2	47385	3.50000000e+00	1.04460713e+09	9.77884285e-02	9.36126377e-11	1.57558229e+00	1
1	1.65125732e+00	2.45076146e+00	1.76838815e+00	primer-uds-south-grizli-v7.2	47385	5.00000000e+00	5.49979192e+08	6.54268620e-02	1.18962432e-10	1.47188865e+00	1
1	1.65125732e+00	2.45076146e+00	1.76838815e+00	primer-uds-south-grizli-v7.2	47385	6.50000000e+00	2.59527730e+08	5.36435826e-02	2.06696921e-10	1.36721196e+00	1
1	1.65125732e+00	2.45076146e+00	1.76838815e+00	primer-uds-south-grizli-v7.2	47385	8.00000000e+00	1.18782408e+08	6.68029273e-02	5.62397482e-10	1.05170825e+00	1
1	1.65125732e+00	2.45076146e+00	1.76838815e+00	primer-uds-south-grizli-v7.2	47385	9.50000000e+00	5.26657101e+07	6.92919149e-02	1.31569317e-09	7.98137469e-01	1
1	1.65125732e+00	2.45076146e+00	1.76838815e+00	primer-uds-south-grizli-v7.2	47385	1.10000000e+01	2.86110238e+07	5.30378392e-02	1.85375538e-09	7.12719780e-01	1
1	1.65125732e+00	2.45076146e+00	1.76838815e+00	primer-uds-south-grizli-v7.2	47385	1.25000000e+01	1.70563260e+07	4.00990810e-02	2.35097998e-09	6.80105978e-01	1
1	1.65125732e+00	2.45076146e+00	1.76838815e+00	primer-uds-south-grizli-v7.2	47385	1.40000000e+01	1.39262626e+07	3.65350593e-02	2.62346476e-09	6.78958361e-01	1
1	1.65125732e+00	2.45076146e+00	1.76838815e+00	primer-uds-south-grizli-v7.2	47385	1.55000000e+01	1.12235560e+07	4.99143026e-02	4.44728060e-09	6.78614836e-01	1
1	1.65125732e+00	2.45076146e+00	1.76838815e+00	primer-uds-south-grizli-v7.2	47385	1.70000000e+01	nan	nan	nan	nan	1
1	1.65125732e+00	2.45076146e+00	1.76838815e+00	primer-uds-south-grizli-v7.2	47385	1.85000000e+01	nan	nan	nan	nan	1
1	1.65125732e+00	2.45076146e+00	1.76838815e+00	primer-uds-south-grizli-v7.2	47385	2.00000000e+01	nan	nan	nan	nan	1
1	1.65125732e+00	2.45076146e+00	1.76838815e+00	primer-uds-south-grizli-v7.2	47385	2.15000000e+01	nan	nan	nan	nan	1
1	1.65125732e+00	2.45076146e+00	1.76838815e+00	primer-uds-south-grizli-v7.2	47385	2.30000000e+01	nan	nan	nan	nan	1
1	1.65125732e+00	2.45076146e+00	1.76838815e+00	primer-uds-south-grizli-v7.2	47385	2.45000000e+01	nan	nan	nan	nan	1
1	1.65125732e+00	2.45076146e+00	1.76838815e+00	primer-uds-south-grizli-v7.2	47385	2.60000000e+01	nan	nan	nan	nan	1
1	1.65125732e+00	2.45076146e+00	1.76838815e+00	primer-uds-south-grizli-v7.2	47385	2.75000000e+01	nan	nan	nan	nan	1
1	1.65125732e+00	2.45076146e+00	1.76838815e+00	primer-uds-south-grizli-v7.2	47385	2.90000000e+01	nan	nan	nan	nan	1
1	1.65125732e+00	2.45076146e+00	1.76838815e+00	primer-uds-south-grizli-v7.2	47385	3.05000000e+01	nan	nan	nan	nan	1
1	1.65125732e+00	2.45076146e+00	2.17132783e+00	primer-uds-south-grizli-v7.2	50988	5.00000000e-01	1.10599614e+10	3.09551986e+01	2.79885231e-09	5.79628758e-01	1
1	1.65125732e+00	2.45076146e+00	2.17132783e+00	primer-uds-south-grizli-v7.2	50988	2.00000000e+00	2.15626418e+09	4.12468022e+00	1.91288259e-09	7.38730767e-01	1
1	1.65125732e+00	2.45076146e+00	2.17132783e+00	primer-uds-south-grizli-v7.2	50988	3.50000000e+00	4.41356551e+08	7.33258142e-01	1.66137364e-09	5.98277319e-01	1
1	1.65125732e+00	2.45076146e+00	2.17132783e+00	primer-uds-south-grizli-v7.2	50988	5.00000000e+00	2.19277273e+08	6.52200045e-01	2.97431666e-09	6.09754418e-01	1
1	1.65125732e+00	2.45076146e+00	2.17132783e+00	primer-uds-south-grizli-v7.2	50988	6.50000000e+00	1.18979423e+08	9.55692697e-01	8.03242003e-09	6.09754418e-01	1
1	1.65125732e+00	2.45076146e+00	2.17132783e+00	primer-uds-south-grizli-v7.2	50988	8.00000000e+00	7.83569651e+07	1.08482596e+00	1.38446653e-08	6.09754418e-01	1
1	1.65125732e+00	2.45076146e+00	2.17132783e+00	primer-uds-south-grizli-v7.2	50988	9.50000000e+00	nan	nan	nan	nan	1
1	1.65125732e+00	2.45076146e+00	2.17132783e+00	primer-uds-south-grizli-v7.2	50988	1.10000000e+01	nan	nan	nan	nan	1
1	1.65125732e+00	2.45076146e+00	2.17132783e+00	primer-uds-south-grizli-v7.2	50988	1.25000000e+01	nan	nan	nan	nan	1
1	1.65125732e+00	2.45076146e+00	2.17132783e+00	primer-uds-south-grizli-v7.2	50988	1.40000000e+01	nan	nan	nan	nan	1
1	1.65125732e+00	2.45076146e+00	2.17132783e+00	primer-uds-south-grizli-v7.2	50988	1.55000000e+01	nan	nan	nan	nan	1
1	1.65125732e+00	2.45076146e+00	2.17132783e+00	primer-uds-south-grizli-v7.2	50988	1.70000000e+01	nan	nan	nan	nan	1
1	1.65125732e+00	2.45076146e+00	2.17132783e+00	primer-uds-south-grizli-v7.2	50988	1.85000000e+01	nan	nan	nan	nan	1
1	1.65125732e+00	2.45076146e+00	2.17132783e+00	primer-uds-south-grizli-v7.2	50988	2.00000000e+01	nan	nan	nan	nan	1
1	1.65125732e+00	2.45076146e+00	2.17132783e+00	primer-uds-south-grizli-v7.2	50988	2.15000000e+01	nan	nan	nan	nan	1
1	1.65125732e+00	2.45076146e+00	2.17132783e+00	primer-uds-south-grizli-v7.2	50988	2.30000000e+01	nan	nan	nan	nan	1
1	1.65125732e+00	2.45076146e+00	2.17132783e+00	primer-uds-south-grizli-v7.2	50988	2.45000000e+01	nan	nan	nan	nan	1
1	1.65125732e+00	2.45076146e+00	2.17132783e+00	primer-uds-south-grizli-v7.2	50988	2.60000000e+01	nan	nan	nan	nan	1
1	1.65125732e+00	2.45076146e+00	2.17132783e+00	primer-uds-south-grizli-v7.2	50988	2.75000000e+01	nan	nan	nan	nan	1
1	1.65125732e+00	2.45076146e+00	2.17132783e+00	primer-uds-south-grizli-v7.2	50988	2.90000000e+01	nan	nan	nan	nan	1
1	1.65125732e+00	2.45076146e+00	2.17132783e+00	primer-uds-south-grizli-v7.2	50988	3.05000000e+01	nan	nan	nan	nan	1
1	1.65125732e+00	2.45076146e+00	2.18195009e+00	primer-uds-south-grizli-v7.2	54980	5.00000000e-01	5.40702505e+09	1.44601757e+01	2.67433118e-09	8.93774816e-01	1
1	1.65125732e+00	2.45076146e+00	2.18195009e+00	primer-uds-south-grizli-v7.2	54980	2.00000000e+00	1.80857467e+09	3.17607206e+00	1.75611884e-09	5.54845541e-01	1
1	1.65125732e+00	2.45076146e+00	2.18195009e+00	primer-uds-south-grizli-v7.2	54980	3.50000000e+00	7.98205448e+08	1.58332944e+00	1.98361142e-09	4.63234372e-01	1
1	1.65125732e+00	2.45076146e+00	2.18195009e+00	primer-uds-south-grizli-v7.2	54980	5.00000000e+00	4.59249224e+08	9.35934705e-01	2.03796687e-09	5.56251138e-01	1
1	1.65125732e+00	2.45076146e+00	2.18195009e+00	primer-uds-south-grizli-v7.2	54980	6.50000000e+00	1.92131251e+08	4.33215282e-01	2.25478823e-09	6.17343974e-01	1
1	1.65125732e+00	2.45076146e+00	2.18195009e+00	primer-uds-south-grizli-v7.2	54980	8.00000000e+00	6.82239798e+07	2.31372276e-01	3.39136293e-09	5.41988246e-01	1
1	1.65125732e+00	2.45076146e+00	2.18195009e+00	primer-uds-south-grizli-v7.2	54980	9.50000000e+00	3.34340090e+07	1.96733135e-01	5.88422211e-09	5.25674762e-01	1
1	1.65125732e+00	2.45076146e+00	2.18195009e+00	primer-uds-south-grizli-v7.2	54980	1.10000000e+01	nan	nan	nan	nan	1
1	1.65125732e+00	2.45076146e+00	2.18195009e+00	primer-uds-south-grizli-v7.2	54980	1.25000000e+01	nan	nan	nan	nan	1
1	1.65125732e+00	2.45076146e+00	2.18195009e+00	primer-uds-south-grizli-v7.2	54980	1.40000000e+01	nan	nan	nan	nan	1
1	1.65125732e+00	2.45076146e+00	2.18195009e+00	primer-uds-south-grizli-v7.2	54980	1.55000000e+01	nan	nan	nan	nan	1
1	1.65125732e+00	2.45076146e+00	2.18195009e+00	primer-uds-south-grizli-v7.2	54980	1.70000000e+01	nan	nan	nan	nan	1
1	1.65125732e+00	2.45076146e+00	2.18195009e+00	primer-uds-south-grizli-v7.2	54980	1.85000000e+01	nan	nan	nan	nan	1
1	1.65125732e+00	2.45076146e+00	2.18195009e+00	primer-uds-south-grizli-v7.2	54980	2.00000000e+01	nan	nan	nan	nan	1
1	1.65125732e+00	2.45076146e+00	2.18195009e+00	primer-uds-south-grizli-v7.2	54980	2.15000000e+01	nan	nan	nan	nan	1
1	1.65125732e+00	2.45076146e+00	2.18195009e+00	primer-uds-south-grizli-v7.2	54980	2.30000000e+01	nan	nan	nan	nan	1
1	1.65125732e+00	2.45076146e+00	2.18195009e+00	primer-uds-south-grizli-v7.2	54980	2.45000000e+01	nan	nan	nan	nan	1
1	1.65125732e+00	2.45076146e+00	2.18195009e+00	primer-uds-south-grizli-v7.2	54980	2.60000000e+01	nan	nan	nan	nan	1
1	1.65125732e+00	2.45076146e+00	2.18195009e+00	primer-uds-south-grizli-v7.2	54980	2.75000000e+01	nan	nan	nan	nan	1
1	1.65125732e+00	2.45076146e+00	2.18195009e+00	primer-uds-south-grizli-v7.2	54980	2.90000000e+01	nan	nan	nan	nan	1
1	1.65125732e+00	2.45076146e+00	2.18195009e+00	primer-uds-south-grizli-v7.2	54980	3.05000000e+01	nan	nan	nan	nan	1
1	1.65125732e+00	2.45076146e+00	2.12095451e+00	primer-uds-south-grizli-v7.2	61783	5.00000000e-01	9.77896769e+09	3.65111555e-02	3.73364108e-12	2.09073473e+00	1
1	1.65125732e+00	2.45076146e+00	2.12095451e+00	primer-uds-south-grizli-v7.2	61783	2.00000000e+00	5.38960043e+09	4.15742451e-01	7.71378984e-11	1.64809582e+00	1
1	1.65125732e+00	2.45076146e+00	2.12095451e+00	primer-uds-south-grizli-v7.2	61783	3.50000000e+00	1.92343737e+09	8.29417499e-01	4.31216277e-10	1.06469599e+00	1
1	1.65125732e+00	2.45076146e+00	2.12095451e+00	primer-uds-south-grizli-v7.2	61783	5.00000000e+00	5.58146674e+08	6.22071745e-01	1.11453095e-09	7.60952020e-01	1
1	1.65125732e+00	2.45076146e+00	2.12095451e+00	primer-uds-south-grizli-v7.2	61783	6.50000000e+00	1.18944777e+08	2.98647379e-01	2.51080700e-09	5.68054186e-01	1
1	1.65125732e+00	2.45076146e+00	2.12095451e+00	primer-uds-south-grizli-v7.2	61783	8.00000000e+00	5.34835624e+07	1.54149356e-01	2.88218190e-09	5.44771525e-01	1
1	1.65125732e+00	2.45076146e+00	2.12095451e+00	primer-uds-south-grizli-v7.2	61783	9.50000000e+00	2.95847028e+07	7.84424215e-02	2.65145207e-09	5.27387523e-01	1
1	1.65125732e+00	2.45076146e+00	2.12095451e+00	primer-uds-south-grizli-v7.2	61783	1.10000000e+01	2.44881807e+07	7.71875640e-02	3.15203342e-09	5.02169018e-01	1
1	1.65125732e+00	2.45076146e+00	2.12095451e+00	primer-uds-south-grizli-v7.2	61783	1.25000000e+01	2.27370419e+07	7.08542793e-02	3.11624879e-09	4.71057654e-01	1
1	1.65125732e+00	2.45076146e+00	2.12095451e+00	primer-uds-south-grizli-v7.2	61783	1.40000000e+01	1.82522417e+07	8.41239734e-02	4.60896666e-09	5.18188145e-01	1
1	1.65125732e+00	2.45076146e+00	2.12095451e+00	primer-uds-south-grizli-v7.2	61783	1.55000000e+01	nan	nan	nan	nan	1
1	1.65125732e+00	2.45076146e+00	2.12095451e+00	primer-uds-south-grizli-v7.2	61783	1.70000000e+01	nan	nan	nan	nan	1
1	1.65125732e+00	2.45076146e+00	2.12095451e+00	primer-uds-south-grizli-v7.2	61783	1.85000000e+01	nan	nan	nan	nan	1
1	1.65125732e+00	2.45076146e+00	2.12095451e+00	primer-uds-south-grizli-v7.2	61783	2.00000000e+01	nan	nan	nan	nan	1
1	1.65125732e+00	2.45076146e+00	2.12095451e+00	primer-uds-south-grizli-v7.2	61783	2.15000000e+01	nan	nan	nan	nan	1
1	1.65125732e+00	2.45076146e+00	2.12095451e+00	primer-uds-south-grizli-v7.2	61783	2.30000000e+01	nan	nan	nan	nan	1
1	1.65125732e+00	2.45076146e+00	2.12095451e+00	primer-uds-south-grizli-v7.2	61783	2.45000000e+01	nan	nan	nan	nan	1
1	1.65125732e+00	2.45076146e+00	2.12095451e+00	primer-uds-south-grizli-v7.2	61783	2.60000000e+01	nan	nan	nan	nan	1
1	1.65125732e+00	2.45076146e+00	2.12095451e+00	primer-uds-south-grizli-v7.2	61783	2.75000000e+01	nan	nan	nan	nan	1
1	1.65125732e+00	2.45076146e+00	2.12095451e+00	primer-uds-south-grizli-v7.2	61783	2.90000000e+01	nan	nan	nan	nan	1
1	1.65125732e+00	2.45076146e+00	2.12095451e+00	primer-uds-south-grizli-v7.2	61783	3.05000000e+01	nan	nan	nan	nan	1
1	1.65125732e+00	2.45076146e+00	2.19255829e+00	primer-uds-south-grizli-v7.2	66995	5.00000000e-01	5.18092734e+09	2.05634010e+00	3.96905797e-10	1.18932620e+00	1
1	1.65125732e+00	2.45076146e+00	2.19255829e+00	primer-uds-south-grizli-v7.2	66995	2.00000000e+00	2.50357872e+09	1.67377306e+00	6.68552198e-10	1.01747779e+00	1
1	1.65125732e+00	2.45076146e+00	2.19255829e+00	primer-uds-south-grizli-v7.2	66995	3.50000000e+00	9.99579389e+08	1.38635296e+00	1.38693632e-09	8.58262369e-01	1
1	1.65125732e+00	2.45076146e+00	2.19255829e+00	primer-uds-south-grizli-v7.2	66995	5.00000000e+00	5.71931745e+08	6.05714739e-01	1.05906823e-09	7.54702267e-01	1
1	1.65125732e+00	2.45076146e+00	2.19255829e+00	primer-uds-south-grizli-v7.2	66995	6.50000000e+00	3.00990844e+08	4.48596537e-01	1.49039928e-09	6.42524713e-01	1
1	1.65125732e+00	2.45076146e+00	2.19255829e+00	primer-uds-south-grizli-v7.2	66995	8.00000000e+00	1.42980556e+08	4.02352121e-01	2.81403383e-09	5.48881924e-01	1
1	1.65125732e+00	2.45076146e+00	2.19255829e+00	primer-uds-south-grizli-v7.2	66995	9.50000000e+00	8.13990347e+07	3.26596588e-01	4.01229068e-09	5.38313700e-01	1
1	1.65125732e+00	2.45076146e+00	2.19255829e+00	primer-uds-south-grizli-v7.2	66995	1.10000000e+01	5.38101420e+07	2.80717219e-01	5.21680874e-09	4.81254394e-01	1
1	1.65125732e+00	2.45076146e+00	2.19255829e+00	primer-uds-south-grizli-v7.2	66995	1.25000000e+01	nan	nan	nan	nan	1
1	1.65125732e+00	2.45076146e+00	2.19255829e+00	primer-uds-south-grizli-v7.2	66995	1.40000000e+01	nan	nan	nan	nan	1
1	1.65125732e+00	2.45076146e+00	2.19255829e+00	primer-uds-south-grizli-v7.2	66995	1.55000000e+01	nan	nan	nan	nan	1
1	1.65125732e+00	2.45076146e+00	2.19255829e+00	primer-uds-south-grizli-v7.2	66995	1.70000000e+01	nan	nan	nan	nan	1
1	1.65125732e+00	2.45076146e+00	2.19255829e+00	primer-uds-south-grizli-v7.2	66995	1.85000000e+01	nan	nan	nan	nan	1
1	1.65125732e+00	2.45076146e+00	2.19255829e+00	primer-uds-south-grizli-v7.2	66995	2.00000000e+01	nan	nan	nan	nan	1
1	1.65125732e+00	2.45076146e+00	2.19255829e+00	primer-uds-south-grizli-v7.2	66995	2.15000000e+01	nan	nan	nan	nan	1
1	1.65125732e+00	2.45076146e+00	2.19255829e+00	primer-uds-south-grizli-v7.2	66995	2.30000000e+01	nan	nan	nan	nan	1
1	1.65125732e+00	2.45076146e+00	2.19255829e+00	primer-uds-south-grizli-v7.2	66995	2.45000000e+01	nan	nan	nan	nan	1
1	1.65125732e+00	2.45076146e+00	2.19255829e+00	primer-uds-south-grizli-v7.2	66995	2.60000000e+01	nan	nan	nan	nan	1
1	1.65125732e+00	2.45076146e+00	2.19255829e+00	primer-uds-south-grizli-v7.2	66995	2.75000000e+01	nan	nan	nan	nan	1
1	1.65125732e+00	2.45076146e+00	2.19255829e+00	primer-uds-south-grizli-v7.2	66995	2.90000000e+01	nan	nan	nan	nan	1
1	1.65125732e+00	2.45076146e+00	2.19255829e+00	primer-uds-south-grizli-v7.2	66995	3.05000000e+01	nan	nan	nan	nan	1
1	1.65125732e+00	2.45076146e+00	1.89014781e+00	primer-uds-south-grizli-v7.2	67353	5.00000000e-01	1.90817246e+10	2.48728558e-01	1.30349097e-11	2.08450793e+00	1
1	1.65125732e+00	2.45076146e+00	1.89014781e+00	primer-uds-south-grizli-v7.2	67353	2.00000000e+00	3.83560518e+09	9.49121111e-01	2.47450159e-10	1.19958499e+00	1
1	1.65125732e+00	2.45076146e+00	1.89014781e+00	primer-uds-south-grizli-v7.2	67353	3.50000000e+00	4.27456318e+08	5.61630708e-01	1.31389030e-09	6.92330987e-01	1
1	1.65125732e+00	2.45076146e+00	1.89014781e+00	primer-uds-south-grizli-v7.2	67353	5.00000000e+00	1.43484094e+08	2.50757181e-01	1.74763052e-09	6.40683996e-01	1
1	1.65125732e+00	2.45076146e+00	1.89014781e+00	primer-uds-south-grizli-v7.2	67353	6.50000000e+00	4.68478077e+07	1.33379309e-01	2.84707686e-09	6.11259469e-01	1
1	1.65125732e+00	2.45076146e+00	1.89014781e+00	primer-uds-south-grizli-v7.2	67353	8.00000000e+00	3.10611244e+07	1.14608984e-01	3.68978865e-09	5.99514454e-01	1
1	1.65125732e+00	2.45076146e+00	1.89014781e+00	primer-uds-south-grizli-v7.2	67353	9.50000000e+00	3.16053479e+07	4.53186279e-02	1.43389113e-09	5.86619010e-01	1
1	1.65125732e+00	2.45076146e+00	1.89014781e+00	primer-uds-south-grizli-v7.2	67353	1.10000000e+01	nan	nan	nan	nan	1
1	1.65125732e+00	2.45076146e+00	1.89014781e+00	primer-uds-south-grizli-v7.2	67353	1.25000000e+01	nan	nan	nan	nan	1
1	1.65125732e+00	2.45076146e+00	1.89014781e+00	primer-uds-south-grizli-v7.2	67353	1.40000000e+01	nan	nan	nan	nan	1
1	1.65125732e+00	2.45076146e+00	1.89014781e+00	primer-uds-south-grizli-v7.2	67353	1.55000000e+01	nan	nan	nan	nan	1
1	1.65125732e+00	2.45076146e+00	1.89014781e+00	primer-uds-south-grizli-v7.2	67353	1.70000000e+01	nan	nan	nan	nan	1
1	1.65125732e+00	2.45076146e+00	1.89014781e+00	primer-uds-south-grizli-v7.2	67353	1.85000000e+01	nan	nan	nan	nan	1
1	1.65125732e+00	2.45076146e+00	1.89014781e+00	primer-uds-south-grizli-v7.2	67353	2.00000000e+01	nan	nan	nan	nan	1
1	1.65125732e+00	2.45076146e+00	1.89014781e+00	primer-uds-south-grizli-v7.2	67353	2.15000000e+01	nan	nan	nan	nan	1
1	1.65125732e+00	2.45076146e+00	1.89014781e+00	primer-uds-south-grizli-v7.2	67353	2.30000000e+01	nan	nan	nan	nan	1
1	1.65125732e+00	2.45076146e+00	1.89014781e+00	primer-uds-south-grizli-v7.2	67353	2.45000000e+01	nan	nan	nan	nan	1
1	1.65125732e+00	2.45076146e+00	1.89014781e+00	primer-uds-south-grizli-v7.2	67353	2.60000000e+01	nan	nan	nan	nan	1
1	1.65125732e+00	2.45076146e+00	1.89014781e+00	primer-uds-south-grizli-v7.2	67353	2.75000000e+01	nan	nan	nan	nan	1
1	1.65125732e+00	2.45076146e+00	1.89014781e+00	primer-uds-south-grizli-v7.2	67353	2.90000000e+01	nan	nan	nan	nan	1
1	1.65125732e+00	2.45076146e+00	1.89014781e+00	primer-uds-south-grizli-v7.2	67353	3.05000000e+01	nan	nan	nan	nan	1
2	2.45076146e+00	3.24258343e+00	3.00421977e+00	ceers-full-grizli-v7.2	5760	5.00000000e-01	1.42923912e+10	1.77741211e+00	1.24360724e-10	1.05748580e+00	1
2	2.45076146e+00	3.24258343e+00	3.00421977e+00	ceers-full-grizli-v7.2	5760	2.00000000e+00	4.20402330e+09	1.96632261e+00	4.67724003e-10	7.06579208e-01	1
2	2.45076146e+00	3.24258343e+00	3.00421977e+00	ceers-full-grizli-v7.2	5760	3.50000000e+00	3.95537488e+08	6.56634252e-01	1.66010624e-09	4.48331609e-01	1
2	2.45076146e+00	3.24258343e+00	3.00421977e+00	ceers-full-grizli-v7.2	5760	5.00000000e+00	8.69831419e+07	1.87346357e-01	2.15382375e-09	3.95234439e-01	1
2	2.45076146e+00	3.24258343e+00	3.00421977e+00	ceers-full-grizli-v7.2	5760	6.50000000e+00	3.25156671e+07	9.89350202e-02	3.04268769e-09	3.72807091e-01	1
2	2.45076146e+00	3.24258343e+00	3.00421977e+00	ceers-full-grizli-v7.2	5760	8.00000000e+00	nan	nan	nan	nan	1
2	2.45076146e+00	3.24258343e+00	3.00421977e+00	ceers-full-grizli-v7.2	5760	9.50000000e+00	nan	nan	nan	nan	1
2	2.45076146e+00	3.24258343e+00	3.00421977e+00	ceers-full-grizli-v7.2	5760	1.10000000e+01	nan	nan	nan	nan	1
2	2.45076146e+00	3.24258343e+00	3.00421977e+00	ceers-full-grizli-v7.2	5760	1.25000000e+01	nan	nan	nan	nan	1
2	2.45076146e+00	3.24258343e+00	3.00421977e+00	ceers-full-grizli-v7.2	5760	1.40000000e+01	nan	nan	nan	nan	1
2	2.45076146e+00	3.24258343e+00	3.00421977e+00	ceers-full-grizli-v7.2	5760	1.55000000e+01	nan	nan	nan	nan	1
2	2.45076146e+00	3.24258343e+00	3.00421977e+00	ceers-full-grizli-v7.2	5760	1.70000000e+01	nan	nan	nan	nan	1
2	2.45076146e+00	3.24258343e+00	3.00421977e+00	ceers-full-grizli-v7.2	5760	1.85000000e+01	nan	nan	nan	nan	1
2	2.45076146e+00	3.24258343e+00	3.00421977e+00	ceers-full-grizli-v7.2	5760	2.00000000e+01	nan	nan	nan	nan	1
2	2.45076146e+00	3.24258343e+00	3.00421977e+00	ceers-full-grizli-v7.2	5760	2.15000000e+01	nan	nan	nan	nan	1
2	2.45076146e+00	3.24258343e+00	3.00421977e+00	ceers-full-grizli-v7.2	5760	2.30000000e+01	nan	nan	nan	nan	1
2	2.45076146e+00	3.24258343e+00	3.00421977e+00	ceers-full-grizli-v7.2	5760	2.45000000e+01	nan	nan	nan	nan	1
2	2.45076146e+00	3.24258343e+00	3.00421977e+00	ceers-full-grizli-v7.2	5760	2.60000000e+01	nan	nan	nan	nan	1
2	2.45076146e+00	3.24258343e+00	3.00421977e+00	ceers-full-grizli-v7.2	5760	2.75000000e+01	nan	nan	nan	nan	1
2	2.45076146e+00	3.24258343e+00	3.00421977e+00	ceers-full-grizli-v7.2	5760	2.90000000e+01	nan	nan	nan	nan	1
2	2.45076146e+00	3.24258343e+00	3.00421977e+00	ceers-full-grizli-v7.2	5760	3.05000000e+01	nan	nan	nan	nan	1
2	2.45076146e+00	3.24258343e+00	3.09021497e+00	ceers-full-grizli-v7.2	17276	5.00000000e-01	5.20774701e+09	2.40319712e+01	4.61465795e-09	3.09585291e-01	1
2	2.45076146e+00	3.24258343e+00	3.09021497e+00	ceers-full-grizli-v7.2	17276	2.00000000e+00	1.02411602e+09	3.06897253e+00	2.99670395e-09	2.62950393e-01	1
2	2.45076146e+00	3.24258343e+00	3.09021497e+00	ceers-full-grizli-v7.2	17276	3.50000000e+00	2.93387145e+08	1.13599436e+00	3.87199775e-09	2.38098024e-01	1
2	2.45076146e+00	3.24258343e+00	3.09021497e+00	ceers-full-grizli-v7.2	17276	5.00000000e+00	1.82900529e+08	7.39025695e-01	4.04058807e-09	2.53603079e-01	1
2	2.45076146e+00	3.24258343e+00	3.09021497e+00	ceers-full-grizli-v7.2	17276	6.50000000e+00	1.22763987e+08	4.88005629e-01	3.97515299e-09	2.59190655e-01	1
2	2.45076146e+00	3.24258343e+00	3.09021497e+00	ceers-full-grizli-v7.2	17276	8.00000000e+00	1.05630423e+08	4.08820725e-01	3.87029336e-09	2.74437302e-01	1
2	2.45076146e+00	3.24258343e+00	3.09021497e+00	ceers-full-grizli-v7.2	17276	9.50000000e+00	9.92574898e+07	3.61354014e-01	3.64057176e-09	2.85311404e-01	1
2	2.45076146e+00	3.24258343e+00	3.09021497e+00	ceers-full-grizli-v7.2	17276	1.10000000e+01	5.55697725e+07	3.15860986e-01	5.68404317e-09	2.87375639e-01	1
2	2.45076146e+00	3.24258343e+00	3.09021497e+00	ceers-full-grizli-v7.2	17276	1.25000000e+01	4.16760861e+07	2.38167827e-01	5.71473595e-09	2.81072682e-01	1
2	2.45076146e+00	3.24258343e+00	3.09021497e+00	ceers-full-grizli-v7.2	17276	1.40000000e+01	3.46782230e+07	1.85868779e-01	5.35981268e-09	2.83141018e-01	1
2	2.45076146e+00	3.24258343e+00	3.09021497e+00	ceers-full-grizli-v7.2	17276	1.55000000e+01	2.82510567e+07	1.32338231e-01	4.68436395e-09	2.76335657e-01	1
2	2.45076146e+00	3.24258343e+00	3.09021497e+00	ceers-full-grizli-v7.2	17276	1.70000000e+01	2.33472374e+07	9.77317711e-02	4.18601008e-09	2.79888650e-01	1
2	2.45076146e+00	3.24258343e+00	3.09021497e+00	ceers-full-grizli-v7.2	17276	1.85000000e+01	2.43341486e+07	nan	nan	2.24296796e-01	1
2	2.45076146e+00	3.24258343e+00	3.09021497e+00	ceers-full-grizli-v7.2	17276	2.00000000e+01	nan	nan	nan	nan	1
2	2.45076146e+00	3.24258343e+00	3.09021497e+00	ceers-full-grizli-v7.2	17276	2.15000000e+01	nan	nan	nan	nan	1
2	2.45076146e+00	3.24258343e+00	3.09021497e+00	ceers-full-grizli-v7.2	17276	2.30000000e+01	nan	nan	nan	nan	1
2	2.45076146e+00	3.24258343e+00	3.09021497e+00	ceers-full-grizli-v7.2	17276	2.45000000e+01	nan	nan	nan	nan	1
2	2.45076146e+00	3.24258343e+00	3.09021497e+00	ceers-full-grizli-v7.2	17276	2.60000000e+01	nan	nan	nan	nan	1
2	2.45076146e+00	3.24258343e+00	3.09021497e+00	ceers-full-grizli-v7.2	17276	2.75000000e+01	nan	nan	nan	nan	1
2	2.45076146e+00	3.24258343e+00	3.09021497e+00	ceers-full-grizli-v7.2	17276	2.90000000e+01	nan	nan	nan	nan	1
2	2.45076146e+00	3.24258343e+00	3.09021497e+00	ceers-full-grizli-v7.2	17276	3.05000000e+01	nan	nan	nan	nan	1
2	2.45076146e+00	3.24258343e+00	2.73739624e+00	ceers-full-grizli-v7.2	19318	5.00000000e-01	1.06035962e+10	8.16057849e-01	7.69604795e-11	1.54645479e+00	1
2	2.45076146e+00	3.24258343e+00	2.73739624e+00	ceers-full-grizli-v7.2	19318	2.00000000e+00	3.34152567e+09	1.25051829e+00	3.74235727e-10	1.10742141e+00	1
2	2.45076146e+00	3.24258343e+00	2.73739624e+00	ceers-full-grizli-v7.2	19318	3.50000000e+00	3.22767017e+08	8.33351657e-01	2.58189844e-09	5.72096127e-01	1
2	2.45076146e+00	3.24258343e+00	2.73739624e+00	ceers-full-grizli-v7.2	19318	5.00000000e+00	9.27611643e+07	2.86776500e-01	3.09155779e-09	4.50485813e-01	1
2	2.45076146e+00	3.24258343e+00	2.73739624e+00	ceers-full-grizli-v7.2	19318	6.50000000e+00	4.00884993e+07	2.76107244e-01	6.88744275e-09	4.01156125e-01	1
2	2.45076146e+00	3.24258343e+00	2.73739624e+00	ceers-full-grizli-v7.2	19318	8.00000000e+00	4.06389546e+07	4.14276737e-01	1.01940796e-08	3.77892463e-01	1
2	2.45076146e+00	3.24258343e+00	2.73739624e+00	ceers-full-grizli-v7.2	19318	9.50000000e+00	3.15675313e+07	1.58497449e-01	5.02090099e-09	3.68048005e-01	1
2	2.45076146e+00	3.24258343e+00	2.73739624e+00	ceers-full-grizli-v7.2	19318	1.10000000e+01	nan	nan	nan	nan	1
2	2.45076146e+00	3.24258343e+00	2.73739624e+00	ceers-full-grizli-v7.2	19318	1.25000000e+01	nan	nan	nan	nan	1
2	2.45076146e+00	3.24258343e+00	2.73739624e+00	ceers-full-grizli-v7.2	19318	1.40000000e+01	nan	nan	nan	nan	1
2	2.45076146e+00	3.24258343e+00	2.73739624e+00	ceers-full-grizli-v7.2	19318	1.55000000e+01	nan	nan	nan	nan	1
2	2.45076146e+00	3.24258343e+00	2.73739624e+00	ceers-full-grizli-v7.2	19318	1.70000000e+01	nan	nan	nan	nan	1
2	2.45076146e+00	3.24258343e+00	2.73739624e+00	ceers-full-grizli-v7.2	19318	1.85000000e+01	nan	nan	nan	nan	1
2	2.45076146e+00	3.24258343e+00	2.73739624e+00	ceers-full-grizli-v7.2	19318	2.00000000e+01	nan	nan	nan	nan	1
2	2.45076146e+00	3.24258343e+00	2.73739624e+00	ceers-full-grizli-v7.2	19318	2.15000000e+01	nan	nan	nan	nan	1
2	2.45076146e+00	3.24258343e+00	2.73739624e+00	ceers-full-grizli-v7.2	19318	2.30000000e+01	nan	nan	nan	nan	1
2	2.45076146e+00	3.24258343e+00	2.73739624e+00	ceers-full-grizli-v7.2	19318	2.45000000e+01	nan	nan	nan	nan	1
2	2.45076146e+00	3.24258343e+00	2.73739624e+00	ceers-full-grizli-v7.2	19318	2.60000000e+01	nan	nan	nan	nan	1
2	2.45076146e+00	3.24258343e+00	2.73739624e+00	ceers-full-grizli-v7.2	19318	2.75000000e+01	nan	nan	nan	nan	1
2	2.45076146e+00	3.24258343e+00	2.73739624e+00	ceers-full-grizli-v7.2	19318	2.90000000e+01	nan	nan	nan	nan	1
2	2.45076146e+00	3.24258343e+00	2.73739624e+00	ceers-full-grizli-v7.2	19318	3.05000000e+01	nan	nan	nan	nan	1
2	2.45076146e+00	3.24258343e+00	2.61258006e+00	ceers-full-grizli-v7.2	37883	5.00000000e-01	1.02015981e+10	4.05211284e+01	3.97203731e-09	4.07254675e-01	1
2	2.45076146e+00	3.24258343e+00	2.61258006e+00	ceers-full-grizli-v7.2	37883	2.00000000e+00	2.99553863e+09	4.08556886e+00	1.36388455e-09	5.15010563e-01	1
2	2.45076146e+00	3.24258343e+00	2.61258006e+00	ceers-full-grizli-v7.2	37883	3.50000000e+00	9.28896536e+08	3.71124083e-01	3.99532206e-10	7.98985876e-01	1
2	2.45076146e+00	3.24258343e+00	2.61258006e+00	ceers-full-grizli-v7.2	37883	5.00000000e+00	3.23599569e+08	1.18529360e-01	3.66284048e-10	7.66777446e-01	1
2	2.45076146e+00	3.24258343e+00	2.61258006e+00	ceers-full-grizli-v7.2	37883	6.50000000e+00	9.51737843e+07	9.17503752e-02	9.64029915e-10	6.06938338e-01	1
2	2.45076146e+00	3.24258343e+00	2.61258006e+00	ceers-full-grizli-v7.2	37883	8.00000000e+00	4.36665357e+07	5.98412471e-02	1.37041435e-09	5.64820332e-01	1
2	2.45076146e+00	3.24258343e+00	2.61258006e+00	ceers-full-grizli-v7.2	37883	9.50000000e+00	2.70372672e+07	4.35071003e-02	1.60915303e-09	5.28719443e-01	1
2	2.45076146e+00	3.24258343e+00	2.61258006e+00	ceers-full-grizli-v7.2	37883	1.10000000e+01	2.41705136e+07	4.36704569e-02	1.80676578e-09	5.07433463e-01	1
2	2.45076146e+00	3.24258343e+00	2.61258006e+00	ceers-full-grizli-v7.2	37883	1.25000000e+01	2.14980840e+07	5.49092369e-02	2.55414561e-09	4.30289121e-01	1
2	2.45076146e+00	3.24258343e+00	2.61258006e+00	ceers-full-grizli-v7.2	37883	1.40000000e+01	nan	nan	nan	nan	1
2	2.45076146e+00	3.24258343e+00	2.61258006e+00	ceers-full-grizli-v7.2	37883	1.55000000e+01	nan	nan	nan	nan	1
2	2.45076146e+00	3.24258343e+00	2.61258006e+00	ceers-full-grizli-v7.2	37883	1.70000000e+01	nan	nan	nan	nan	1
2	2.45076146e+00	3.24258343e+00	2.61258006e+00	ceers-full-grizli-v7.2	37883	1.85000000e+01	nan	nan	nan	nan	1
2	2.45076146e+00	3.24258343e+00	2.61258006e+00	ceers-full-grizli-v7.2	37883	2.00000000e+01	nan	nan	nan	nan	1
2	2.45076146e+00	3.24258343e+00	2.61258006e+00	ceers-full-grizli-v7.2	37883	2.15000000e+01	nan	nan	nan	nan	1
2	2.45076146e+00	3.24258343e+00	2.61258006e+00	ceers-full-grizli-v7.2	37883	2.30000000e+01	nan	nan	nan	nan	1
2	2.45076146e+00	3.24258343e+00	2.61258006e+00	ceers-full-grizli-v7.2	37883	2.45000000e+01	nan	nan	nan	nan	1
2	2.45076146e+00	3.24258343e+00	2.61258006e+00	ceers-full-grizli-v7.2	37883	2.60000000e+01	nan	nan	nan	nan	1
2	2.45076146e+00	3.24258343e+00	2.61258006e+00	ceers-full-grizli-v7.2	37883	2.75000000e+01	nan	nan	nan	nan	1
2	2.45076146e+00	3.24258343e+00	2.61258006e+00	ceers-full-grizli-v7.2	37883	2.90000000e+01	nan	nan	nan	nan	1
2	2.45076146e+00	3.24258343e+00	2.61258006e+00	ceers-full-grizli-v7.2	37883	3.05000000e+01	nan	nan	nan	nan	1
2	2.45076146e+00	3.24258343e+00	2.94252896e+00	ceers-full-grizli-v7.2	42944	5.00000000e-01	1.02642896e+10	1.66830331e+00	1.62534708e-10	1.03689316e+00	1
2	2.45076146e+00	3.24258343e+00	2.94252896e+00	ceers-full-grizli-v7.2	42944	2.00000000e+00	2.56467974e+09	1.96968929e+00	7.68005947e-10	6.84488181e-01	1
2	2.45076146e+00	3.24258343e+00	2.94252896e+00	ceers-full-grizli-v7.2	42944	3.50000000e+00	4.17701190e+08	8.73390911e-01	2.09094667e-09	4.56275467e-01	1
2	2.45076146e+00	3.24258343e+00	2.94252896e+00	ceers-full-grizli-v7.2	42944	5.00000000e+00	1.17114372e+08	3.09789896e-01	2.64519112e-09	3.66933877e-01	1
2	2.45076146e+00	3.24258343e+00	2.94252896e+00	ceers-full-grizli-v7.2	42944	6.50000000e+00	4.27629013e+07	1.24547291e-01	2.91250797e-09	3.18108318e-01	1
2	2.45076146e+00	3.24258343e+00	2.94252896e+00	ceers-full-grizli-v7.2	42944	8.00000000e+00	2.76713925e+07	1.06382069e-01	3.84447832e-09	2.93961427e-01	1
2	2.45076146e+00	3.24258343e+00	2.94252896e+00	ceers-full-grizli-v7.2	42944	9.50000000e+00	2.73898723e+07	1.35074662e-01	4.93155500e-09	2.78093200e-01	1
2	2.45076146e+00	3.24258343e+00	2.94252896e+00	ceers-full-grizli-v7.2	42944	1.10000000e+01	2.41706026e+07	1.05406409e-01	4.36093427e-09	2.80427457e-01	1
2	2.45076146e+00	3.24258343e+00	2.94252896e+00	ceers-full-grizli-v7.2	42944	1.25000000e+01	2.53425842e+07	1.19087824e-01	4.69911919e-09	2.77375575e-01	1
2	2.45076146e+00	3.24258343e+00	2.94252896e+00	ceers-full-grizli-v7.2	42944	1.40000000e+01	2.79442156e+07	1.37001745e-01	4.90268708e-09	3.10137028e-01	1
2	2.45076146e+00	3.24258343e+00	2.94252896e+00	ceers-full-grizli-v7.2	42944	1.55000000e+01	2.09602307e+07	6.79846233e-02	3.24350549e-09	3.22662758e-01	1
2	2.45076146e+00	3.24258343e+00	2.94252896e+00	ceers-full-grizli-v7.2	42944	1.70000000e+01	nan	nan	nan	nan	1
2	2.45076146e+00	3.24258343e+00	2.94252896e+00	ceers-full-grizli-v7.2	42944	1.85000000e+01	nan	nan	nan	nan	1
2	2.45076146e+00	3.24258343e+00	2.94252896e+00	ceers-full-grizli-v7.2	42944	2.00000000e+01	nan	nan	nan	nan	1
2	2.45076146e+00	3.24258343e+00	2.94252896e+00	ceers-full-grizli-v7.2	42944	2.15000000e+01	nan	nan	nan	nan	1
2	2.45076146e+00	3.24258343e+00	2.94252896e+00	ceers-full-grizli-v7.2	42944	2.30000000e+01	nan	nan	nan	nan	1
2	2.45076146e+00	3.24258343e+00	2.94252896e+00	ceers-full-grizli-v7.2	42944	2.45000000e+01	nan	nan	nan	nan	1
2	2.45076146e+00	3.24258343e+00	2.94252896e+00	ceers-full-grizli-v7.2	42944	2.60000000e+01	nan	nan	nan	nan	1
2	2.45076146e+00	3.24258343e+00	2.94252896e+00	ceers-full-grizli-v7.2	42944	2.75000000e+01	nan	nan	nan	nan	1
2	2.45076146e+00	3.24258343e+00	2.94252896e+00	ceers-full-grizli-v7.2	42944	2.90000000e+01	nan	nan	nan	nan	1
2	2.45076146e+00	3.24258343e+00	2.94252896e+00	ceers-full-grizli-v7.2	42944	3.05000000e+01	nan	nan	nan	nan	1
2	2.45076146e+00	3.24258343e+00	2.89574099e+00	ceers-full-grizli-v7.2	44021	5.00000000e-01	1.43643295e+10	8.15404546e-01	5.67659318e-11	1.20832546e+00	1
2	2.45076146e+00	3.24258343e+00	2.89574099e+00	ceers-full-grizli-v7.2	44021	2.00000000e+00	2.85988155e+09	1.16874371e+00	4.08668572e-10	8.86906491e-01	1
2	2.45076146e+00	3.24258343e+00	2.89574099e+00	ceers-full-grizli-v7.2	44021	3.50000000e+00	3.30036490e+08	6.11078939e-01	1.85154962e-09	5.86590177e-01	1
2	2.45076146e+00	3.24258343e+00	2.89574099e+00	ceers-full-grizli-v7.2	44021	5.00000000e+00	9.83052045e+07	2.95466334e-01	3.00560215e-09	4.56481968e-01	1
2	2.45076146e+00	3.24258343e+00	2.89574099e+00	ceers-full-grizli-v7.2	44021	6.50000000e+00	4.35210844e+07	1.91681254e-01	4.40433084e-09	4.20382818e-01	1
2	2.45076146e+00	3.24258343e+00	2.89574099e+00	ceers-full-grizli-v7.2	44021	8.00000000e+00	4.46384444e+07	1.27601809e-01	2.85856307e-09	4.01250739e-01	1
2	2.45076146e+00	3.24258343e+00	2.89574099e+00	ceers-full-grizli-v7.2	44021	9.50000000e+00	4.09291671e+07	1.20379386e-01	2.94116384e-09	3.69126577e-01	1
2	2.45076146e+00	3.24258343e+00	2.89574099e+00	ceers-full-grizli-v7.2	44021	1.10000000e+01	2.63309132e+07	9.47241067e-02	3.59744859e-09	3.25874678e-01	1
2	2.45076146e+00	3.24258343e+00	2.89574099e+00	ceers-full-grizli-v7.2	44021	1.25000000e+01	2.20039013e+07	5.40552357e-02	2.45662053e-09	3.20852890e-01	1
2	2.45076146e+00	3.24258343e+00	2.89574099e+00	ceers-full-grizli-v7.2	44021	1.40000000e+01	nan	nan	nan	nan	1
2	2.45076146e+00	3.24258343e+00	2.89574099e+00	ceers-full-grizli-v7.2	44021	1.55000000e+01	nan	nan	nan	nan	1
2	2.45076146e+00	3.24258343e+00	2.89574099e+00	ceers-full-grizli-v7.2	44021	1.70000000e+01	nan	nan	nan	nan	1
2	2.45076146e+00	3.24258343e+00	2.89574099e+00	ceers-full-grizli-v7.2	44021	1.85000000e+01	nan	nan	nan	nan	1
2	2.45076146e+00	3.24258343e+00	2.89574099e+00	ceers-full-grizli-v7.2	44021	2.00000000e+01	nan	nan	nan	nan	1
2	2.45076146e+00	3.24258343e+00	2.89574099e+00	ceers-full-grizli-v7.2	44021	2.15000000e+01	nan	nan	nan	nan	1
2	2.45076146e+00	3.24258343e+00	2.89574099e+00	ceers-full-grizli-v7.2	44021	2.30000000e+01	nan	nan	nan	nan	1
2	2.45076146e+00	3.24258343e+00	2.89574099e+00	ceers-full-grizli-v7.2	44021	2.45000000e+01	nan	nan	nan	nan	1
2	2.45076146e+00	3.24258343e+00	2.89574099e+00	ceers-full-grizli-v7.2	44021	2.60000000e+01	nan	nan	nan	nan	1
2	2.45076146e+00	3.24258343e+00	2.89574099e+00	ceers-full-grizli-v7.2	44021	2.75000000e+01	nan	nan	nan	nan	1
2	2.45076146e+00	3.24258343e+00	2.89574099e+00	ceers-full-grizli-v7.2	44021	2.90000000e+01	nan	nan	nan	nan	1
2	2.45076146e+00	3.24258343e+00	2.89574099e+00	ceers-full-grizli-v7.2	44021	3.05000000e+01	nan	nan	nan	nan	1
2	2.45076146e+00	3.24258343e+00	2.80267906e+00	ceers-full-grizli-v7.2	64284	5.00000000e-01	9.01069525e+09	3.42182918e+01	3.79751960e-09	7.25092241e-01	1
2	2.45076146e+00	3.24258343e+00	2.80267906e+00	ceers-full-grizli-v7.2	64284	2.00000000e+00	2.66025198e+09	6.59552428e+00	2.47928554e-09	6.65702388e-01	1
2	2.45076146e+00	3.24258343e+00	2.80267906e+00	ceers-full-grizli-v7.2	64284	3.50000000e+00	5.71853399e+08	5.33221357e-01	9.32444151e-10	6.20810464e-01	1
2	2.45076146e+00	3.24258343e+00	2.80267906e+00	ceers-full-grizli-v7.2	64284	5.00000000e+00	1.58597131e+08	2.78823909e-01	1.75806401e-09	4.67390171e-01	1
2	2.45076146e+00	3.24258343e+00	2.80267906e+00	ceers-full-grizli-v7.2	64284	6.50000000e+00	4.51265170e+07	1.88644464e-01	4.18034621e-09	3.73908989e-01	1
2	2.45076146e+00	3.24258343e+00	2.80267906e+00	ceers-full-grizli-v7.2	64284	8.00000000e+00	nan	nan	nan	nan	1
2	2.45076146e+00	3.24258343e+00	2.80267906e+00	ceers-full-grizli-v7.2	64284	9.50000000e+00	nan	nan	nan	nan	1
2	2.45076146e+00	3.24258343e+00	2.80267906e+00	ceers-full-grizli-v7.2	64284	1.10000000e+01	nan	nan	nan	nan	1
2	2.45076146e+00	3.24258343e+00	2.80267906e+00	ceers-full-grizli-v7.2	64284	1.25000000e+01	nan	nan	nan	nan	1
2	2.45076146e+00	3.24258343e+00	2.80267906e+00	ceers-full-grizli-v7.2	64284	1.40000000e+01	nan	nan	nan	nan	1
2	2.45076146e+00	3.24258343e+00	2.80267906e+00	ceers-full-grizli-v7.2	64284	1.55000000e+01	nan	nan	nan	nan	1
2	2.45076146e+00	3.24258343e+00	2.80267906e+00	ceers-full-grizli-v7.2	64284	1.70000000e+01	nan	nan	nan	nan	1
2	2.45076146e+00	3.24258343e+00	2.80267906e+00	ceers-full-grizli-v7.2	64284	1.85000000e+01	nan	nan	nan	nan	1
2	2.45076146e+00	3.24258343e+00	2.80267906e+00	ceers-full-grizli-v7.2	64284	2.00000000e+01	nan	nan	nan	nan	1
2	2.45076146e+00	3.24258343e+00	2.80267906e+00	ceers-full-grizli-v7.2	64284	2.15000000e+01	nan	nan	nan	nan	1
2	2.45076146e+00	3.24258343e+00	2.80267906e+00	ceers-full-grizli-v7.2	64284	2.30000000e+01	nan	nan	nan	nan	1
2	2.45076146e+00	3.24258343e+00	2.80267906e+00	ceers-full-grizli-v7.2	64284	2.45000000e+01	nan	nan	nan	nan	1
2	2.45076146e+00	3.24258343e+00	2.80267906e+00	ceers-full-grizli-v7.2	64284	2.60000000e+01	nan	nan	nan	nan	1
2	2.45076146e+00	3.24258343e+00	2.80267906e+00	ceers-full-grizli-v7.2	64284	2.75000000e+01	nan	nan	nan	nan	1
2	2.45076146e+00	3.24258343e+00	2.80267906e+00	ceers-full-grizli-v7.2	64284	2.90000000e+01	nan	nan	nan	nan	1
2	2.45076146e+00	3.24258343e+00	2.80267906e+00	ceers-full-grizli-v7.2	64284	3.05000000e+01	nan	nan	nan	nan	1
2	2.45076146e+00	3.24258343e+00	2.93255496e+00	ceers-full-grizli-v7.2	68251	5.00000000e-01	1.40645720e+10	4.57839516e+01	3.25526803e-09	4.58247151e-01	1
2	2.45076146e+00	3.24258343e+00	2.93255496e+00	ceers-full-grizli-v7.2	68251	2.00000000e+00	1.91763518e+09	1.69711106e+00	8.85002047e-10	6.69796393e-01	1
2	2.45076146e+00	3.24258343e+00	2.93255496e+00	ceers-full-grizli-v7.2	68251	3.50000000e+00	2.17289322e+08	3.14947501e-01	1.44943846e-09	4.34788269e-01	1
2	2.45076146e+00	3.24258343e+00	2.93255496e+00	ceers-full-grizli-v7.2	68251	5.00000000e+00	7.95137213e+07	1.71198036e-01	2.15306280e-09	3.49723038e-01	1
2	2.45076146e+00	3.24258343e+00	2.93255496e+00	ceers-full-grizli-v7.2	68251	6.50000000e+00	2.57090706e+07	7.84189605e-02	3.05024486e-09	2.86400695e-01	1
2	2.45076146e+00	3.24258343e+00	2.93255496e+00	ceers-full-grizli-v7.2	68251	8.00000000e+00	1.74228079e+07	5.35018257e-02	3.07079237e-09	2.84820510e-01	1
2	2.45076146e+00	3.24258343e+00	2.93255496e+00	ceers-full-grizli-v7.2	68251	9.50000000e+00	1.54349184e+07	4.81876274e-02	3.12198783e-09	2.79612819e-01	1
2	2.45076146e+00	3.24258343e+00	2.93255496e+00	ceers-full-grizli-v7.2	68251	1.10000000e+01	1.34790878e+07	4.52122723e-02	3.35425313e-09	2.67032688e-01	1
2	2.45076146e+00	3.24258343e+00	2.93255496e+00	ceers-full-grizli-v7.2	68251	1.25000000e+01	1.45678574e+07	4.34936972e-02	2.98559328e-09	2.70217089e-01	1
2	2.45076146e+00	3.24258343e+00	2.93255496e+00	ceers-full-grizli-v7.2	68251	1.40000000e+01	1.08867674e+07	3.10248407e-02	2.84977528e-09	2.68993522e-01	1
2	2.45076146e+00	3.24258343e+00	2.93255496e+00	ceers-full-grizli-v7.2	68251	1.55000000e+01	nan	nan	nan	nan	1
2	2.45076146e+00	3.24258343e+00	2.93255496e+00	ceers-full-grizli-v7.2	68251	1.70000000e+01	nan	nan	nan	nan	1
2	2.45076146e+00	3.24258343e+00	2.93255496e+00	ceers-full-grizli-v7.2	68251	1.85000000e+01	nan	nan	nan	nan	1
2	2.45076146e+00	3.24258343e+00	2.93255496e+00	ceers-full-grizli-v7.2	68251	2.00000000e+01	nan	nan	nan	nan	1
2	2.45076146e+00	3.24258343e+00	2.93255496e+00	ceers-full-grizli-v7.2	68251	2.15000000e+01	nan	nan	nan	nan	1
2	2.45076146e+00	3.24258343e+00	2.93255496e+00	ceers-full-grizli-v7.2	68251	2.30000000e+01	nan	nan	nan	nan	1
2	2.45076146e+00	3.24258343e+00	2.93255496e+00	ceers-full-grizli-v7.2	68251	2.45000000e+01	nan	nan	nan	nan	1
2	2.45076146e+00	3.24258343e+00	2.93255496e+00	ceers-full-grizli-v7.2	68251	2.60000000e+01	nan	nan	nan	nan	1
2	2.45076146e+00	3.24258343e+00	2.93255496e+00	ceers-full-grizli-v7.2	68251	2.75000000e+01	nan	nan	nan	nan	1
2	2.45076146e+00	3.24258343e+00	2.93255496e+00	ceers-full-grizli-v7.2	68251	2.90000000e+01	nan	nan	nan	nan	1
2	2.45076146e+00	3.24258343e+00	2.93255496e+00	ceers-full-grizli-v7.2	68251	3.05000000e+01	nan	nan	nan	nan	1
2	2.45076146e+00	3.24258343e+00	2.54283834e+00	primer-cosmos-east-grizli-v7.0	2835	5.00000000e-01	4.84277571e+09	5.49657418e+00	1.13500490e-09	9.15156601e-01	1
2	2.45076146e+00	3.24258343e+00	2.54283834e+00	primer-cosmos-east-grizli-v7.0	2835	2.00000000e+00	2.26453676e+09	4.53274145e+00	2.00161972e-09	7.21075073e-01	1
2	2.45076146e+00	3.24258343e+00	2.54283834e+00	primer-cosmos-east-grizli-v7.0	2835	3.50000000e+00	8.66359081e+08	1.52104584e+00	1.75567600e-09	7.32679156e-01	1
2	2.45076146e+00	3.24258343e+00	2.54283834e+00	primer-cosmos-east-grizli-v7.0	2835	5.00000000e+00	3.53538186e+08	5.66076115e-01	1.60117390e-09	6.75703140e-01	1
2	2.45076146e+00	3.24258343e+00	2.54283834e+00	primer-cosmos-east-grizli-v7.0	2835	6.50000000e+00	1.50357078e+08	2.77283952e-01	1.84416959e-09	6.14429764e-01	1
2	2.45076146e+00	3.24258343e+00	2.54283834e+00	primer-cosmos-east-grizli-v7.0	2835	8.00000000e+00	9.15799726e+07	2.23388134e-01	2.43926840e-09	6.06620253e-01	1
2	2.45076146e+00	3.24258343e+00	2.54283834e+00	primer-cosmos-east-grizli-v7.0	2835	9.50000000e+00	6.11854928e+07	1.97005615e-01	3.21980924e-09	5.91310803e-01	1
2	2.45076146e+00	3.24258343e+00	2.54283834e+00	primer-cosmos-east-grizli-v7.0	2835	1.10000000e+01	nan	nan	nan	nan	1
2	2.45076146e+00	3.24258343e+00	2.54283834e+00	primer-cosmos-east-grizli-v7.0	2835	1.25000000e+01	nan	nan	nan	nan	1
2	2.45076146e+00	3.24258343e+00	2.54283834e+00	primer-cosmos-east-grizli-v7.0	2835	1.40000000e+01	nan	nan	nan	nan	1
2	2.45076146e+00	3.24258343e+00	2.54283834e+00	primer-cosmos-east-grizli-v7.0	2835	1.55000000e+01	nan	nan	nan	nan	1
2	2.45076146e+00	3.24258343e+00	2.54283834e+00	primer-cosmos-east-grizli-v7.0	2835	1.70000000e+01	nan	nan	nan	nan	1
2	2.45076146e+00	3.24258343e+00	2.54283834e+00	primer-cosmos-east-grizli-v7.0	2835	1.85000000e+01	nan	nan	nan	nan	1
2	2.45076146e+00	3.24258343e+00	2.54283834e+00	primer-cosmos-east-grizli-v7.0	2835	2.00000000e+01	nan	nan	nan	nan	1
2	2.45076146e+00	3.24258343e+00	2.54283834e+00	primer-cosmos-east-grizli-v7.0	2835	2.15000000e+01	nan	nan	nan	nan	1
2	2.45076146e+00	3.24258343e+00	2.54283834e+00	primer-cosmos-east-grizli-v7.0	2835	2.30000000e+01	nan	nan	nan	nan	1
2	2.45076146e+00	3.24258343e+00	2.54283834e+00	primer-cosmos-east-grizli-v7.0	2835	2.45000000e+01	nan	nan	nan	nan	1
2	2.45076146e+00	3.24258343e+00	2.54283834e+00	primer-cosmos-east-grizli-v7.0	2835	2.60000000e+01	nan	nan	nan	nan	1
2	2.45076146e+00	3.24258343e+00	2.54283834e+00	primer-cosmos-east-grizli-v7.0	2835	2.75000000e+01	nan	nan	nan	nan	1
2	2.45076146e+00	3.24258343e+00	2.54283834e+00	primer-cosmos-east-grizli-v7.0	2835	2.90000000e+01	nan	nan	nan	nan	1
2	2.45076146e+00	3.24258343e+00	2.54283834e+00	primer-cosmos-east-grizli-v7.0	2835	3.05000000e+01	nan	nan	nan	nan	1
2	2.45076146e+00	3.24258343e+00	2.92633915e+00	primer-cosmos-east-grizli-v7.0	5048	5.00000000e-01	2.06415365e+10	1.75818503e+00	8.51770422e-11	1.46419788e+00	1
2	2.45076146e+00	3.24258343e+00	2.92633915e+00	primer-cosmos-east-grizli-v7.0	5048	2.00000000e+00	2.42363107e+09	3.98060934e+00	1.64241554e-09	6.48770773e-01	1
2	2.45076146e+00	3.24258343e+00	2.92633915e+00	primer-cosmos-east-grizli-v7.0	5048	3.50000000e+00	2.39877213e+08	1.19809998e+00	4.99463859e-09	3.08682879e-01	1
2	2.45076146e+00	3.24258343e+00	2.92633915e+00	primer-cosmos-east-grizli-v7.0	5048	5.00000000e+00	1.26964888e+08	6.80061460e-01	5.35629551e-09	2.92717315e-01	1
2	2.45076146e+00	3.24258343e+00	2.92633915e+00	primer-cosmos-east-grizli-v7.0	5048	6.50000000e+00	8.12745765e+07	3.45752417e-01	4.25412757e-09	2.63551361e-01	1
2	2.45076146e+00	3.24258343e+00	2.92633915e+00	primer-cosmos-east-grizli-v7.0	5048	8.00000000e+00	nan	nan	nan	nan	1
2	2.45076146e+00	3.24258343e+00	2.92633915e+00	primer-cosmos-east-grizli-v7.0	5048	9.50000000e+00	nan	nan	nan	nan	1
2	2.45076146e+00	3.24258343e+00	2.92633915e+00	primer-cosmos-east-grizli-v7.0	5048	1.10000000e+01	nan	nan	nan	nan	1
2	2.45076146e+00	3.24258343e+00	2.92633915e+00	primer-cosmos-east-grizli-v7.0	5048	1.25000000e+01	nan	nan	nan	nan	1
2	2.45076146e+00	3.24258343e+00	2.92633915e+00	primer-cosmos-east-grizli-v7.0	5048	1.40000000e+01	nan	nan	nan	nan	1
2	2.45076146e+00	3.24258343e+00	2.92633915e+00	primer-cosmos-east-grizli-v7.0	5048	1.55000000e+01	nan	nan	nan	nan	1
2	2.45076146e+00	3.24258343e+00	2.92633915e+00	primer-cosmos-east-grizli-v7.0	5048	1.70000000e+01	nan	nan	nan	nan	1
2	2.45076146e+00	3.24258343e+00	2.92633915e+00	primer-cosmos-east-grizli-v7.0	5048	1.85000000e+01	nan	nan	nan	nan	1
2	2.45076146e+00	3.24258343e+00	2.92633915e+00	primer-cosmos-east-grizli-v7.0	5048	2.00000000e+01	nan	nan	nan	nan	1
2	2.45076146e+00	3.24258343e+00	2.92633915e+00	primer-cosmos-east-grizli-v7.0	5048	2.15000000e+01	nan	nan	nan	nan	1
2	2.45076146e+00	3.24258343e+00	2.92633915e+00	primer-cosmos-east-grizli-v7.0	5048	2.30000000e+01	nan	nan	nan	nan	1
2	2.45076146e+00	3.24258343e+00	2.92633915e+00	primer-cosmos-east-grizli-v7.0	5048	2.45000000e+01	nan	nan	nan	nan	1
2	2.45076146e+00	3.24258343e+00	2.92633915e+00	primer-cosmos-east-grizli-v7.0	5048	2.60000000e+01	nan	nan	nan	nan	1
2	2.45076146e+00	3.24258343e+00	2.92633915e+00	primer-cosmos-east-grizli-v7.0	5048	2.75000000e+01	nan	nan	nan	nan	1
2	2.45076146e+00	3.24258343e+00	2.92633915e+00	primer-cosmos-east-grizli-v7.0	5048	2.90000000e+01	nan	nan	nan	nan	1
2	2.45076146e+00	3.24258343e+00	2.92633915e+00	primer-cosmos-east-grizli-v7.0	5048	3.05000000e+01	nan	nan	nan	nan	1
2	2.45076146e+00	3.24258343e+00	3.00989580e+00	primer-cosmos-east-grizli-v7.0	6692	5.00000000e-01	5.75486904e+09	3.45842200e+00	6.00955812e-10	5.52071227e-01	1
2	2.45076146e+00	3.24258343e+00	3.00989580e+00	primer-cosmos-east-grizli-v7.0	6692	2.00000000e+00	1.74671693e+09	3.10873899e+00	1.77976119e-09	4.15633702e-01	1
2	2.45076146e+00	3.24258343e+00	3.00989580e+00	primer-cosmos-east-grizli-v7.0	6692	3.50000000e+00	4.49055190e+08	2.05028369e+00	4.56577217e-09	3.52980698e-01	1
2	2.45076146e+00	3.24258343e+00	3.00989580e+00	primer-cosmos-east-grizli-v7.0	6692	5.00000000e+00	2.37021064e+08	1.22533788e+00	5.16974254e-09	3.28910806e-01	1
2	2.45076146e+00	3.24258343e+00	3.00989580e+00	primer-cosmos-east-grizli-v7.0	6692	6.50000000e+00	1.69608144e+08	5.23603393e-01	3.08713591e-09	3.31371766e-01	1
2	2.45076146e+00	3.24258343e+00	3.00989580e+00	primer-cosmos-east-grizli-v7.0	6692	8.00000000e+00	nan	nan	nan	nan	1
2	2.45076146e+00	3.24258343e+00	3.00989580e+00	primer-cosmos-east-grizli-v7.0	6692	9.50000000e+00	nan	nan	nan	nan	1
2	2.45076146e+00	3.24258343e+00	3.00989580e+00	primer-cosmos-east-grizli-v7.0	6692	1.10000000e+01	nan	nan	nan	nan	1
2	2.45076146e+00	3.24258343e+00	3.00989580e+00	primer-cosmos-east-grizli-v7.0	6692	1.25000000e+01	nan	nan	nan	nan	1
2	2.45076146e+00	3.24258343e+00	3.00989580e+00	primer-cosmos-east-grizli-v7.0	6692	1.40000000e+01	nan	nan	nan	nan	1
2	2.45076146e+00	3.24258343e+00	3.00989580e+00	primer-cosmos-east-grizli-v7.0	6692	1.55000000e+01	nan	nan	nan	nan	1
2	2.45076146e+00	3.24258343e+00	3.00989580e+00	primer-cosmos-east-grizli-v7.0	6692	1.70000000e+01	nan	nan	nan	nan	1
2	2.45076146e+00	3.24258343e+00	3.00989580e+00	primer-cosmos-east-grizli-v7.0	6692	1.85000000e+01	nan	nan	nan	nan	1
2	2.45076146e+00	3.24258343e+00	3.00989580e+00	primer-cosmos-east-grizli-v7.0	6692	2.00000000e+01	nan	nan	nan	nan	1
2	2.45076146e+00	3.24258343e+00	3.00989580e+00	primer-cosmos-east-grizli-v7.0	6692	2.15000000e+01	nan	nan	nan	nan	1
2	2.45076146e+00	3.24258343e+00	3.00989580e+00	primer-cosmos-east-grizli-v7.0	6692	2.30000000e+01	nan	nan	nan	nan	1
2	2.45076146e+00	3.24258343e+00	3.00989580e+00	primer-cosmos-east-grizli-v7.0	6692	2.45000000e+01	nan	nan	nan	nan	1
2	2.45076146e+00	3.24258343e+00	3.00989580e+00	primer-cosmos-east-grizli-v7.0	6692	2.60000000e+01	nan	nan	nan	nan	1
2	2.45076146e+00	3.24258343e+00	3.00989580e+00	primer-cosmos-east-grizli-v7.0	6692	2.75000000e+01	nan	nan	nan	nan	1
2	2.45076146e+00	3.24258343e+00	3.00989580e+00	primer-cosmos-east-grizli-v7.0	6692	2.90000000e+01	nan	nan	nan	nan	1
2	2.45076146e+00	3.24258343e+00	3.00989580e+00	primer-cosmos-east-grizli-v7.0	6692	3.05000000e+01	nan	nan	nan	nan	1
2	2.45076146e+00	3.24258343e+00	2.68760991e+00	primer-cosmos-east-grizli-v7.0	29579	5.00000000e-01	1.10938906e+10	9.43256876e-01	8.50248944e-11	1.56764672e+00	1
2	2.45076146e+00	3.24258343e+00	2.68760991e+00	primer-cosmos-east-grizli-v7.0	29579	2.00000000e+00	2.91625414e+09	1.53542957e+00	5.26507462e-10	8.75372373e-01	1
2	2.45076146e+00	3.24258343e+00	2.68760991e+00	primer-cosmos-east-grizli-v7.0	29579	3.50000000e+00	3.19474783e+08	5.49630927e-01	1.72042038e-09	4.90764972e-01	1
2	2.45076146e+00	3.24258343e+00	2.68760991e+00	primer-cosmos-east-grizli-v7.0	29579	5.00000000e+00	1.01092227e+08	2.14991368e-01	2.12668546e-09	4.52166503e-01	1
2	2.45076146e+00	3.24258343e+00	2.68760991e+00	primer-cosmos-east-grizli-v7.0	29579	6.50000000e+00	3.71087609e+07	1.03784054e-01	2.79675341e-09	4.37283359e-01	1
2	2.45076146e+00	3.24258343e+00	2.68760991e+00	primer-cosmos-east-grizli-v7.0	29579	8.00000000e+00	2.23837061e+07	6.64062111e-02	2.96672100e-09	4.08537050e-01	1
2	2.45076146e+00	3.24258343e+00	2.68760991e+00	primer-cosmos-east-grizli-v7.0	29579	9.50000000e+00	nan	nan	nan	nan	1
2	2.45076146e+00	3.24258343e+00	2.68760991e+00	primer-cosmos-east-grizli-v7.0	29579	1.10000000e+01	nan	nan	nan	nan	1
2	2.45076146e+00	3.24258343e+00	2.68760991e+00	primer-cosmos-east-grizli-v7.0	29579	1.25000000e+01	nan	nan	nan	nan	1
2	2.45076146e+00	3.24258343e+00	2.68760991e+00	primer-cosmos-east-grizli-v7.0	29579	1.40000000e+01	nan	nan	nan	nan	1
2	2.45076146e+00	3.24258343e+00	2.68760991e+00	primer-cosmos-east-grizli-v7.0	29579	1.55000000e+01	nan	nan	nan	nan	1
2	2.45076146e+00	3.24258343e+00	2.68760991e+00	primer-cosmos-east-grizli-v7.0	29579	1.70000000e+01	nan	nan	nan	nan	1
2	2.45076146e+00	3.24258343e+00	2.68760991e+00	primer-cosmos-east-grizli-v7.0	29579	1.85000000e+01	nan	nan	nan	nan	1
2	2.45076146e+00	3.24258343e+00	2.68760991e+00	primer-cosmos-east-grizli-v7.0	29579	2.00000000e+01	nan	nan	nan	nan	1
2	2.45076146e+00	3.24258343e+00	2.68760991e+00	primer-cosmos-east-grizli-v7.0	29579	2.15000000e+01	nan	nan	nan	nan	1
2	2.45076146e+00	3.24258343e+00	2.68760991e+00	primer-cosmos-east-grizli-v7.0	29579	2.30000000e+01	nan	nan	nan	nan	1
2	2.45076146e+00	3.24258343e+00	2.68760991e+00	primer-cosmos-east-grizli-v7.0	29579	2.45000000e+01	nan	nan	nan	nan	1
2	2.45076146e+00	3.24258343e+00	2.68760991e+00	primer-cosmos-east-grizli-v7.0	29579	2.60000000e+01	nan	nan	nan	nan	1
2	2.45076146e+00	3.24258343e+00	2.68760991e+00	primer-cosmos-east-grizli-v7.0	29579	2.75000000e+01	nan	nan	nan	nan	1
2	2.45076146e+00	3.24258343e+00	2.68760991e+00	primer-cosmos-east-grizli-v7.0	29579	2.90000000e+01	nan	nan	nan	nan	1
2	2.45076146e+00	3.24258343e+00	2.68760991e+00	primer-cosmos-east-grizli-v7.0	29579	3.05000000e+01	nan	nan	nan	nan	1
2	2.45076146e+00	3.24258343e+00	2.51321006e+00	primer-cosmos-east-grizli-v7.0	51202	5.00000000e-01	6.96295809e+09	2.37051457e+00	3.40446480e-10	1.04934913e+00	1
2	2.45076146e+00	3.24258343e+00	2.51321006e+00	primer-cosmos-east-grizli-v7.0	51202	2.00000000e+00	2.92058717e+09	3.22940245e+00	1.10573739e-09	6.88011996e-01	1
2	2.45076146e+00	3.24258343e+00	2.51321006e+00	primer-cosmos-east-grizli-v7.0	51202	3.50000000e+00	7.10952122e+08	1.34730395e+00	1.89506987e-09	5.99248569e-01	1
2	2.45076146e+00	3.24258343e+00	2.51321006e+00	primer-cosmos-east-grizli-v7.0	51202	5.00000000e+00	1.67005065e+08	3.26411300e-01	1.95449940e-09	5.93950323e-01	1
2	2.45076146e+00	3.24258343e+00	2.51321006e+00	primer-cosmos-east-grizli-v7.0	51202	6.50000000e+00	4.42216331e+07	1.47415188e-01	3.33355368e-09	5.22644621e-01	1
2	2.45076146e+00	3.24258343e+00	2.51321006e+00	primer-cosmos-east-grizli-v7.0	51202	8.00000000e+00	2.69416816e+07	1.15376801e-01	4.28246471e-09	4.53774766e-01	1
2	2.45076146e+00	3.24258343e+00	2.51321006e+00	primer-cosmos-east-grizli-v7.0	51202	9.50000000e+00	nan	nan	nan	nan	1
2	2.45076146e+00	3.24258343e+00	2.51321006e+00	primer-cosmos-east-grizli-v7.0	51202	1.10000000e+01	nan	nan	nan	nan	1
2	2.45076146e+00	3.24258343e+00	2.51321006e+00	primer-cosmos-east-grizli-v7.0	51202	1.25000000e+01	nan	nan	nan	nan	1
2	2.45076146e+00	3.24258343e+00	2.51321006e+00	primer-cosmos-east-grizli-v7.0	51202	1.40000000e+01	nan	nan	nan	nan	1
2	2.45076146e+00	3.24258343e+00	2.51321006e+00	primer-cosmos-east-grizli-v7.0	51202	1.55000000e+01	nan	nan	nan	nan	1
2	2.45076146e+00	3.24258343e+00	2.51321006e+00	primer-cosmos-east-grizli-v7.0	51202	1.70000000e+01	nan	nan	nan	nan	1
2	2.45076146e+00	3.24258343e+00	2.51321006e+00	primer-cosmos-east-grizli-v7.0	51202	1.85000000e+01	nan	nan	nan	nan	1
2	2.45076146e+00	3.24258343e+00	2.51321006e+00	primer-cosmos-east-grizli-v7.0	51202	2.00000000e+01	nan	nan	nan	nan	1
2	2.45076146e+00	3.24258343e+00	2.51321006e+00	primer-cosmos-east-grizli-v7.0	51202	2.15000000e+01	nan	nan	nan	nan	1
2	2.45076146e+00	3.24258343e+00	2.51321006e+00	primer-cosmos-east-grizli-v7.0	51202	2.30000000e+01	nan	nan	nan	nan	1
2	2.45076146e+00	3.24258343e+00	2.51321006e+00	primer-cosmos-east-grizli-v7.0	51202	2.45000000e+01	nan	nan	nan	nan	1
2	2.45076146e+00	3.24258343e+00	2.51321006e+00	primer-cosmos-east-grizli-v7.0	51202	2.60000000e+01	nan	nan	nan	nan	1
2	2.45076146e+00	3.24258343e+00	2.51321006e+00	primer-cosmos-east-grizli-v7.0	51202	2.75000000e+01	nan	nan	nan	nan	1
2	2.45076146e+00	3.24258343e+00	2.51321006e+00	primer-cosmos-east-grizli-v7.0	51202	2.90000000e+01	nan	nan	nan	nan	1
2	2.45076146e+00	3.24258343e+00	2.51321006e+00	primer-cosmos-east-grizli-v7.0	51202	3.05000000e+01	nan	nan	nan	nan	1
2	2.45076146e+00	3.24258343e+00	2.86321855e+00	primer-cosmos-west-grizli-v7.0	7645	5.00000000e-01	7.21555426e+09	1.00093482e+01	1.38719049e-09	4.15255455e-01	1
2	2.45076146e+00	3.24258343e+00	2.86321855e+00	primer-cosmos-west-grizli-v7.0	7645	2.00000000e+00	1.45121892e+09	3.51634413e+00	2.42302804e-09	3.53951086e-01	1
2	2.45076146e+00	3.24258343e+00	2.86321855e+00	primer-cosmos-west-grizli-v7.0	7645	3.50000000e+00	1.67420949e+08	5.63984643e-01	3.36866233e-09	3.38423929e-01	1
2	2.45076146e+00	3.24258343e+00	2.86321855e+00	primer-cosmos-west-grizli-v7.0	7645	5.00000000e+00	7.23330307e+07	2.67373747e-01	3.69642671e-09	3.37987995e-01	1
2	2.45076146e+00	3.24258343e+00	2.86321855e+00	primer-cosmos-west-grizli-v7.0	7645	6.50000000e+00	5.47403459e+07	7.06314235e-01	1.29029918e-08	3.37159436e-01	1
2	2.45076146e+00	3.24258343e+00	2.86321855e+00	primer-cosmos-west-grizli-v7.0	7645	8.00000000e+00	nan	nan	nan	nan	1
2	2.45076146e+00	3.24258343e+00	2.86321855e+00	primer-cosmos-west-grizli-v7.0	7645	9.50000000e+00	nan	nan	nan	nan	1
2	2.45076146e+00	3.24258343e+00	2.86321855e+00	primer-cosmos-west-grizli-v7.0	7645	1.10000000e+01	nan	nan	nan	nan	1
2	2.45076146e+00	3.24258343e+00	2.86321855e+00	primer-cosmos-west-grizli-v7.0	7645	1.25000000e+01	nan	nan	nan	nan	1
2	2.45076146e+00	3.24258343e+00	2.86321855e+00	primer-cosmos-west-grizli-v7.0	7645	1.40000000e+01	nan	nan	nan	nan	1
2	2.45076146e+00	3.24258343e+00	2.86321855e+00	primer-cosmos-west-grizli-v7.0	7645	1.55000000e+01	nan	nan	nan	nan	1
2	2.45076146e+00	3.24258343e+00	2.86321855e+00	primer-cosmos-west-grizli-v7.0	7645	1.70000000e+01	nan	nan	nan	nan	1
2	2.45076146e+00	3.24258343e+00	2.86321855e+00	primer-cosmos-west-grizli-v7.0	7645	1.85000000e+01	nan	nan	nan	nan	1
2	2.45076146e+00	3.24258343e+00	2.86321855e+00	primer-cosmos-west-grizli-v7.0	7645	2.00000000e+01	nan	nan	nan	nan	1
2	2.45076146e+00	3.24258343e+00	2.86321855e+00	primer-cosmos-west-grizli-v7.0	7645	2.15000000e+01	nan	nan	nan	nan	1
2	2.45076146e+00	3.24258343e+00	2.86321855e+00	primer-cosmos-west-grizli-v7.0	7645	2.30000000e+01	nan	nan	nan	nan	1
2	2.45076146e+00	3.24258343e+00	2.86321855e+00	primer-cosmos-west-grizli-v7.0	7645	2.45000000e+01	nan	nan	nan	nan	1
2	2.45076146e+00	3.24258343e+00	2.86321855e+00	primer-cosmos-west-grizli-v7.0	7645	2.60000000e+01	nan	nan	nan	nan	1
2	2.45076146e+00	3.24258343e+00	2.86321855e+00	primer-cosmos-west-grizli-v7.0	7645	2.75000000e+01	nan	nan	nan	nan	1
2	2.45076146e+00	3.24258343e+00	2.86321855e+00	primer-cosmos-west-grizli-v7.0	7645	2.90000000e+01	nan	nan	nan	nan	1
2	2.45076146e+00	3.24258343e+00	2.86321855e+00	primer-cosmos-west-grizli-v7.0	7645	3.05000000e+01	nan	nan	nan	nan	1
2	2.45076146e+00	3.24258343e+00	2.50252438e+00	primer-cosmos-west-grizli-v7.0	11009	5.00000000e-01	9.93097723e+09	4.58671797e-01	4.61859681e-11	1.54271804e+00	1
2	2.45076146e+00	3.24258343e+00	2.50252438e+00	primer-cosmos-west-grizli-v7.0	11009	2.00000000e+00	3.24844997e+09	1.08479110e+00	3.33941144e-10	1.29291338e+00	1
2	2.45076146e+00	3.24258343e+00	2.50252438e+00	primer-cosmos-west-grizli-v7.0	11009	3.50000000e+00	8.27880047e+08	1.47102713e+00	1.77686023e-09	5.97270159e-01	1
2	2.45076146e+00	3.24258343e+00	2.50252438e+00	primer-cosmos-west-grizli-v7.0	11009	5.00000000e+00	3.35644348e+08	2.15854909e+00	6.43106045e-09	5.09265153e-01	1
2	2.45076146e+00	3.24258343e+00	2.50252438e+00	primer-cosmos-west-grizli-v7.0	11009	6.50000000e+00	1.20299602e+08	1.71522285e+00	1.42579262e-08	5.00127905e-01	1
2	2.45076146e+00	3.24258343e+00	2.50252438e+00	primer-cosmos-west-grizli-v7.0	11009	8.00000000e+00	5.87296693e+07	1.91531036e+00	3.26123131e-08	4.81178133e-01	1
2	2.45076146e+00	3.24258343e+00	2.50252438e+00	primer-cosmos-west-grizli-v7.0	11009	9.50000000e+00	nan	nan	nan	nan	1
2	2.45076146e+00	3.24258343e+00	2.50252438e+00	primer-cosmos-west-grizli-v7.0	11009	1.10000000e+01	nan	nan	nan	nan	1
2	2.45076146e+00	3.24258343e+00	2.50252438e+00	primer-cosmos-west-grizli-v7.0	11009	1.25000000e+01	nan	nan	nan	nan	1
2	2.45076146e+00	3.24258343e+00	2.50252438e+00	primer-cosmos-west-grizli-v7.0	11009	1.40000000e+01	nan	nan	nan	nan	1
2	2.45076146e+00	3.24258343e+00	2.50252438e+00	primer-cosmos-west-grizli-v7.0	11009	1.55000000e+01	nan	nan	nan	nan	1
2	2.45076146e+00	3.24258343e+00	2.50252438e+00	primer-cosmos-west-grizli-v7.0	11009	1.70000000e+01	nan	nan	nan	nan	1
2	2.45076146e+00	3.24258343e+00	2.50252438e+00	primer-cosmos-west-grizli-v7.0	11009	1.85000000e+01	nan	nan	nan	nan	1
2	2.45076146e+00	3.24258343e+00	2.50252438e+00	primer-cosmos-west-grizli-v7.0	11009	2.00000000e+01	nan	nan	nan	nan	1
2	2.45076146e+00	3.24258343e+00	2.50252438e+00	primer-cosmos-west-grizli-v7.0	11009	2.15000000e+01	nan	nan	nan	nan	1
2	2.45076146e+00	3.24258343e+00	2.50252438e+00	primer-cosmos-west-grizli-v7.0	11009	2.30000000e+01	nan	nan	nan	nan	1
2	2.45076146e+00	3.24258343e+00	2.50252438e+00	primer-cosmos-west-grizli-v7.0	11009	2.45000000e+01	nan	nan	nan	nan	1
2	2.45076146e+00	3.24258343e+00	2.50252438e+00	primer-cosmos-west-grizli-v7.0	11009	2.60000000e+01	nan	nan	nan	nan	1
2	2.45076146e+00	3.24258343e+00	2.50252438e+00	primer-cosmos-west-grizli-v7.0	11009	2.75000000e+01	nan	nan	nan	nan	1
2	2.45076146e+00	3.24258343e+00	2.50252438e+00	primer-cosmos-west-grizli-v7.0	11009	2.90000000e+01	nan	nan	nan	nan	1
2	2.45076146e+00	3.24258343e+00	2.50252438e+00	primer-cosmos-west-grizli-v7.0	11009	3.05000000e+01	nan	nan	nan	nan	1
2	2.45076146e+00	3.24258343e+00	2.86500001e+00	primer-cosmos-west-grizli-v7.0	23593	5.00000000e-01	2.74934849e+10	2.31128222e+00	8.40665426e-11	1.20807105e+00	1
2	2.45076146e+00	3.24258343e+00	2.86500001e+00	primer-cosmos-west-grizli-v7.0	23593	2.00000000e+00	7.43614555e+09	2.91810926e+00	3.92422290e-10	8.89739072e-01	1
2	2.45076146e+00	3.24258343e+00	2.86500001e+00	primer-cosmos-west-grizli-v7.0	23593	3.50000000e+00	1.08492373e+09	1.76985756e+00	1.63131979e-09	4.64253893e-01	1
2	2.45076146e+00	3.24258343e+00	2.86500001e+00	primer-cosmos-west-grizli-v7.0	23593	5.00000000e+00	2.44487076e+08	6.17487505e-01	2.52564477e-09	3.79866034e-01	1
2	2.45076146e+00	3.24258343e+00	2.86500001e+00	primer-cosmos-west-grizli-v7.0	23593	6.50000000e+00	9.44713101e+07	3.17280510e-01	3.35848534e-09	3.65882538e-01	1
2	2.45076146e+00	3.24258343e+00	2.86500001e+00	primer-cosmos-west-grizli-v7.0	23593	8.00000000e+00	6.47128244e+07	2.03172880e-01	3.13960767e-09	3.56682997e-01	1
2	2.45076146e+00	3.24258343e+00	2.86500001e+00	primer-cosmos-west-grizli-v7.0	23593	9.50000000e+00	4.82539582e+07	1.54698824e-01	3.20593025e-09	3.39789107e-01	1
2	2.45076146e+00	3.24258343e+00	2.86500001e+00	primer-cosmos-west-grizli-v7.0	23593	1.10000000e+01	3.19175947e+07	1.52210745e-01	4.76886641e-09	3.47823527e-01	1
2	2.45076146e+00	3.24258343e+00	2.86500001e+00	primer-cosmos-west-grizli-v7.0	23593	1.25000000e+01	nan	nan	nan	nan	1
2	2.45076146e+00	3.24258343e+00	2.86500001e+00	primer-cosmos-west-grizli-v7.0	23593	1.40000000e+01	nan	nan	nan	nan	1
2	2.45076146e+00	3.24258343e+00	2.86500001e+00	primer-cosmos-west-grizli-v7.0	23593	1.55000000e+01	nan	nan	nan	nan	1
2	2.45076146e+00	3.24258343e+00	2.86500001e+00	primer-cosmos-west-grizli-v7.0	23593	1.70000000e+01	nan	nan	nan	nan	1
2	2.45076146e+00	3.24258343e+00	2.86500001e+00	primer-cosmos-west-grizli-v7.0	23593	1.85000000e+01	nan	nan	nan	nan	1
2	2.45076146e+00	3.24258343e+00	2.86500001e+00	primer-cosmos-west-grizli-v7.0	23593	2.00000000e+01	nan	nan	nan	nan	1
2	2.45076146e+00	3.24258343e+00	2.86500001e+00	primer-cosmos-west-grizli-v7.0	23593	2.15000000e+01	nan	nan	nan	nan	1
2	2.45076146e+00	3.24258343e+00	2.86500001e+00	primer-cosmos-west-grizli-v7.0	23593	2.30000000e+01	nan	nan	nan	nan	1
2	2.45076146e+00	3.24258343e+00	2.86500001e+00	primer-cosmos-west-grizli-v7.0	23593	2.45000000e+01	nan	nan	nan	nan	1
2	2.45076146e+00	3.24258343e+00	2.86500001e+00	primer-cosmos-west-grizli-v7.0	23593	2.60000000e+01	nan	nan	nan	nan	1
2	2.45076146e+00	3.24258343e+00	2.86500001e+00	primer-cosmos-west-grizli-v7.0	23593	2.75000000e+01	nan	nan	nan	nan	1
2	2.45076146e+00	3.24258343e+00	2.86500001e+00	primer-cosmos-west-grizli-v7.0	23593	2.90000000e+01	nan	nan	nan	nan	1
2	2.45076146e+00	3.24258343e+00	2.86500001e+00	primer-cosmos-west-grizli-v7.0	23593	3.05000000e+01	nan	nan	nan	nan	1
2	2.45076146e+00	3.24258343e+00	2.76957273e+00	primer-cosmos-west-grizli-v7.0	23594	5.00000000e-01	1.01558225e+10	7.22925278e-01	7.11833316e-11	1.18445173e+00	1
2	2.45076146e+00	3.24258343e+00	2.76957273e+00	primer-cosmos-west-grizli-v7.0	23594	2.00000000e+00	2.80695756e+09	2.37468134e+00	8.45998308e-10	6.16564707e-01	1
2	2.45076146e+00	3.24258343e+00	2.76957273e+00	primer-cosmos-west-grizli-v7.0	23594	3.50000000e+00	9.37499216e+08	1.22749320e+00	1.30932718e-09	4.51430181e-01	1
2	2.45076146e+00	3.24258343e+00	2.76957273e+00	primer-cosmos-west-grizli-v7.0	23594	5.00000000e+00	4.88389675e+08	6.90208499e-01	1.41323319e-09	4.25244257e-01	1
2	2.45076146e+00	3.24258343e+00	2.76957273e+00	primer-cosmos-west-grizli-v7.0	23594	6.50000000e+00	1.07653785e+08	2.13444426e-01	1.98269318e-09	3.77645424e-01	1
2	2.45076146e+00	3.24258343e+00	2.76957273e+00	primer-cosmos-west-grizli-v7.0	23594	8.00000000e+00	5.34805507e+07	1.90893238e-01	3.56939553e-09	3.70743465e-01	1
2	2.45076146e+00	3.24258343e+00	2.76957273e+00	primer-cosmos-west-grizli-v7.0	23594	9.50000000e+00	4.03147822e+07	1.32051422e-01	3.27550875e-09	3.76362682e-01	1
2	2.45076146e+00	3.24258343e+00	2.76957273e+00	primer-cosmos-west-grizli-v7.0	23594	1.10000000e+01	nan	nan	nan	nan	1
2	2.45076146e+00	3.24258343e+00	2.76957273e+00	primer-cosmos-west-grizli-v7.0	23594	1.25000000e+01	nan	nan	nan	nan	1
2	2.45076146e+00	3.24258343e+00	2.76957273e+00	primer-cosmos-west-grizli-v7.0	23594	1.40000000e+01	nan	nan	nan	nan	1
2	2.45076146e+00	3.24258343e+00	2.76957273e+00	primer-cosmos-west-grizli-v7.0	23594	1.55000000e+01	nan	nan	nan	nan	1
2	2.45076146e+00	3.24258343e+00	2.76957273e+00	primer-cosmos-west-grizli-v7.0	23594	1.70000000e+01	nan	nan	nan	nan	1
2	2.45076146e+00	3.24258343e+00	2.76957273e+00	primer-cosmos-west-grizli-v7.0	23594	1.85000000e+01	nan	nan	nan	nan	1
2	2.45076146e+00	3.24258343e+00	2.76957273e+00	primer-cosmos-west-grizli-v7.0	23594	2.00000000e+01	nan	nan	nan	nan	1
2	2.45076146e+00	3.24258343e+00	2.76957273e+00	primer-cosmos-west-grizli-v7.0	23594	2.15000000e+01	nan	nan	nan	nan	1
2	2.45076146e+00	3.24258343e+00	2.76957273e+00	primer-cosmos-west-grizli-v7.0	23594	2.30000000e+01	nan	nan	nan	nan	1
2	2.45076146e+00	3.24258343e+00	2.76957273e+00	primer-cosmos-west-grizli-v7.0	23594	2.45000000e+01	nan	nan	nan	nan	1
2	2.45076146e+00	3.24258343e+00	2.76957273e+00	primer-cosmos-west-grizli-v7.0	23594	2.60000000e+01	nan	nan	nan	nan	1
2	2.45076146e+00	3.24258343e+00	2.76957273e+00	primer-cosmos-west-grizli-v7.0	23594	2.75000000e+01	nan	nan	nan	nan	1
2	2.45076146e+00	3.24258343e+00	2.76957273e+00	primer-cosmos-west-grizli-v7.0	23594	2.90000000e+01	nan	nan	nan	nan	1
2	2.45076146e+00	3.24258343e+00	2.76957273e+00	primer-cosmos-west-grizli-v7.0	23594	3.05000000e+01	nan	nan	nan	nan	1
2	2.45076146e+00	3.24258343e+00	2.45202899e+00	primer-cosmos-west-grizli-v7.0	35275	5.00000000e-01	1.11701521e+10	1.11541509e-01	9.98567504e-12	1.48699704e+00	1
2	2.45076146e+00	3.24258343e+00	2.45202899e+00	primer-cosmos-west-grizli-v7.0	35275	2.00000000e+00	2.40879156e+09	2.51963191e-02	1.04601492e-11	1.45394852e+00	1
2	2.45076146e+00	3.24258343e+00	2.45202899e+00	primer-cosmos-west-grizli-v7.0	35275	3.50000000e+00	3.65178563e+08	4.32266722e-02	1.18371330e-10	1.20396456e+00	1
2	2.45076146e+00	3.24258343e+00	2.45202899e+00	primer-cosmos-west-grizli-v7.0	35275	5.00000000e+00	1.32040740e+08	8.42779887e-02	6.38272618e-10	9.10624402e-01	1
2	2.45076146e+00	3.24258343e+00	2.45202899e+00	primer-cosmos-west-grizli-v7.0	35275	6.50000000e+00	3.94946958e+07	1.11526685e-01	2.82383957e-09	7.74469532e-01	1
2	2.45076146e+00	3.24258343e+00	2.45202899e+00	primer-cosmos-west-grizli-v7.0	35275	8.00000000e+00	nan	nan	nan	nan	1
2	2.45076146e+00	3.24258343e+00	2.45202899e+00	primer-cosmos-west-grizli-v7.0	35275	9.50000000e+00	nan	nan	nan	nan	1
2	2.45076146e+00	3.24258343e+00	2.45202899e+00	primer-cosmos-west-grizli-v7.0	35275	1.10000000e+01	nan	nan	nan	nan	1
2	2.45076146e+00	3.24258343e+00	2.45202899e+00	primer-cosmos-west-grizli-v7.0	35275	1.25000000e+01	nan	nan	nan	nan	1
2	2.45076146e+00	3.24258343e+00	2.45202899e+00	primer-cosmos-west-grizli-v7.0	35275	1.40000000e+01	nan	nan	nan	nan	1
2	2.45076146e+00	3.24258343e+00	2.45202899e+00	primer-cosmos-west-grizli-v7.0	35275	1.55000000e+01	nan	nan	nan	nan	1
2	2.45076146e+00	3.24258343e+00	2.45202899e+00	primer-cosmos-west-grizli-v7.0	35275	1.70000000e+01	nan	nan	nan	nan	1
2	2.45076146e+00	3.24258343e+00	2.45202899e+00	primer-cosmos-west-grizli-v7.0	35275	1.85000000e+01	nan	nan	nan	nan	1
2	2.45076146e+00	3.24258343e+00	2.45202899e+00	primer-cosmos-west-grizli-v7.0	35275	2.00000000e+01	nan	nan	nan	nan	1
2	2.45076146e+00	3.24258343e+00	2.45202899e+00	primer-cosmos-west-grizli-v7.0	35275	2.15000000e+01	nan	nan	nan	nan	1
2	2.45076146e+00	3.24258343e+00	2.45202899e+00	primer-cosmos-west-grizli-v7.0	35275	2.30000000e+01	nan	nan	nan	nan	1
2	2.45076146e+00	3.24258343e+00	2.45202899e+00	primer-cosmos-west-grizli-v7.0	35275	2.45000000e+01	nan	nan	nan	nan	1
2	2.45076146e+00	3.24258343e+00	2.45202899e+00	primer-cosmos-west-grizli-v7.0	35275	2.60000000e+01	nan	nan	nan	nan	1
2	2.45076146e+00	3.24258343e+00	2.45202899e+00	primer-cosmos-west-grizli-v7.0	35275	2.75000000e+01	nan	nan	nan	nan	1
2	2.45076146e+00	3.24258343e+00	2.45202899e+00	primer-cosmos-west-grizli-v7.0	35275	2.90000000e+01	nan	nan	nan	nan	1
2	2.45076146e+00	3.24258343e+00	2.45202899e+00	primer-cosmos-west-grizli-v7.0	35275	3.05000000e+01	nan	nan	nan	nan	1
2	2.45076146e+00	3.24258343e+00	2.55539703e+00	primer-cosmos-west-grizli-v7.0	45574	5.00000000e-01	7.35655589e+09	2.06462282e-01	2.80650735e-11	1.18780713e+00	1
2	2.45076146e+00	3.24258343e+00	2.55539703e+00	primer-cosmos-west-grizli-v7.0	45574	2.00000000e+00	3.57777208e+09	2.85428153e+00	7.97781823e-10	7.89581507e-01	1
2	2.45076146e+00	3.24258343e+00	2.55539703e+00	primer-cosmos-west-grizli-v7.0	45574	3.50000000e+00	1.20593124e+09	1.90506491e+00	1.57974588e-09	6.22467520e-01	1
2	2.45076146e+00	3.24258343e+00	2.55539703e+00	primer-cosmos-west-grizli-v7.0	45574	5.00000000e+00	4.21550021e+08	9.12885935e-01	2.16554594e-09	5.50279177e-01	1
2	2.45076146e+00	3.24258343e+00	2.55539703e+00	primer-cosmos-west-grizli-v7.0	45574	6.50000000e+00	1.37710629e+08	5.50844364e-01	4.00001342e-09	5.26532861e-01	1
2	2.45076146e+00	3.24258343e+00	2.55539703e+00	primer-cosmos-west-grizli-v7.0	45574	8.00000000e+00	5.12475204e+07	2.25911041e-01	4.40823360e-09	4.43701548e-01	1
2	2.45076146e+00	3.24258343e+00	2.55539703e+00	primer-cosmos-west-grizli-v7.0	45574	9.50000000e+00	3.02904584e+07	2.62474102e-01	8.66524034e-09	4.49780923e-01	1
2	2.45076146e+00	3.24258343e+00	2.55539703e+00	primer-cosmos-west-grizli-v7.0	45574	1.10000000e+01	nan	nan	nan	nan	1
2	2.45076146e+00	3.24258343e+00	2.55539703e+00	primer-cosmos-west-grizli-v7.0	45574	1.25000000e+01	nan	nan	nan	nan	1
2	2.45076146e+00	3.24258343e+00	2.55539703e+00	primer-cosmos-west-grizli-v7.0	45574	1.40000000e+01	nan	nan	nan	nan	1
2	2.45076146e+00	3.24258343e+00	2.55539703e+00	primer-cosmos-west-grizli-v7.0	45574	1.55000000e+01	nan	nan	nan	nan	1
2	2.45076146e+00	3.24258343e+00	2.55539703e+00	primer-cosmos-west-grizli-v7.0	45574	1.70000000e+01	nan	nan	nan	nan	1
2	2.45076146e+00	3.24258343e+00	2.55539703e+00	primer-cosmos-west-grizli-v7.0	45574	1.85000000e+01	nan	nan	nan	nan	1
2	2.45076146e+00	3.24258343e+00	2.55539703e+00	primer-cosmos-west-grizli-v7.0	45574	2.00000000e+01	nan	nan	nan	nan	1
2	2.45076146e+00	3.24258343e+00	2.55539703e+00	primer-cosmos-west-grizli-v7.0	45574	2.15000000e+01	nan	nan	nan	nan	1
2	2.45076146e+00	3.24258343e+00	2.55539703e+00	primer-cosmos-west-grizli-v7.0	45574	2.30000000e+01	nan	nan	nan	nan	1
2	2.45076146e+00	3.24258343e+00	2.55539703e+00	primer-cosmos-west-grizli-v7.0	45574	2.45000000e+01	nan	nan	nan	nan	1
2	2.45076146e+00	3.24258343e+00	2.55539703e+00	primer-cosmos-west-grizli-v7.0	45574	2.60000000e+01	nan	nan	nan	nan	1
2	2.45076146e+00	3.24258343e+00	2.55539703e+00	primer-cosmos-west-grizli-v7.0	45574	2.75000000e+01	nan	nan	nan	nan	1
2	2.45076146e+00	3.24258343e+00	2.55539703e+00	primer-cosmos-west-grizli-v7.0	45574	2.90000000e+01	nan	nan	nan	nan	1
2	2.45076146e+00	3.24258343e+00	2.55539703e+00	primer-cosmos-west-grizli-v7.0	45574	3.05000000e+01	nan	nan	nan	nan	1
2	2.45076146e+00	3.24258343e+00	2.47150350e+00	primer-cosmos-west-grizli-v7.0	47098	5.00000000e-01	1.28977967e+10	5.06777187e-02	3.92917643e-12	1.87930050e+00	1
2	2.45076146e+00	3.24258343e+00	2.47150350e+00	primer-cosmos-west-grizli-v7.0	47098	2.00000000e+00	3.18571419e+09	2.13274215e-02	6.69470649e-12	1.69990331e+00	1
2	2.45076146e+00	3.24258343e+00	2.47150350e+00	primer-cosmos-west-grizli-v7.0	47098	3.50000000e+00	6.90288402e+08	1.42133226e-01	2.05904120e-10	1.36557362e+00	1
2	2.45076146e+00	3.24258343e+00	2.47150350e+00	primer-cosmos-west-grizli-v7.0	47098	5.00000000e+00	2.82509171e+08	1.32422881e-01	4.68738345e-10	1.32114004e+00	1
2	2.45076146e+00	3.24258343e+00	2.47150350e+00	primer-cosmos-west-grizli-v7.0	47098	6.50000000e+00	1.18345797e+08	1.14265138e-01	9.65519189e-10	1.28907596e+00	1
2	2.45076146e+00	3.24258343e+00	2.47150350e+00	primer-cosmos-west-grizli-v7.0	47098	8.00000000e+00	7.35813390e+07	1.08224467e-01	1.47081405e-09	1.26696563e+00	1
2	2.45076146e+00	3.24258343e+00	2.47150350e+00	primer-cosmos-west-grizli-v7.0	47098	9.50000000e+00	5.91465248e+07	5.62932481e-02	9.51759183e-10	1.26408501e+00	1
2	2.45076146e+00	3.24258343e+00	2.47150350e+00	primer-cosmos-west-grizli-v7.0	47098	1.10000000e+01	nan	nan	nan	nan	1
2	2.45076146e+00	3.24258343e+00	2.47150350e+00	primer-cosmos-west-grizli-v7.0	47098	1.25000000e+01	nan	nan	nan	nan	1
2	2.45076146e+00	3.24258343e+00	2.47150350e+00	primer-cosmos-west-grizli-v7.0	47098	1.40000000e+01	nan	nan	nan	nan	1
2	2.45076146e+00	3.24258343e+00	2.47150350e+00	primer-cosmos-west-grizli-v7.0	47098	1.55000000e+01	nan	nan	nan	nan	1
2	2.45076146e+00	3.24258343e+00	2.47150350e+00	primer-cosmos-west-grizli-v7.0	47098	1.70000000e+01	nan	nan	nan	nan	1
2	2.45076146e+00	3.24258343e+00	2.47150350e+00	primer-cosmos-west-grizli-v7.0	47098	1.85000000e+01	nan	nan	nan	nan	1
2	2.45076146e+00	3.24258343e+00	2.47150350e+00	primer-cosmos-west-grizli-v7.0	47098	2.00000000e+01	nan	nan	nan	nan	1
2	2.45076146e+00	3.24258343e+00	2.47150350e+00	primer-cosmos-west-grizli-v7.0	47098	2.15000000e+01	nan	nan	nan	nan	1
2	2.45076146e+00	3.24258343e+00	2.47150350e+00	primer-cosmos-west-grizli-v7.0	47098	2.30000000e+01	nan	nan	nan	nan	1
2	2.45076146e+00	3.24258343e+00	2.47150350e+00	primer-cosmos-west-grizli-v7.0	47098	2.45000000e+01	nan	nan	nan	nan	1
2	2.45076146e+00	3.24258343e+00	2.47150350e+00	primer-cosmos-west-grizli-v7.0	47098	2.60000000e+01	nan	nan	nan	nan	1
2	2.45076146e+00	3.24258343e+00	2.47150350e+00	primer-cosmos-west-grizli-v7.0	47098	2.75000000e+01	nan	nan	nan	nan	1
2	2.45076146e+00	3.24258343e+00	2.47150350e+00	primer-cosmos-west-grizli-v7.0	47098	2.90000000e+01	nan	nan	nan	nan	1
2	2.45076146e+00	3.24258343e+00	2.47150350e+00	primer-cosmos-west-grizli-v7.0	47098	3.05000000e+01	nan	nan	nan	nan	1
2	2.45076146e+00	3.24258343e+00	2.46743393e+00	primer-cosmos-west-grizli-v7.0	47709	5.00000000e-01	6.29721874e+09	1.14594039e-02	1.81975637e-12	1.77001872e+00	1
2	2.45076146e+00	3.24258343e+00	2.46743393e+00	primer-cosmos-west-grizli-v7.0	47709	2.00000000e+00	2.54771791e+09	8.07265239e-01	3.16858172e-10	1.38786889e+00	1
2	2.45076146e+00	3.24258343e+00	2.46743393e+00	primer-cosmos-west-grizli-v7.0	47709	3.50000000e+00	8.09696808e+08	3.59016030e-01	4.43395635e-10	1.23734343e+00	1
2	2.45076146e+00	3.24258343e+00	2.46743393e+00	primer-cosmos-west-grizli-v7.0	47709	5.00000000e+00	2.58653878e+08	4.98470940e-01	1.92717366e-09	1.00198162e+00	1
2	2.45076146e+00	3.24258343e+00	2.46743393e+00	primer-cosmos-west-grizli-v7.0	47709	6.50000000e+00	9.04635813e+07	3.06842974e-01	3.39189506e-09	8.45533913e-01	1
2	2.45076146e+00	3.24258343e+00	2.46743393e+00	primer-cosmos-west-grizli-v7.0	47709	8.00000000e+00	6.47312332e+07	2.76195812e-01	4.26680906e-09	8.06594352e-01	1
2	2.45076146e+00	3.24258343e+00	2.46743393e+00	primer-cosmos-west-grizli-v7.0	47709	9.50000000e+00	nan	nan	nan	nan	1
2	2.45076146e+00	3.24258343e+00	2.46743393e+00	primer-cosmos-west-grizli-v7.0	47709	1.10000000e+01	nan	nan	nan	nan	1
2	2.45076146e+00	3.24258343e+00	2.46743393e+00	primer-cosmos-west-grizli-v7.0	47709	1.25000000e+01	nan	nan	nan	nan	1
2	2.45076146e+00	3.24258343e+00	2.46743393e+00	primer-cosmos-west-grizli-v7.0	47709	1.40000000e+01	nan	nan	nan	nan	1
2	2.45076146e+00	3.24258343e+00	2.46743393e+00	primer-cosmos-west-grizli-v7.0	47709	1.55000000e+01	nan	nan	nan	nan	1
2	2.45076146e+00	3.24258343e+00	2.46743393e+00	primer-cosmos-west-grizli-v7.0	47709	1.70000000e+01	nan	nan	nan	nan	1
2	2.45076146e+00	3.24258343e+00	2.46743393e+00	primer-cosmos-west-grizli-v7.0	47709	1.85000000e+01	nan	nan	nan	nan	1
2	2.45076146e+00	3.24258343e+00	2.46743393e+00	primer-cosmos-west-grizli-v7.0	47709	2.00000000e+01	nan	nan	nan	nan	1
2	2.45076146e+00	3.24258343e+00	2.46743393e+00	primer-cosmos-west-grizli-v7.0	47709	2.15000000e+01	nan	nan	nan	nan	1
2	2.45076146e+00	3.24258343e+00	2.46743393e+00	primer-cosmos-west-grizli-v7.0	47709	2.30000000e+01	nan	nan	nan	nan	1
2	2.45076146e+00	3.24258343e+00	2.46743393e+00	primer-cosmos-west-grizli-v7.0	47709	2.45000000e+01	nan	nan	nan	nan	1
2	2.45076146e+00	3.24258343e+00	2.46743393e+00	primer-cosmos-west-grizli-v7.0	47709	2.60000000e+01	nan	nan	nan	nan	1
2	2.45076146e+00	3.24258343e+00	2.46743393e+00	primer-cosmos-west-grizli-v7.0	47709	2.75000000e+01	nan	nan	nan	nan	1
2	2.45076146e+00	3.24258343e+00	2.46743393e+00	primer-cosmos-west-grizli-v7.0	47709	2.90000000e+01	nan	nan	nan	nan	1
2	2.45076146e+00	3.24258343e+00	2.46743393e+00	primer-cosmos-west-grizli-v7.0	47709	3.05000000e+01	nan	nan	nan	nan	1
2	2.45076146e+00	3.24258343e+00	2.79516482e+00	primer-cosmos-west-grizli-v7.0	51892	5.00000000e-01	2.15257398e+10	8.18458874e-01	3.80223343e-11	1.35431248e+00	1
2	2.45076146e+00	3.24258343e+00	2.79516482e+00	primer-cosmos-west-grizli-v7.0	51892	2.00000000e+00	2.91777636e+09	1.61407224e+00	5.53185730e-10	8.21773574e-01	1
2	2.45076146e+00	3.24258343e+00	2.79516482e+00	primer-cosmos-west-grizli-v7.0	51892	3.50000000e+00	3.29754556e+08	6.25101467e-01	1.89565680e-09	4.89957596e-01	1
2	2.45076146e+00	3.24258343e+00	2.79516482e+00	primer-cosmos-west-grizli-v7.0	51892	5.00000000e+00	1.41783164e+08	3.44024800e-01	2.42641502e-09	4.01886136e-01	1
2	2.45076146e+00	3.24258343e+00	2.79516482e+00	primer-cosmos-west-grizli-v7.0	51892	6.50000000e+00	1.02847837e+08	2.31694824e-01	2.25279238e-09	3.53369798e-01	1
2	2.45076146e+00	3.24258343e+00	2.79516482e+00	primer-cosmos-west-grizli-v7.0	51892	8.00000000e+00	7.86395776e+07	2.22989167e-01	2.83558449e-09	3.53578683e-01	1
2	2.45076146e+00	3.24258343e+00	2.79516482e+00	primer-cosmos-west-grizli-v7.0	51892	9.50000000e+00	7.65694440e+07	1.74288538e-01	2.27621528e-09	3.73983037e-01	1
2	2.45076146e+00	3.24258343e+00	2.79516482e+00	primer-cosmos-west-grizli-v7.0	51892	1.10000000e+01	9.77999045e+07	2.59019500e-01	2.64846373e-09	4.32559031e-01	1
2	2.45076146e+00	3.24258343e+00	2.79516482e+00	primer-cosmos-west-grizli-v7.0	51892	1.25000000e+01	6.15710167e+07	2.35245776e-01	3.82072261e-09	3.90177840e-01	1
2	2.45076146e+00	3.24258343e+00	2.79516482e+00	primer-cosmos-west-grizli-v7.0	51892	1.40000000e+01	nan	nan	nan	nan	1
2	2.45076146e+00	3.24258343e+00	2.79516482e+00	primer-cosmos-west-grizli-v7.0	51892	1.55000000e+01	nan	nan	nan	nan	1
2	2.45076146e+00	3.24258343e+00	2.79516482e+00	primer-cosmos-west-grizli-v7.0	51892	1.70000000e+01	nan	nan	nan	nan	1
2	2.45076146e+00	3.24258343e+00	2.79516482e+00	primer-cosmos-west-grizli-v7.0	51892	1.85000000e+01	nan	nan	nan	nan	1
2	2.45076146e+00	3.24258343e+00	2.79516482e+00	primer-cosmos-west-grizli-v7.0	51892	2.00000000e+01	nan	nan	nan	nan	1
2	2.45076146e+00	3.24258343e+00	2.79516482e+00	primer-cosmos-west-grizli-v7.0	51892	2.15000000e+01	nan	nan	nan	nan	1
2	2.45076146e+00	3.24258343e+00	2.79516482e+00	primer-cosmos-west-grizli-v7.0	51892	2.30000000e+01	nan	nan	nan	nan	1
2	2.45076146e+00	3.24258343e+00	2.79516482e+00	primer-cosmos-west-grizli-v7.0	51892	2.45000000e+01	nan	nan	nan	nan	1
2	2.45076146e+00	3.24258343e+00	2.79516482e+00	primer-cosmos-west-grizli-v7.0	51892	2.60000000e+01	nan	nan	nan	nan	1
2	2.45076146e+00	3.24258343e+00	2.79516482e+00	primer-cosmos-west-grizli-v7.0	51892	2.75000000e+01	nan	nan	nan	nan	1
2	2.45076146e+00	3.24258343e+00	2.79516482e+00	primer-cosmos-west-grizli-v7.0	51892	2.90000000e+01	nan	nan	nan	nan	1
2	2.45076146e+00	3.24258343e+00	2.79516482e+00	primer-cosmos-west-grizli-v7.0	51892	3.05000000e+01	nan	nan	nan	nan	1
2	2.45076146e+00	3.24258343e+00	2.52454996e+00	primer-uds-north-grizli-v7.2	17094	5.00000000e-01	1.32692352e+10	2.69660437e+00	2.03222291e-10	1.10957502e+00	1
2	2.45076146e+00	3.24258343e+00	2.52454996e+00	primer-uds-north-grizli-v7.2	17094	2.00000000e+00	2.88756436e+09	2.35021965e+00	8.13910744e-10	7.21229918e-01	1
2	2.45076146e+00	3.24258343e+00	2.52454996e+00	primer-uds-north-grizli-v7.2	17094	3.50000000e+00	5.38171473e+08	1.14359684e+00	2.12496741e-09	5.35748322e-01	1
2	2.45076146e+00	3.24258343e+00	2.52454996e+00	primer-uds-north-grizli-v7.2	17094	5.00000000e+00	2.05530449e+08	1.08310484e+00	5.26980232e-09	4.87735407e-01	1
2	2.45076146e+00	3.24258343e+00	2.52454996e+00	primer-uds-north-grizli-v7.2	17094	6.50000000e+00	nan	nan	nan	nan	1
2	2.45076146e+00	3.24258343e+00	2.52454996e+00	primer-uds-north-grizli-v7.2	17094	8.00000000e+00	nan	nan	nan	nan	1
2	2.45076146e+00	3.24258343e+00	2.52454996e+00	primer-uds-north-grizli-v7.2	17094	9.50000000e+00	nan	nan	nan	nan	1
2	2.45076146e+00	3.24258343e+00	2.52454996e+00	primer-uds-north-grizli-v7.2	17094	1.10000000e+01	nan	nan	nan	nan	1
2	2.45076146e+00	3.24258343e+00	2.52454996e+00	primer-uds-north-grizli-v7.2	17094	1.25000000e+01	nan	nan	nan	nan	1
2	2.45076146e+00	3.24258343e+00	2.52454996e+00	primer-uds-north-grizli-v7.2	17094	1.40000000e+01	nan	nan	nan	nan	1
2	2.45076146e+00	3.24258343e+00	2.52454996e+00	primer-uds-north-grizli-v7.2	17094	1.55000000e+01	nan	nan	nan	nan	1
2	2.45076146e+00	3.24258343e+00	2.52454996e+00	primer-uds-north-grizli-v7.2	17094	1.70000000e+01	nan	nan	nan	nan	1
2	2.45076146e+00	3.24258343e+00	2.52454996e+00	primer-uds-north-grizli-v7.2	17094	1.85000000e+01	nan	nan	nan	nan	1
2	2.45076146e+00	3.24258343e+00	2.52454996e+00	primer-uds-north-grizli-v7.2	17094	2.00000000e+01	nan	nan	nan	nan	1
2	2.45076146e+00	3.24258343e+00	2.52454996e+00	primer-uds-north-grizli-v7.2	17094	2.15000000e+01	nan	nan	nan	nan	1
2	2.45076146e+00	3.24258343e+00	2.52454996e+00	primer-uds-north-grizli-v7.2	17094	2.30000000e+01	nan	nan	nan	nan	1
2	2.45076146e+00	3.24258343e+00	2.52454996e+00	primer-uds-north-grizli-v7.2	17094	2.45000000e+01	nan	nan	nan	nan	1
2	2.45076146e+00	3.24258343e+00	2.52454996e+00	primer-uds-north-grizli-v7.2	17094	2.60000000e+01	nan	nan	nan	nan	1
2	2.45076146e+00	3.24258343e+00	2.52454996e+00	primer-uds-north-grizli-v7.2	17094	2.75000000e+01	nan	nan	nan	nan	1
2	2.45076146e+00	3.24258343e+00	2.52454996e+00	primer-uds-north-grizli-v7.2	17094	2.90000000e+01	nan	nan	nan	nan	1
2	2.45076146e+00	3.24258343e+00	2.52454996e+00	primer-uds-north-grizli-v7.2	17094	3.05000000e+01	nan	nan	nan	nan	1
2	2.45076146e+00	3.24258343e+00	2.66202235e+00	primer-uds-north-grizli-v7.2	21002	5.00000000e-01	9.99839936e+09	7.01223458e-02	7.01335717e-12	1.41493006e+00	1
2	2.45076146e+00	3.24258343e+00	2.66202235e+00	primer-uds-north-grizli-v7.2	21002	2.00000000e+00	2.48517234e+09	4.05110514e-01	1.63011034e-10	1.11104670e+00	1
2	2.45076146e+00	3.24258343e+00	2.66202235e+00	primer-uds-north-grizli-v7.2	21002	3.50000000e+00	4.88065855e+08	7.30279837e-01	1.49627316e-09	5.04224381e-01	1
2	2.45076146e+00	3.24258343e+00	2.66202235e+00	primer-uds-north-grizli-v7.2	21002	5.00000000e+00	2.82772346e+08	5.47621617e-01	1.93661659e-09	4.44488990e-01	1
2	2.45076146e+00	3.24258343e+00	2.66202235e+00	primer-uds-north-grizli-v7.2	21002	6.50000000e+00	1.67205942e+08	2.24075056e-01	1.34011419e-09	5.64356911e-01	1
2	2.45076146e+00	3.24258343e+00	2.66202235e+00	primer-uds-north-grizli-v7.2	21002	8.00000000e+00	7.74764507e+07	1.15708628e-01	1.49346836e-09	5.43391624e-01	1
2	2.45076146e+00	3.24258343e+00	2.66202235e+00	primer-uds-north-grizli-v7.2	21002	9.50000000e+00	2.84708994e+07	9.70492146e-02	3.40871614e-09	4.22974205e-01	1
2	2.45076146e+00	3.24258343e+00	2.66202235e+00	primer-uds-north-grizli-v7.2	21002	1.10000000e+01	1.34988576e+07	6.39624978e-02	4.73836375e-09	3.56055654e-01	1
2	2.45076146e+00	3.24258343e+00	2.66202235e+00	primer-uds-north-grizli-v7.2	21002	1.25000000e+01	9.22454194e+06	7.94674261e-02	8.61478290e-09	3.26821816e-01	1
2	2.45076146e+00	3.24258343e+00	2.66202235e+00	primer-uds-north-grizli-v7.2	21002	1.40000000e+01	8.36261676e+06	8.48761243e-02	1.01494696e-08	3.02771046e-01	1
2	2.45076146e+00	3.24258343e+00	2.66202235e+00	primer-uds-north-grizli-v7.2	21002	1.55000000e+01	nan	nan	nan	nan	1
2	2.45076146e+00	3.24258343e+00	2.66202235e+00	primer-uds-north-grizli-v7.2	21002	1.70000000e+01	nan	nan	nan	nan	1
2	2.45076146e+00	3.24258343e+00	2.66202235e+00	primer-uds-north-grizli-v7.2	21002	1.85000000e+01	nan	nan	nan	nan	1
2	2.45076146e+00	3.24258343e+00	2.66202235e+00	primer-uds-north-grizli-v7.2	21002	2.00000000e+01	nan	nan	nan	nan	1
2	2.45076146e+00	3.24258343e+00	2.66202235e+00	primer-uds-north-grizli-v7.2	21002	2.15000000e+01	nan	nan	nan	nan	1
2	2.45076146e+00	3.24258343e+00	2.66202235e+00	primer-uds-north-grizli-v7.2	21002	2.30000000e+01	nan	nan	nan	nan	1
2	2.45076146e+00	3.24258343e+00	2.66202235e+00	primer-uds-north-grizli-v7.2	21002	2.45000000e+01	nan	nan	nan	nan	1
2	2.45076146e+00	3.24258343e+00	2.66202235e+00	primer-uds-north-grizli-v7.2	21002	2.60000000e+01	nan	nan	nan	nan	1
2	2.45076146e+00	3.24258343e+00	2.66202235e+00	primer-uds-north-grizli-v7.2	21002	2.75000000e+01	nan	nan	nan	nan	1
2	2.45076146e+00	3.24258343e+00	2.66202235e+00	primer-uds-north-grizli-v7.2	21002	2.90000000e+01	nan	nan	nan	nan	1
2	2.45076146e+00	3.24258343e+00	2.66202235e+00	primer-uds-north-grizli-v7.2	21002	3.05000000e+01	nan	nan	nan	nan	1
2	2.45076146e+00	3.24258343e+00	2.52872992e+00	primer-uds-north-grizli-v7.2	25726	5.00000000e-01	7.67380181e+09	4.51544871e+01	5.88423942e-09	9.21362253e-01	1
2	2.45076146e+00	3.24258343e+00	2.52872992e+00	primer-uds-north-grizli-v7.2	25726	2.00000000e+00	2.14340337e+09	4.65628313e+00	2.17237837e-09	8.08413122e-01	1
2	2.45076146e+00	3.24258343e+00	2.52872992e+00	primer-uds-north-grizli-v7.2	25726	3.50000000e+00	5.39218116e+08	5.83859153e-01	1.08278846e-09	6.33076759e-01	1
2	2.45076146e+00	3.24258343e+00	2.52872992e+00	primer-uds-north-grizli-v7.2	25726	5.00000000e+00	2.72026812e+08	3.14597986e-01	1.15649624e-09	6.15439259e-01	1
2	2.45076146e+00	3.24258343e+00	2.52872992e+00	primer-uds-north-grizli-v7.2	25726	6.50000000e+00	1.34426870e+08	1.94982343e-01	1.45047149e-09	5.67557418e-01	1
2	2.45076146e+00	3.24258343e+00	2.52872992e+00	primer-uds-north-grizli-v7.2	25726	8.00000000e+00	7.80521549e+07	1.54816400e-01	1.98349937e-09	5.07664529e-01	1
2	2.45076146e+00	3.24258343e+00	2.52872992e+00	primer-uds-north-grizli-v7.2	25726	9.50000000e+00	5.59219364e+07	1.20535734e-01	2.15542847e-09	4.98921826e-01	1
2	2.45076146e+00	3.24258343e+00	2.52872992e+00	primer-uds-north-grizli-v7.2	25726	1.10000000e+01	nan	nan	nan	nan	1
2	2.45076146e+00	3.24258343e+00	2.52872992e+00	primer-uds-north-grizli-v7.2	25726	1.25000000e+01	nan	nan	nan	nan	1
2	2.45076146e+00	3.24258343e+00	2.52872992e+00	primer-uds-north-grizli-v7.2	25726	1.40000000e+01	nan	nan	nan	nan	1
2	2.45076146e+00	3.24258343e+00	2.52872992e+00	primer-uds-north-grizli-v7.2	25726	1.55000000e+01	nan	nan	nan	nan	1
2	2.45076146e+00	3.24258343e+00	2.52872992e+00	primer-uds-north-grizli-v7.2	25726	1.70000000e+01	nan	nan	nan	nan	1
2	2.45076146e+00	3.24258343e+00	2.52872992e+00	primer-uds-north-grizli-v7.2	25726	1.85000000e+01	nan	nan	nan	nan	1
2	2.45076146e+00	3.24258343e+00	2.52872992e+00	primer-uds-north-grizli-v7.2	25726	2.00000000e+01	nan	nan	nan	nan	1
2	2.45076146e+00	3.24258343e+00	2.52872992e+00	primer-uds-north-grizli-v7.2	25726	2.15000000e+01	nan	nan	nan	nan	1
2	2.45076146e+00	3.24258343e+00	2.52872992e+00	primer-uds-north-grizli-v7.2	25726	2.30000000e+01	nan	nan	nan	nan	1
2	2.45076146e+00	3.24258343e+00	2.52872992e+00	primer-uds-north-grizli-v7.2	25726	2.45000000e+01	nan	nan	nan	nan	1
2	2.45076146e+00	3.24258343e+00	2.52872992e+00	primer-uds-north-grizli-v7.2	25726	2.60000000e+01	nan	nan	nan	nan	1
2	2.45076146e+00	3.24258343e+00	2.52872992e+00	primer-uds-north-grizli-v7.2	25726	2.75000000e+01	nan	nan	nan	nan	1
2	2.45076146e+00	3.24258343e+00	2.52872992e+00	primer-uds-north-grizli-v7.2	25726	2.90000000e+01	nan	nan	nan	nan	1
2	2.45076146e+00	3.24258343e+00	2.52872992e+00	primer-uds-north-grizli-v7.2	25726	3.05000000e+01	nan	nan	nan	nan	1
2	2.45076146e+00	3.24258343e+00	2.51889992e+00	primer-uds-north-grizli-v7.2	30286	5.00000000e-01	2.43973179e+09	1.95111163e+00	7.99723821e-10	5.36377216e-01	1
2	2.45076146e+00	3.24258343e+00	2.51889992e+00	primer-uds-north-grizli-v7.2	30286	2.00000000e+00	9.50542546e+08	1.13657223e+00	1.19570895e-09	5.21995638e-01	1
2	2.45076146e+00	3.24258343e+00	2.51889992e+00	primer-uds-north-grizli-v7.2	30286	3.50000000e+00	3.83078095e+08	5.52123857e-01	1.44128277e-09	5.25794546e-01	1
2	2.45076146e+00	3.24258343e+00	2.51889992e+00	primer-uds-north-grizli-v7.2	30286	5.00000000e+00	2.05787388e+08	3.11780856e-01	1.51506299e-09	5.36377216e-01	1
2	2.45076146e+00	3.24258343e+00	2.51889992e+00	primer-uds-north-grizli-v7.2	30286	6.50000000e+00	1.12290043e+08	1.99626580e-01	1.77777632e-09	5.36377216e-01	1
2	2.45076146e+00	3.24258343e+00	2.51889992e+00	primer-uds-north-grizli-v7.2	30286	8.00000000e+00	7.85018299e+07	1.38403675e-01	1.76306304e-09	5.36377216e-01	1
2	2.45076146e+00	3.24258343e+00	2.51889992e+00	primer-uds-north-grizli-v7.2	30286	9.50000000e+00	6.37064956e+07	1.15992849e-01	1.82073819e-09	5.36377216e-01	1
2	2.45076146e+00	3.24258343e+00	2.51889992e+00	primer-uds-north-grizli-v7.2	30286	1.10000000e+01	nan	nan	nan	nan	1
2	2.45076146e+00	3.24258343e+00	2.51889992e+00	primer-uds-north-grizli-v7.2	30286	1.25000000e+01	nan	nan	nan	nan	1
2	2.45076146e+00	3.24258343e+00	2.51889992e+00	primer-uds-north-grizli-v7.2	30286	1.40000000e+01	nan	nan	nan	nan	1
2	2.45076146e+00	3.24258343e+00	2.51889992e+00	primer-uds-north-grizli-v7.2	30286	1.55000000e+01	nan	nan	nan	nan	1
2	2.45076146e+00	3.24258343e+00	2.51889992e+00	primer-uds-north-grizli-v7.2	30286	1.70000000e+01	nan	nan	nan	nan	1
2	2.45076146e+00	3.24258343e+00	2.51889992e+00	primer-uds-north-grizli-v7.2	30286	1.85000000e+01	nan	nan	nan	nan	1
2	2.45076146e+00	3.24258343e+00	2.51889992e+00	primer-uds-north-grizli-v7.2	30286	2.00000000e+01	nan	nan	nan	nan	1
2	2.45076146e+00	3.24258343e+00	2.51889992e+00	primer-uds-north-grizli-v7.2	30286	2.15000000e+01	nan	nan	nan	nan	1
2	2.45076146e+00	3.24258343e+00	2.51889992e+00	primer-uds-north-grizli-v7.2	30286	2.30000000e+01	nan	nan	nan	nan	1
2	2.45076146e+00	3.24258343e+00	2.51889992e+00	primer-uds-north-grizli-v7.2	30286	2.45000000e+01	nan	nan	nan	nan	1
2	2.45076146e+00	3.24258343e+00	2.51889992e+00	primer-uds-north-grizli-v7.2	30286	2.60000000e+01	nan	nan	nan	nan	1
2	2.45076146e+00	3.24258343e+00	2.51889992e+00	primer-uds-north-grizli-v7.2	30286	2.75000000e+01	nan	nan	nan	nan	1
2	2.45076146e+00	3.24258343e+00	2.51889992e+00	primer-uds-north-grizli-v7.2	30286	2.90000000e+01	nan	nan	nan	nan	1
2	2.45076146e+00	3.24258343e+00	2.51889992e+00	primer-uds-north-grizli-v7.2	30286	3.05000000e+01	nan	nan	nan	nan	1
2	2.45076146e+00	3.24258343e+00	3.13951445e+00	primer-uds-north-grizli-v7.2	34043	5.00000000e-01	3.27062581e+09	8.81425652e+00	2.69497553e-09	2.97550396e-01	1
2	2.45076146e+00	3.24258343e+00	3.13951445e+00	primer-uds-north-grizli-v7.2	34043	2.00000000e+00	1.39550132e+09	4.25705058e+00	3.05055289e-09	2.89174322e-01	1
2	2.45076146e+00	3.24258343e+00	3.13951445e+00	primer-uds-north-grizli-v7.2	34043	3.50000000e+00	4.74456260e+08	1.69143064e+00	3.56498750e-09	3.12255745e-01	1
2	2.45076146e+00	3.24258343e+00	3.13951445e+00	primer-uds-north-grizli-v7.2	34043	5.00000000e+00	1.80123802e+08	7.16659951e-01	3.97870766e-09	3.12749541e-01	1
2	2.45076146e+00	3.24258343e+00	3.13951445e+00	primer-uds-north-grizli-v7.2	34043	6.50000000e+00	6.79811158e+07	2.67721756e-01	3.93817831e-09	3.04233899e-01	1
2	2.45076146e+00	3.24258343e+00	3.13951445e+00	primer-uds-north-grizli-v7.2	34043	8.00000000e+00	4.76803230e+07	2.51320507e-01	5.27094807e-09	2.91018332e-01	1
2	2.45076146e+00	3.24258343e+00	3.13951445e+00	primer-uds-north-grizli-v7.2	34043	9.50000000e+00	4.11831230e+07	1.46864277e-01	3.56612774e-09	2.63717080e-01	1
2	2.45076146e+00	3.24258343e+00	3.13951445e+00	primer-uds-north-grizli-v7.2	34043	1.10000000e+01	4.62974034e+07	2.16986577e-01	4.68679799e-09	2.68590575e-01	1
2	2.45076146e+00	3.24258343e+00	3.13951445e+00	primer-uds-north-grizli-v7.2	34043	1.25000000e+01	3.68086661e+07	1.06486957e-01	2.89298604e-09	2.57698159e-01	1
2	2.45076146e+00	3.24258343e+00	3.13951445e+00	primer-uds-north-grizli-v7.2	34043	1.40000000e+01	5.22683171e+07	1.89867760e-02	3.63255928e-10	2.83133851e-01	1
2	2.45076146e+00	3.24258343e+00	3.13951445e+00	primer-uds-north-grizli-v7.2	34043	1.55000000e+01	7.09980836e+06	1.68102309e-02	2.36770207e-09	2.45958609e-01	1
2	2.45076146e+00	3.24258343e+00	3.13951445e+00	primer-uds-north-grizli-v7.2	34043	1.70000000e+01	nan	nan	nan	nan	1
2	2.45076146e+00	3.24258343e+00	3.13951445e+00	primer-uds-north-grizli-v7.2	34043	1.85000000e+01	nan	nan	nan	nan	1
2	2.45076146e+00	3.24258343e+00	3.13951445e+00	primer-uds-north-grizli-v7.2	34043	2.00000000e+01	nan	nan	nan	nan	1
2	2.45076146e+00	3.24258343e+00	3.13951445e+00	primer-uds-north-grizli-v7.2	34043	2.15000000e+01	nan	nan	nan	nan	1
2	2.45076146e+00	3.24258343e+00	3.13951445e+00	primer-uds-north-grizli-v7.2	34043	2.30000000e+01	nan	nan	nan	nan	1
2	2.45076146e+00	3.24258343e+00	3.13951445e+00	primer-uds-north-grizli-v7.2	34043	2.45000000e+01	nan	nan	nan	nan	1
2	2.45076146e+00	3.24258343e+00	3.13951445e+00	primer-uds-north-grizli-v7.2	34043	2.60000000e+01	nan	nan	nan	nan	1
2	2.45076146e+00	3.24258343e+00	3.13951445e+00	primer-uds-north-grizli-v7.2	34043	2.75000000e+01	nan	nan	nan	nan	1
2	2.45076146e+00	3.24258343e+00	3.13951445e+00	primer-uds-north-grizli-v7.2	34043	2.90000000e+01	nan	nan	nan	nan	1
2	2.45076146e+00	3.24258343e+00	3.13951445e+00	primer-uds-north-grizli-v7.2	34043	3.05000000e+01	nan	nan	nan	nan	1
2	2.45076146e+00	3.24258343e+00	3.07889795e+00	primer-uds-north-grizli-v7.2	38239	5.00000000e-01	1.63227200e+10	3.17593854e-01	1.94571649e-11	1.22786328e+00	1
2	2.45076146e+00	3.24258343e+00	3.07889795e+00	primer-uds-north-grizli-v7.2	38239	2.00000000e+00	2.14327832e+09	1.82934382e+00	8.53526020e-10	7.91005178e-01	1
2	2.45076146e+00	3.24258343e+00	3.07889795e+00	primer-uds-north-grizli-v7.2	38239	3.50000000e+00	2.38179308e+08	9.26460482e-01	3.88976057e-09	4.57026933e-01	1
2	2.45076146e+00	3.24258343e+00	3.07889795e+00	primer-uds-north-grizli-v7.2	38239	5.00000000e+00	9.43791983e+07	4.37629082e-01	4.63692307e-09	3.61691056e-01	1
2	2.45076146e+00	3.24258343e+00	3.07889795e+00	primer-uds-north-grizli-v7.2	38239	6.50000000e+00	4.48887344e+07	2.15528841e-01	4.80140160e-09	3.16227448e-01	1
2	2.45076146e+00	3.24258343e+00	3.07889795e+00	primer-uds-north-grizli-v7.2	38239	8.00000000e+00	3.33630049e+07	1.60433646e-01	4.80872892e-09	2.93819805e-01	1
2	2.45076146e+00	3.24258343e+00	3.07889795e+00	primer-uds-north-grizli-v7.2	38239	9.50000000e+00	2.40585075e+07	1.49624495e-01	6.21919274e-09	2.78714111e-01	1
2	2.45076146e+00	3.24258343e+00	3.07889795e+00	primer-uds-north-grizli-v7.2	38239	1.10000000e+01	2.57386436e+07	1.23585525e-01	4.80155548e-09	2.83181332e-01	1
2	2.45076146e+00	3.24258343e+00	3.07889795e+00	primer-uds-north-grizli-v7.2	38239	1.25000000e+01	2.95477784e+07	3.21034950e-01	1.08649437e-08	3.22433905e-01	1
2	2.45076146e+00	3.24258343e+00	3.07889795e+00	primer-uds-north-grizli-v7.2	38239	1.40000000e+01	4.27604837e+07	1.73179149e-01	4.04998106e-09	3.09007967e-01	1
2	2.45076146e+00	3.24258343e+00	3.07889795e+00	primer-uds-north-grizli-v7.2	38239	1.55000000e+01	nan	nan	nan	nan	1
2	2.45076146e+00	3.24258343e+00	3.07889795e+00	primer-uds-north-grizli-v7.2	38239	1.70000000e+01	nan	nan	nan	nan	1
2	2.45076146e+00	3.24258343e+00	3.07889795e+00	primer-uds-north-grizli-v7.2	38239	1.85000000e+01	nan	nan	nan	nan	1
2	2.45076146e+00	3.24258343e+00	3.07889795e+00	primer-uds-north-grizli-v7.2	38239	2.00000000e+01	nan	nan	nan	nan	1
2	2.45076146e+00	3.24258343e+00	3.07889795e+00	primer-uds-north-grizli-v7.2	38239	2.15000000e+01	nan	nan	nan	nan	1
2	2.45076146e+00	3.24258343e+00	3.07889795e+00	primer-uds-north-grizli-v7.2	38239	2.30000000e+01	nan	nan	nan	nan	1
2	2.45076146e+00	3.24258343e+00	3.07889795e+00	primer-uds-north-grizli-v7.2	38239	2.45000000e+01	nan	nan	nan	nan	1
2	2.45076146e+00	3.24258343e+00	3.07889795e+00	primer-uds-north-grizli-v7.2	38239	2.60000000e+01	nan	nan	nan	nan	1
2	2.45076146e+00	3.24258343e+00	3.07889795e+00	primer-uds-north-grizli-v7.2	38239	2.75000000e+01	nan	nan	nan	nan	1
2	2.45076146e+00	3.24258343e+00	3.07889795e+00	primer-uds-north-grizli-v7.2	38239	2.90000000e+01	nan	nan	nan	nan	1
2	2.45076146e+00	3.24258343e+00	3.07889795e+00	primer-uds-north-grizli-v7.2	38239	3.05000000e+01	nan	nan	nan	nan	1
2	2.45076146e+00	3.24258343e+00	2.49524522e+00	primer-uds-north-grizli-v7.2	47127	5.00000000e-01	2.06107729e+10	3.91768758e-03	1.90079606e-13	1.95063600e+00	1
2	2.45076146e+00	3.24258343e+00	2.49524522e+00	primer-uds-north-grizli-v7.2	47127	2.00000000e+00	3.44004490e+09	1.16826135e-02	3.39606426e-12	1.63945362e+00	1
2	2.45076146e+00	3.24258343e+00	2.49524522e+00	primer-uds-north-grizli-v7.2	47127	3.50000000e+00	4.82556077e+08	1.88650586e-02	3.90940234e-11	1.25934044e+00	1
2	2.45076146e+00	3.24258343e+00	2.49524522e+00	primer-uds-north-grizli-v7.2	47127	5.00000000e+00	1.67698638e+08	4.04117278e-01	2.40978270e-09	8.58991986e-01	1
2	2.45076146e+00	3.24258343e+00	2.49524522e+00	primer-uds-north-grizli-v7.2	47127	6.50000000e+00	5.07837968e+07	9.79045240e-01	1.92786932e-08	6.07118775e-01	1
2	2.45076146e+00	3.24258343e+00	2.49524522e+00	primer-uds-north-grizli-v7.2	47127	8.00000000e+00	3.27997588e+07	nan	nan	5.17297191e-01	1
2	2.45076146e+00	3.24258343e+00	2.49524522e+00	primer-uds-north-grizli-v7.2	47127	9.50000000e+00	nan	nan	nan	nan	1
2	2.45076146e+00	3.24258343e+00	2.49524522e+00	primer-uds-north-grizli-v7.2	47127	1.10000000e+01	nan	nan	nan	nan	1
2	2.45076146e+00	3.24258343e+00	2.49524522e+00	primer-uds-north-grizli-v7.2	47127	1.25000000e+01	nan	nan	nan	nan	1
2	2.45076146e+00	3.24258343e+00	2.49524522e+00	primer-uds-north-grizli-v7.2	47127	1.40000000e+01	nan	nan	nan	nan	1
2	2.45076146e+00	3.24258343e+00	2.49524522e+00	primer-uds-north-grizli-v7.2	47127	1.55000000e+01	nan	nan	nan	nan	1
2	2.45076146e+00	3.24258343e+00	2.49524522e+00	primer-uds-north-grizli-v7.2	47127	1.70000000e+01	nan	nan	nan	nan	1
2	2.45076146e+00	3.24258343e+00	2.49524522e+00	primer-uds-north-grizli-v7.2	47127	1.85000000e+01	nan	nan	nan	nan	1
2	2.45076146e+00	3.24258343e+00	2.49524522e+00	primer-uds-north-grizli-v7.2	47127	2.00000000e+01	nan	nan	nan	nan	1
2	2.45076146e+00	3.24258343e+00	2.49524522e+00	primer-uds-north-grizli-v7.2	47127	2.15000000e+01	nan	nan	nan	nan	1
2	2.45076146e+00	3.24258343e+00	2.49524522e+00	primer-uds-north-grizli-v7.2	47127	2.30000000e+01	nan	nan	nan	nan	1
2	2.45076146e+00	3.24258343e+00	2.49524522e+00	primer-uds-north-grizli-v7.2	47127	2.45000000e+01	nan	nan	nan	nan	1
2	2.45076146e+00	3.24258343e+00	2.49524522e+00	primer-uds-north-grizli-v7.2	47127	2.60000000e+01	nan	nan	nan	nan	1
2	2.45076146e+00	3.24258343e+00	2.49524522e+00	primer-uds-north-grizli-v7.2	47127	2.75000000e+01	nan	nan	nan	nan	1
2	2.45076146e+00	3.24258343e+00	2.49524522e+00	primer-uds-north-grizli-v7.2	47127	2.90000000e+01	nan	nan	nan	nan	1
2	2.45076146e+00	3.24258343e+00	2.49524522e+00	primer-uds-north-grizli-v7.2	47127	3.05000000e+01	nan	nan	nan	nan	1
2	2.45076146e+00	3.24258343e+00	2.76288986e+00	primer-uds-north-grizli-v7.2	63978	5.00000000e-01	8.35320832e+09	2.30206337e-01	2.75590322e-11	1.76085619e+00	1
2	2.45076146e+00	3.24258343e+00	2.76288986e+00	primer-uds-north-grizli-v7.2	63978	2.00000000e+00	2.79226431e+09	1.11583751e+00	3.99617440e-10	1.05273960e+00	1
2	2.45076146e+00	3.24258343e+00	2.76288986e+00	primer-uds-north-grizli-v7.2	63978	3.50000000e+00	7.25480125e+08	1.40839694e+00	1.94133084e-09	4.97174676e-01	1
2	2.45076146e+00	3.24258343e+00	2.76288986e+00	primer-uds-north-grizli-v7.2	63978	5.00000000e+00	2.77137712e+08	6.74597185e-01	2.43415874e-09	4.48596832e-01	1
2	2.45076146e+00	3.24258343e+00	2.76288986e+00	primer-uds-north-grizli-v7.2	63978	6.50000000e+00	1.30292498e+08	4.62627111e-01	3.55068111e-09	3.91583201e-01	1
2	2.45076146e+00	3.24258343e+00	2.76288986e+00	primer-uds-north-grizli-v7.2	63978	8.00000000e+00	1.07328480e+08	4.33422425e-01	4.03827972e-09	3.56926742e-01	1
2	2.45076146e+00	3.24258343e+00	2.76288986e+00	primer-uds-north-grizli-v7.2	63978	9.50000000e+00	9.93769637e+07	3.80675237e-01	3.83061851e-09	3.47082573e-01	1
2	2.45076146e+00	3.24258343e+00	2.76288986e+00	primer-uds-north-grizli-v7.2	63978	1.10000000e+01	5.35129686e+07	2.38583606e-01	4.45842592e-09	3.27032300e-01	1
2	2.45076146e+00	3.24258343e+00	2.76288986e+00	primer-uds-north-grizli-v7.2	63978	1.25000000e+01	nan	nan	nan	nan	1
2	2.45076146e+00	3.24258343e+00	2.76288986e+00	primer-uds-north-grizli-v7.2	63978	1.40000000e+01	nan	nan	nan	nan	1
2	2.45076146e+00	3.24258343e+00	2.76288986e+00	primer-uds-north-grizli-v7.2	63978	1.55000000e+01	nan	nan	nan	nan	1
2	2.45076146e+00	3.24258343e+00	2.76288986e+00	primer-uds-north-grizli-v7.2	63978	1.70000000e+01	nan	nan	nan	nan	1
2	2.45076146e+00	3.24258343e+00	2.76288986e+00	primer-uds-north-grizli-v7.2	63978	1.85000000e+01	nan	nan	nan	nan	1
2	2.45076146e+00	3.24258343e+00	2.76288986e+00	primer-uds-north-grizli-v7.2	63978	2.00000000e+01	nan	nan	nan	nan	1
2	2.45076146e+00	3.24258343e+00	2.76288986e+00	primer-uds-north-grizli-v7.2	63978	2.15000000e+01	nan	nan	nan	nan	1
2	2.45076146e+00	3.24258343e+00	2.76288986e+00	primer-uds-north-grizli-v7.2	63978	2.30000000e+01	nan	nan	nan	nan	1
2	2.45076146e+00	3.24258343e+00	2.76288986e+00	primer-uds-north-grizli-v7.2	63978	2.45000000e+01	nan	nan	nan	nan	1
2	2.45076146e+00	3.24258343e+00	2.76288986e+00	primer-uds-north-grizli-v7.2	63978	2.60000000e+01	nan	nan	nan	nan	1
2	2.45076146e+00	3.24258343e+00	2.76288986e+00	primer-uds-north-grizli-v7.2	63978	2.75000000e+01	nan	nan	nan	nan	1
2	2.45076146e+00	3.24258343e+00	2.76288986e+00	primer-uds-north-grizli-v7.2	63978	2.90000000e+01	nan	nan	nan	nan	1
2	2.45076146e+00	3.24258343e+00	2.76288986e+00	primer-uds-north-grizli-v7.2	63978	3.05000000e+01	nan	nan	nan	nan	1
2	2.45076146e+00	3.24258343e+00	2.46556640e+00	primer-uds-north-grizli-v7.2	65327	5.00000000e-01	9.86920879e+09	4.55073931e+01	4.61104776e-09	3.89532106e-01	1
2	2.45076146e+00	3.24258343e+00	2.46556640e+00	primer-uds-north-grizli-v7.2	65327	2.00000000e+00	4.87584731e+09	2.25021703e+01	4.61502769e-09	3.92084827e-01	1
2	2.45076146e+00	3.24258343e+00	2.46556640e+00	primer-uds-north-grizli-v7.2	65327	3.50000000e+00	1.65322583e+09	7.08424498e+00	4.28510422e-09	3.81995081e-01	1
2	2.45076146e+00	3.24258343e+00	2.46556640e+00	primer-uds-north-grizli-v7.2	65327	5.00000000e+00	9.24561816e+08	3.38344415e+00	3.65951102e-09	4.03044183e-01	1
2	2.45076146e+00	3.24258343e+00	2.46556640e+00	primer-uds-north-grizli-v7.2	65327	6.50000000e+00	5.07311906e+08	1.61559288e+00	3.18461456e-09	4.09701573e-01	1
2	2.45076146e+00	3.24258343e+00	2.46556640e+00	primer-uds-north-grizli-v7.2	65327	8.00000000e+00	2.09164352e+08	5.18155576e-01	2.47726523e-09	4.05053984e-01	1
2	2.45076146e+00	3.24258343e+00	2.46556640e+00	primer-uds-north-grizli-v7.2	65327	9.50000000e+00	9.26082917e+07	1.79443206e-01	1.93765810e-09	4.02409840e-01	1
2	2.45076146e+00	3.24258343e+00	2.46556640e+00	primer-uds-north-grizli-v7.2	65327	1.10000000e+01	5.14952425e+07	1.15933357e-01	2.25134113e-09	3.91213092e-01	1
2	2.45076146e+00	3.24258343e+00	2.46556640e+00	primer-uds-north-grizli-v7.2	65327	1.25000000e+01	3.07597003e+07	8.81803796e-02	2.86675028e-09	3.53997503e-01	1
2	2.45076146e+00	3.24258343e+00	2.46556640e+00	primer-uds-north-grizli-v7.2	65327	1.40000000e+01	2.15981153e+07	8.64238908e-02	4.00145521e-09	3.07311015e-01	1
2	2.45076146e+00	3.24258343e+00	2.46556640e+00	primer-uds-north-grizli-v7.2	65327	1.55000000e+01	2.03294692e+07	9.65967854e-02	4.75156456e-09	2.90509650e-01	1
2	2.45076146e+00	3.24258343e+00	2.46556640e+00	primer-uds-north-grizli-v7.2	65327	1.70000000e+01	2.13090238e+07	8.24119687e-02	3.86746804e-09	3.25565401e-01	1
2	2.45076146e+00	3.24258343e+00	2.46556640e+00	primer-uds-north-grizli-v7.2	65327	1.85000000e+01	2.22845830e+07	8.22471800e-02	3.69076595e-09	3.50619713e-01	1
2	2.45076146e+00	3.24258343e+00	2.46556640e+00	primer-uds-north-grizli-v7.2	65327	2.00000000e+01	1.98422479e+07	6.73432118e-02	3.39393057e-09	3.01524995e-01	1
2	2.45076146e+00	3.24258343e+00	2.46556640e+00	primer-uds-north-grizli-v7.2	65327	2.15000000e+01	2.14001237e+07	9.08388674e-02	4.24478234e-09	3.27349294e-01	1
2	2.45076146e+00	3.24258343e+00	2.46556640e+00	primer-uds-north-grizli-v7.2	65327	2.30000000e+01	1.94141141e+07	6.24652480e-02	3.21751730e-09	2.93358378e-01	1
2	2.45076146e+00	3.24258343e+00	2.46556640e+00	primer-uds-north-grizli-v7.2	65327	2.45000000e+01	nan	nan	nan	nan	1
2	2.45076146e+00	3.24258343e+00	2.46556640e+00	primer-uds-north-grizli-v7.2	65327	2.60000000e+01	nan	nan	nan	nan	1
2	2.45076146e+00	3.24258343e+00	2.46556640e+00	primer-uds-north-grizli-v7.2	65327	2.75000000e+01	nan	nan	nan	nan	1
2	2.45076146e+00	3.24258343e+00	2.46556640e+00	primer-uds-north-grizli-v7.2	65327	2.90000000e+01	nan	nan	nan	nan	1
2	2.45076146e+00	3.24258343e+00	2.46556640e+00	primer-uds-north-grizli-v7.2	65327	3.05000000e+01	nan	nan	nan	nan	1
2	2.45076146e+00	3.24258343e+00	2.89087510e+00	primer-uds-north-grizli-v7.2	74754	5.00000000e-01	7.42124700e+09	1.85425468e-01	2.49857562e-11	1.39854332e+00	1
2	2.45076146e+00	3.24258343e+00	2.89087510e+00	primer-uds-north-grizli-v7.2	74754	2.00000000e+00	2.07044634e+09	3.03461539e-01	1.46568174e-10	1.20014471e+00	1
2	2.45076146e+00	3.24258343e+00	2.89087510e+00	primer-uds-north-grizli-v7.2	74754	3.50000000e+00	4.87178839e+08	5.51839612e-01	1.13272492e-09	9.15006069e-01	1
2	2.45076146e+00	3.24258343e+00	2.89087510e+00	primer-uds-north-grizli-v7.2	74754	5.00000000e+00	2.08625092e+08	5.55739960e-01	2.66382128e-09	7.70790967e-01	1
2	2.45076146e+00	3.24258343e+00	2.89087510e+00	primer-uds-north-grizli-v7.2	74754	6.50000000e+00	7.62088157e+07	4.21222192e-01	5.52721084e-09	6.31943300e-01	1
2	2.45076146e+00	3.24258343e+00	2.89087510e+00	primer-uds-north-grizli-v7.2	74754	8.00000000e+00	4.65784751e+07	3.53210692e-01	7.58313130e-09	5.50435497e-01	1
2	2.45076146e+00	3.24258343e+00	2.89087510e+00	primer-uds-north-grizli-v7.2	74754	9.50000000e+00	3.09494009e+07	nan	nan	6.07057809e-01	1
2	2.45076146e+00	3.24258343e+00	2.89087510e+00	primer-uds-north-grizli-v7.2	74754	1.10000000e+01	nan	nan	nan	nan	1
2	2.45076146e+00	3.24258343e+00	2.89087510e+00	primer-uds-north-grizli-v7.2	74754	1.25000000e+01	nan	nan	nan	nan	1
2	2.45076146e+00	3.24258343e+00	2.89087510e+00	primer-uds-north-grizli-v7.2	74754	1.40000000e+01	nan	nan	nan	nan	1
2	2.45076146e+00	3.24258343e+00	2.89087510e+00	primer-uds-north-grizli-v7.2	74754	1.55000000e+01	nan	nan	nan	nan	1
2	2.45076146e+00	3.24258343e+00	2.89087510e+00	primer-uds-north-grizli-v7.2	74754	1.70000000e+01	nan	nan	nan	nan	1
2	2.45076146e+00	3.24258343e+00	2.89087510e+00	primer-uds-north-grizli-v7.2	74754	1.85000000e+01	nan	nan	nan	nan	1
2	2.45076146e+00	3.24258343e+00	2.89087510e+00	primer-uds-north-grizli-v7.2	74754	2.00000000e+01	nan	nan	nan	nan	1
2	2.45076146e+00	3.24258343e+00	2.89087510e+00	primer-uds-north-grizli-v7.2	74754	2.15000000e+01	nan	nan	nan	nan	1
2	2.45076146e+00	3.24258343e+00	2.89087510e+00	primer-uds-north-grizli-v7.2	74754	2.30000000e+01	nan	nan	nan	nan	1
2	2.45076146e+00	3.24258343e+00	2.89087510e+00	primer-uds-north-grizli-v7.2	74754	2.45000000e+01	nan	nan	nan	nan	1
2	2.45076146e+00	3.24258343e+00	2.89087510e+00	primer-uds-north-grizli-v7.2	74754	2.60000000e+01	nan	nan	nan	nan	1
2	2.45076146e+00	3.24258343e+00	2.89087510e+00	primer-uds-north-grizli-v7.2	74754	2.75000000e+01	nan	nan	nan	nan	1
2	2.45076146e+00	3.24258343e+00	2.89087510e+00	primer-uds-north-grizli-v7.2	74754	2.90000000e+01	nan	nan	nan	nan	1
2	2.45076146e+00	3.24258343e+00	2.89087510e+00	primer-uds-north-grizli-v7.2	74754	3.05000000e+01	nan	nan	nan	nan	1
2	2.45076146e+00	3.24258343e+00	2.62280083e+00	primer-uds-south-grizli-v7.2	2681	5.00000000e-01	8.63622265e+09	5.20688073e+00	6.02911821e-10	7.39715845e-01	1
2	2.45076146e+00	3.24258343e+00	2.62280083e+00	primer-uds-south-grizli-v7.2	2681	2.00000000e+00	3.23193938e+09	6.13258221e+00	1.89749296e-09	5.16702754e-01	1
2	2.45076146e+00	3.24258343e+00	2.62280083e+00	primer-uds-south-grizli-v7.2	2681	3.50000000e+00	8.42399550e+08	2.99668041e+00	3.55731482e-09	4.51427236e-01	1
2	2.45076146e+00	3.24258343e+00	2.62280083e+00	primer-uds-south-grizli-v7.2	2681	5.00000000e+00	3.30079805e+08	1.39875257e+00	4.23761937e-09	4.31490335e-01	1
2	2.45076146e+00	3.24258343e+00	2.62280083e+00	primer-uds-south-grizli-v7.2	2681	6.50000000e+00	1.72168069e+08	1.68661464e+00	9.79632664e-09	4.21246992e-01	1
2	2.45076146e+00	3.24258343e+00	2.62280083e+00	primer-uds-south-grizli-v7.2	2681	8.00000000e+00	1.25409119e+08	1.76468430e+00	1.40714193e-08	3.92766116e-01	1
2	2.45076146e+00	3.24258343e+00	2.62280083e+00	primer-uds-south-grizli-v7.2	2681	9.50000000e+00	9.16867649e+07	5.74198454e-01	6.26261004e-09	3.86892783e-01	1
2	2.45076146e+00	3.24258343e+00	2.62280083e+00	primer-uds-south-grizli-v7.2	2681	1.10000000e+01	nan	nan	nan	nan	1
2	2.45076146e+00	3.24258343e+00	2.62280083e+00	primer-uds-south-grizli-v7.2	2681	1.25000000e+01	nan	nan	nan	nan	1
2	2.45076146e+00	3.24258343e+00	2.62280083e+00	primer-uds-south-grizli-v7.2	2681	1.40000000e+01	nan	nan	nan	nan	1
2	2.45076146e+00	3.24258343e+00	2.62280083e+00	primer-uds-south-grizli-v7.2	2681	1.55000000e+01	nan	nan	nan	nan	1
2	2.45076146e+00	3.24258343e+00	2.62280083e+00	primer-uds-south-grizli-v7.2	2681	1.70000000e+01	nan	nan	nan	nan	1
2	2.45076146e+00	3.24258343e+00	2.62280083e+00	primer-uds-south-grizli-v7.2	2681	1.85000000e+01	nan	nan	nan	nan	1
2	2.45076146e+00	3.24258343e+00	2.62280083e+00	primer-uds-south-grizli-v7.2	2681	2.00000000e+01	nan	nan	nan	nan	1
2	2.45076146e+00	3.24258343e+00	2.62280083e+00	primer-uds-south-grizli-v7.2	2681	2.15000000e+01	nan	nan	nan	nan	1
2	2.45076146e+00	3.24258343e+00	2.62280083e+00	primer-uds-south-grizli-v7.2	2681	2.30000000e+01	nan	nan	nan	nan	1
2	2.45076146e+00	3.24258343e+00	2.62280083e+00	primer-uds-south-grizli-v7.2	2681	2.45000000e+01	nan	nan	nan	nan	1
2	2.45076146e+00	3.24258343e+00	2.62280083e+00	primer-uds-south-grizli-v7.2	2681	2.60000000e+01	nan	nan	nan	nan	1
2	2.45076146e+00	3.24258343e+00	2.62280083e+00	primer-uds-south-grizli-v7.2	2681	2.75000000e+01	nan	nan	nan	nan	1
2	2.45076146e+00	3.24258343e+00	2.62280083e+00	primer-uds-south-grizli-v7.2	2681	2.90000000e+01	nan	nan	nan	nan	1
2	2.45076146e+00	3.24258343e+00	2.62280083e+00	primer-uds-south-grizli-v7.2	2681	3.05000000e+01	nan	nan	nan	nan	1
2	2.45076146e+00	3.24258343e+00	2.56907511e+00	primer-uds-south-grizli-v7.2	2916	5.00000000e-01	1.12778035e+10	1.59212854e-01	1.41173637e-11	1.71763203e+00	1
2	2.45076146e+00	3.24258343e+00	2.56907511e+00	primer-uds-south-grizli-v7.2	2916	2.00000000e+00	4.51805358e+09	1.51670984e+00	3.35699835e-10	1.19104499e+00	1
2	2.45076146e+00	3.24258343e+00	2.56907511e+00	primer-uds-south-grizli-v7.2	2916	3.50000000e+00	8.01835385e+08	1.09417558e+00	1.36458879e-09	7.51471868e-01	1
2	2.45076146e+00	3.24258343e+00	2.56907511e+00	primer-uds-south-grizli-v7.2	2916	5.00000000e+00	2.86764430e+08	1.01312582e+00	3.53295499e-09	7.25839552e-01	1
2	2.45076146e+00	3.24258343e+00	2.56907511e+00	primer-uds-south-grizli-v7.2	2916	6.50000000e+00	1.70718337e+08	7.89504113e-01	4.62460055e-09	7.15290811e-01	1
2	2.45076146e+00	3.24258343e+00	2.56907511e+00	primer-uds-south-grizli-v7.2	2916	8.00000000e+00	1.28485799e+08	nan	nan	7.34044736e-01	1
2	2.45076146e+00	3.24258343e+00	2.56907511e+00	primer-uds-south-grizli-v7.2	2916	9.50000000e+00	nan	nan	nan	nan	1
2	2.45076146e+00	3.24258343e+00	2.56907511e+00	primer-uds-south-grizli-v7.2	2916	1.10000000e+01	nan	nan	nan	nan	1
2	2.45076146e+00	3.24258343e+00	2.56907511e+00	primer-uds-south-grizli-v7.2	2916	1.25000000e+01	nan	nan	nan	nan	1
2	2.45076146e+00	3.24258343e+00	2.56907511e+00	primer-uds-south-grizli-v7.2	2916	1.40000000e+01	nan	nan	nan	nan	1
2	2.45076146e+00	3.24258343e+00	2.56907511e+00	primer-uds-south-grizli-v7.2	2916	1.55000000e+01	nan	nan	nan	nan	1
2	2.45076146e+00	3.24258343e+00	2.56907511e+00	primer-uds-south-grizli-v7.2	2916	1.70000000e+01	nan	nan	nan	nan	1
2	2.45076146e+00	3.24258343e+00	2.56907511e+00	primer-uds-south-grizli-v7.2	2916	1.85000000e+01	nan	nan	nan	nan	1
2	2.45076146e+00	3.24258343e+00	2.56907511e+00	primer-uds-south-grizli-v7.2	2916	2.00000000e+01	nan	nan	nan	nan	1
2	2.45076146e+00	3.24258343e+00	2.56907511e+00	primer-uds-south-grizli-v7.2	2916	2.15000000e+01	nan	nan	nan	nan	1
2	2.45076146e+00	3.24258343e+00	2.56907511e+00	primer-uds-south-grizli-v7.2	2916	2.30000000e+01	nan	nan	nan	nan	1
2	2.45076146e+00	3.24258343e+00	2.56907511e+00	primer-uds-south-grizli-v7.2	2916	2.45000000e+01	nan	nan	nan	nan	1
2	2.45076146e+00	3.24258343e+00	2.56907511e+00	primer-uds-south-grizli-v7.2	2916	2.60000000e+01	nan	nan	nan	nan	1
2	2.45076146e+00	3.24258343e+00	2.56907511e+00	primer-uds-south-grizli-v7.2	2916	2.75000000e+01	nan	nan	nan	nan	1
2	2.45076146e+00	3.24258343e+00	2.56907511e+00	primer-uds-south-grizli-v7.2	2916	2.90000000e+01	nan	nan	nan	nan	1
2	2.45076146e+00	3.24258343e+00	2.56907511e+00	primer-uds-south-grizli-v7.2	2916	3.05000000e+01	nan	nan	nan	nan	1
2	2.45076146e+00	3.24258343e+00	2.98709965e+00	primer-uds-south-grizli-v7.2	4007	5.00000000e-01	3.80090323e+09	4.52774204e+00	1.19122792e-09	5.42672796e-01	1
2	2.45076146e+00	3.24258343e+00	2.98709965e+00	primer-uds-south-grizli-v7.2	4007	2.00000000e+00	1.87856954e+09	3.71328980e+00	1.97665816e-09	4.53239858e-01	1
2	2.45076146e+00	3.24258343e+00	2.98709965e+00	primer-uds-south-grizli-v7.2	4007	3.50000000e+00	6.10894787e+08	1.22279698e+00	2.00164907e-09	4.14776002e-01	1
2	2.45076146e+00	3.24258343e+00	2.98709965e+00	primer-uds-south-grizli-v7.2	4007	5.00000000e+00	2.02078743e+08	5.38754051e-01	2.66605998e-09	4.23563560e-01	1
2	2.45076146e+00	3.24258343e+00	2.98709965e+00	primer-uds-south-grizli-v7.2	4007	6.50000000e+00	1.14180081e+08	2.10102515e-01	1.84009780e-09	4.55358700e-01	1
2	2.45076146e+00	3.24258343e+00	2.98709965e+00	primer-uds-south-grizli-v7.2	4007	8.00000000e+00	nan	nan	nan	nan	1
2	2.45076146e+00	3.24258343e+00	2.98709965e+00	primer-uds-south-grizli-v7.2	4007	9.50000000e+00	nan	nan	nan	nan	1
2	2.45076146e+00	3.24258343e+00	2.98709965e+00	primer-uds-south-grizli-v7.2	4007	1.10000000e+01	nan	nan	nan	nan	1
2	2.45076146e+00	3.24258343e+00	2.98709965e+00	primer-uds-south-grizli-v7.2	4007	1.25000000e+01	nan	nan	nan	nan	1
2	2.45076146e+00	3.24258343e+00	2.98709965e+00	primer-uds-south-grizli-v7.2	4007	1.40000000e+01	nan	nan	nan	nan	1
2	2.45076146e+00	3.24258343e+00	2.98709965e+00	primer-uds-south-grizli-v7.2	4007	1.55000000e+01	nan	nan	nan	nan	1
2	2.45076146e+00	3.24258343e+00	2.98709965e+00	primer-uds-south-grizli-v7.2	4007	1.70000000e+01	nan	nan	nan	nan	1
2	2.45076146e+00	3.24258343e+00	2.98709965e+00	primer-uds-south-grizli-v7.2	4007	1.85000000e+01	nan	nan	nan	nan	1
2	2.45076146e+00	3.24258343e+00	2.98709965e+00	primer-uds-south-grizli-v7.2	4007	2.00000000e+01	nan	nan	nan	nan	1
2	2.45076146e+00	3.24258343e+00	2.98709965e+00	primer-uds-south-grizli-v7.2	4007	2.15000000e+01	nan	nan	nan	nan	1
2	2.45076146e+00	3.24258343e+00	2.98709965e+00	primer-uds-south-grizli-v7.2	4007	2.30000000e+01	nan	nan	nan	nan	1
2	2.45076146e+00	3.24258343e+00	2.98709965e+00	primer-uds-south-grizli-v7.2	4007	2.45000000e+01	nan	nan	nan	nan	1
2	2.45076146e+00	3.24258343e+00	2.98709965e+00	primer-uds-south-grizli-v7.2	4007	2.60000000e+01	nan	nan	nan	nan	1
2	2.45076146e+00	3.24258343e+00	2.98709965e+00	primer-uds-south-grizli-v7.2	4007	2.75000000e+01	nan	nan	nan	nan	1
2	2.45076146e+00	3.24258343e+00	2.98709965e+00	primer-uds-south-grizli-v7.2	4007	2.90000000e+01	nan	nan	nan	nan	1
2	2.45076146e+00	3.24258343e+00	2.98709965e+00	primer-uds-south-grizli-v7.2	4007	3.05000000e+01	nan	nan	nan	nan	1
2	2.45076146e+00	3.24258343e+00	2.62852502e+00	primer-uds-south-grizli-v7.2	4018	5.00000000e-01	9.58032438e+09	4.03901813e+00	4.21595132e-10	9.89905552e-01	1
2	2.45076146e+00	3.24258343e+00	2.62852502e+00	primer-uds-south-grizli-v7.2	4018	2.00000000e+00	2.16824432e+09	3.18129184e+00	1.46722019e-09	5.11545971e-01	1
2	2.45076146e+00	3.24258343e+00	2.62852502e+00	primer-uds-south-grizli-v7.2	4018	3.50000000e+00	3.35389998e+08	8.23843845e-01	2.45637571e-09	3.89390184e-01	1
2	2.45076146e+00	3.24258343e+00	2.62852502e+00	primer-uds-south-grizli-v7.2	4018	5.00000000e+00	1.02487087e+08	2.81142112e-01	2.74319546e-09	3.92447801e-01	1
2	2.45076146e+00	3.24258343e+00	2.62852502e+00	primer-uds-south-grizli-v7.2	4018	6.50000000e+00	6.11369416e+07	1.91646353e-01	3.13470625e-09	3.36216949e-01	1
2	2.45076146e+00	3.24258343e+00	2.62852502e+00	primer-uds-south-grizli-v7.2	4018	8.00000000e+00	nan	nan	nan	nan	1
2	2.45076146e+00	3.24258343e+00	2.62852502e+00	primer-uds-south-grizli-v7.2	4018	9.50000000e+00	nan	nan	nan	nan	1
2	2.45076146e+00	3.24258343e+00	2.62852502e+00	primer-uds-south-grizli-v7.2	4018	1.10000000e+01	nan	nan	nan	nan	1
2	2.45076146e+00	3.24258343e+00	2.62852502e+00	primer-uds-south-grizli-v7.2	4018	1.25000000e+01	nan	nan	nan	nan	1
2	2.45076146e+00	3.24258343e+00	2.62852502e+00	primer-uds-south-grizli-v7.2	4018	1.40000000e+01	nan	nan	nan	nan	1
2	2.45076146e+00	3.24258343e+00	2.62852502e+00	primer-uds-south-grizli-v7.2	4018	1.55000000e+01	nan	nan	nan	nan	1
2	2.45076146e+00	3.24258343e+00	2.62852502e+00	primer-uds-south-grizli-v7.2	4018	1.70000000e+01	nan	nan	nan	nan	1
2	2.45076146e+00	3.24258343e+00	2.62852502e+00	primer-uds-south-grizli-v7.2	4018	1.85000000e+01	nan	nan	nan	nan	1
2	2.45076146e+00	3.24258343e+00	2.62852502e+00	primer-uds-south-grizli-v7.2	4018	2.00000000e+01	nan	nan	nan	nan	1
2	2.45076146e+00	3.24258343e+00	2.62852502e+00	primer-uds-south-grizli-v7.2	4018	2.15000000e+01	nan	nan	nan	nan	1
2	2.45076146e+00	3.24258343e+00	2.62852502e+00	primer-uds-south-grizli-v7.2	4018	2.30000000e+01	nan	nan	nan	nan	1
2	2.45076146e+00	3.24258343e+00	2.62852502e+00	primer-uds-south-grizli-v7.2	4018	2.45000000e+01	nan	nan	nan	nan	1
2	2.45076146e+00	3.24258343e+00	2.62852502e+00	primer-uds-south-grizli-v7.2	4018	2.60000000e+01	nan	nan	nan	nan	1
2	2.45076146e+00	3.24258343e+00	2.62852502e+00	primer-uds-south-grizli-v7.2	4018	2.75000000e+01	nan	nan	nan	nan	1
2	2.45076146e+00	3.24258343e+00	2.62852502e+00	primer-uds-south-grizli-v7.2	4018	2.90000000e+01	nan	nan	nan	nan	1
2	2.45076146e+00	3.24258343e+00	2.62852502e+00	primer-uds-south-grizli-v7.2	4018	3.05000000e+01	nan	nan	nan	nan	1
2	2.45076146e+00	3.24258343e+00	2.56881523e+00	primer-uds-south-grizli-v7.2	11298	5.00000000e-01	3.11069365e+10	2.46274793e+02	7.91703781e-09	6.22818998e-01	1
2	2.45076146e+00	3.24258343e+00	2.56881523e+00	primer-uds-south-grizli-v7.2	11298	2.00000000e+00	5.62490567e+09	3.96608553e+00	7.05093696e-10	1.42644086e+00	1
2	2.45076146e+00	3.24258343e+00	2.56881523e+00	primer-uds-south-grizli-v7.2	11298	3.50000000e+00	9.76605334e+08	9.39655731e-02	9.62165267e-11	1.18434333e+00	1
2	2.45076146e+00	3.24258343e+00	2.56881523e+00	primer-uds-south-grizli-v7.2	11298	5.00000000e+00	3.12944196e+08	1.39211619e-01	4.44844866e-10	8.71444258e-01	1
2	2.45076146e+00	3.24258343e+00	2.56881523e+00	primer-uds-south-grizli-v7.2	11298	6.50000000e+00	1.01381287e+08	1.44145313e-01	1.42181380e-09	6.56588455e-01	1
2	2.45076146e+00	3.24258343e+00	2.56881523e+00	primer-uds-south-grizli-v7.2	11298	8.00000000e+00	5.22981208e+07	1.28304051e-01	2.45332049e-09	5.46762582e-01	1
2	2.45076146e+00	3.24258343e+00	2.56881523e+00	primer-uds-south-grizli-v7.2	11298	9.50000000e+00	3.86406275e+07	1.04534609e-01	2.70530309e-09	5.25725718e-01	1
2	2.45076146e+00	3.24258343e+00	2.56881523e+00	primer-uds-south-grizli-v7.2	11298	1.10000000e+01	3.24903411e+07	8.43221343e-02	2.59529852e-09	5.14236520e-01	1
2	2.45076146e+00	3.24258343e+00	2.56881523e+00	primer-uds-south-grizli-v7.2	11298	1.25000000e+01	nan	nan	nan	nan	1
2	2.45076146e+00	3.24258343e+00	2.56881523e+00	primer-uds-south-grizli-v7.2	11298	1.40000000e+01	nan	nan	nan	nan	1
2	2.45076146e+00	3.24258343e+00	2.56881523e+00	primer-uds-south-grizli-v7.2	11298	1.55000000e+01	nan	nan	nan	nan	1
2	2.45076146e+00	3.24258343e+00	2.56881523e+00	primer-uds-south-grizli-v7.2	11298	1.70000000e+01	nan	nan	nan	nan	1
2	2.45076146e+00	3.24258343e+00	2.56881523e+00	primer-uds-south-grizli-v7.2	11298	1.85000000e+01	nan	nan	nan	nan	1
2	2.45076146e+00	3.24258343e+00	2.56881523e+00	primer-uds-south-grizli-v7.2	11298	2.00000000e+01	nan	nan	nan	nan	1
2	2.45076146e+00	3.24258343e+00	2.56881523e+00	primer-uds-south-grizli-v7.2	11298	2.15000000e+01	nan	nan	nan	nan	1
2	2.45076146e+00	3.24258343e+00	2.56881523e+00	primer-uds-south-grizli-v7.2	11298	2.30000000e+01	nan	nan	nan	nan	1
2	2.45076146e+00	3.24258343e+00	2.56881523e+00	primer-uds-south-grizli-v7.2	11298	2.45000000e+01	nan	nan	nan	nan	1
2	2.45076146e+00	3.24258343e+00	2.56881523e+00	primer-uds-south-grizli-v7.2	11298	2.60000000e+01	nan	nan	nan	nan	1
2	2.45076146e+00	3.24258343e+00	2.56881523e+00	primer-uds-south-grizli-v7.2	11298	2.75000000e+01	nan	nan	nan	nan	1
2	2.45076146e+00	3.24258343e+00	2.56881523e+00	primer-uds-south-grizli-v7.2	11298	2.90000000e+01	nan	nan	nan	nan	1
2	2.45076146e+00	3.24258343e+00	2.56881523e+00	primer-uds-south-grizli-v7.2	11298	3.05000000e+01	nan	nan	nan	nan	1
2	2.45076146e+00	3.24258343e+00	2.56905842e+00	primer-uds-south-grizli-v7.2	16627	5.00000000e-01	4.37972496e+09	4.17818467e+01	9.53983345e-09	8.47853015e-01	1
2	2.45076146e+00	3.24258343e+00	2.56905842e+00	primer-uds-south-grizli-v7.2	16627	2.00000000e+00	1.79148712e+09	2.86632710e-01	1.59997081e-10	1.22504716e+00	1
2	2.45076146e+00	3.24258343e+00	2.56905842e+00	primer-uds-south-grizli-v7.2	16627	3.50000000e+00	6.12480579e+08	2.67334131e-01	4.36477727e-10	1.03420909e+00	1
2	2.45076146e+00	3.24258343e+00	2.56905842e+00	primer-uds-south-grizli-v7.2	16627	5.00000000e+00	2.54504406e+08	2.08227328e-01	8.18167870e-10	8.09493353e-01	1
2	2.45076146e+00	3.24258343e+00	2.56905842e+00	primer-uds-south-grizli-v7.2	16627	6.50000000e+00	1.03284882e+08	1.52626722e-01	1.47772568e-09	6.22893030e-01	1
2	2.45076146e+00	3.24258343e+00	2.56905842e+00	primer-uds-south-grizli-v7.2	16627	8.00000000e+00	6.12186663e+07	1.24075911e-01	2.02676599e-09	5.80601678e-01	1
2	2.45076146e+00	3.24258343e+00	2.56905842e+00	primer-uds-south-grizli-v7.2	16627	9.50000000e+00	5.08748566e+07	1.11721506e-01	2.19600631e-09	5.87868370e-01	1
2	2.45076146e+00	3.24258343e+00	2.56905842e+00	primer-uds-south-grizli-v7.2	16627	1.10000000e+01	4.03057370e+07	9.10962695e-02	2.26013159e-09	5.73645078e-01	1
2	2.45076146e+00	3.24258343e+00	2.56905842e+00	primer-uds-south-grizli-v7.2	16627	1.25000000e+01	3.18523691e+07	7.34670179e-02	2.30648520e-09	5.58406534e-01	1
2	2.45076146e+00	3.24258343e+00	2.56905842e+00	primer-uds-south-grizli-v7.2	16627	1.40000000e+01	2.19528065e+07	5.14145563e-02	2.34204936e-09	4.79745862e-01	1
2	2.45076146e+00	3.24258343e+00	2.56905842e+00	primer-uds-south-grizli-v7.2	16627	1.55000000e+01	1.64133427e+07	4.55029364e-02	2.77231379e-09	4.20189907e-01	1
2	2.45076146e+00	3.24258343e+00	2.56905842e+00	primer-uds-south-grizli-v7.2	16627	1.70000000e+01	1.53646691e+07	4.66227973e-02	3.03441597e-09	3.70634205e-01	1
2	2.45076146e+00	3.24258343e+00	2.56905842e+00	primer-uds-south-grizli-v7.2	16627	1.85000000e+01	1.41093275e+07	7.08503173e-02	5.02152332e-09	2.95840129e-01	1
2	2.45076146e+00	3.24258343e+00	2.56905842e+00	primer-uds-south-grizli-v7.2	16627	2.00000000e+01	1.70032340e+07	nan	nan	3.00365539e-01	1
2	2.45076146e+00	3.24258343e+00	2.56905842e+00	primer-uds-south-grizli-v7.2	16627	2.15000000e+01	nan	nan	nan	nan	1
2	2.45076146e+00	3.24258343e+00	2.56905842e+00	primer-uds-south-grizli-v7.2	16627	2.30000000e+01	nan	nan	nan	nan	1
2	2.45076146e+00	3.24258343e+00	2.56905842e+00	primer-uds-south-grizli-v7.2	16627	2.45000000e+01	nan	nan	nan	nan	1
2	2.45076146e+00	3.24258343e+00	2.56905842e+00	primer-uds-south-grizli-v7.2	16627	2.60000000e+01	nan	nan	nan	nan	1
2	2.45076146e+00	3.24258343e+00	2.56905842e+00	primer-uds-south-grizli-v7.2	16627	2.75000000e+01	nan	nan	nan	nan	1
2	2.45076146e+00	3.24258343e+00	2.56905842e+00	primer-uds-south-grizli-v7.2	16627	2.90000000e+01	nan	nan	nan	nan	1
2	2.45076146e+00	3.24258343e+00	2.56905842e+00	primer-uds-south-grizli-v7.2	16627	3.05000000e+01	nan	nan	nan	nan	1
2	2.45076146e+00	3.24258343e+00	2.61975718e+00	primer-uds-south-grizli-v7.2	22938	5.00000000e-01	9.58612019e+09	3.94053494e-02	4.11066715e-12	1.64422612e+00	1
2	2.45076146e+00	3.24258343e+00	2.61975718e+00	primer-uds-south-grizli-v7.2	22938	2.00000000e+00	3.45668367e+09	7.57155720e-01	2.19041079e-10	1.25650791e+00	1
2	2.45076146e+00	3.24258343e+00	2.61975718e+00	primer-uds-south-grizli-v7.2	22938	3.50000000e+00	1.36524317e+09	6.26911899e-01	4.59194314e-10	1.13601545e+00	1
2	2.45076146e+00	3.24258343e+00	2.61975718e+00	primer-uds-south-grizli-v7.2	22938	5.00000000e+00	6.46409915e+08	1.30409505e-01	2.01744284e-10	1.26894943e+00	1
2	2.45076146e+00	3.24258343e+00	2.61975718e+00	primer-uds-south-grizli-v7.2	22938	6.50000000e+00	3.12700472e+08	9.65677754e-02	3.08818771e-10	1.26599593e+00	1
2	2.45076146e+00	3.24258343e+00	2.61975718e+00	primer-uds-south-grizli-v7.2	22938	8.00000000e+00	2.06867912e+08	7.81617281e-02	3.77833988e-10	1.22358142e+00	1
2	2.45076146e+00	3.24258343e+00	2.61975718e+00	primer-uds-south-grizli-v7.2	22938	9.50000000e+00	1.24722569e+08	8.28518827e-02	6.64289419e-10	1.24524732e+00	1
2	2.45076146e+00	3.24258343e+00	2.61975718e+00	primer-uds-south-grizli-v7.2	22938	1.10000000e+01	nan	nan	nan	nan	1
2	2.45076146e+00	3.24258343e+00	2.61975718e+00	primer-uds-south-grizli-v7.2	22938	1.25000000e+01	nan	nan	nan	nan	1
2	2.45076146e+00	3.24258343e+00	2.61975718e+00	primer-uds-south-grizli-v7.2	22938	1.40000000e+01	nan	nan	nan	nan	1
2	2.45076146e+00	3.24258343e+00	2.61975718e+00	primer-uds-south-grizli-v7.2	22938	1.55000000e+01	nan	nan	nan	nan	1
2	2.45076146e+00	3.24258343e+00	2.61975718e+00	primer-uds-south-grizli-v7.2	22938	1.70000000e+01	nan	nan	nan	nan	1
2	2.45076146e+00	3.24258343e+00	2.61975718e+00	primer-uds-south-grizli-v7.2	22938	1.85000000e+01	nan	nan	nan	nan	1
2	2.45076146e+00	3.24258343e+00	2.61975718e+00	primer-uds-south-grizli-v7.2	22938	2.00000000e+01	nan	nan	nan	nan	1
2	2.45076146e+00	3.24258343e+00	2.61975718e+00	primer-uds-south-grizli-v7.2	22938	2.15000000e+01	nan	nan	nan	nan	1
2	2.45076146e+00	3.24258343e+00	2.61975718e+00	primer-uds-south-grizli-v7.2	22938	2.30000000e+01	nan	nan	nan	nan	1
2	2.45076146e+00	3.24258343e+00	2.61975718e+00	primer-uds-south-grizli-v7.2	22938	2.45000000e+01	nan	nan	nan	nan	1
2	2.45076146e+00	3.24258343e+00	2.61975718e+00	primer-uds-south-grizli-v7.2	22938	2.60000000e+01	nan	nan	nan	nan	1
2	2.45076146e+00	3.24258343e+00	2.61975718e+00	primer-uds-south-grizli-v7.2	22938	2.75000000e+01	nan	nan	nan	nan	1
2	2.45076146e+00	3.24258343e+00	2.61975718e+00	primer-uds-south-grizli-v7.2	22938	2.90000000e+01	nan	nan	nan	nan	1
2	2.45076146e+00	3.24258343e+00	2.61975718e+00	primer-uds-south-grizli-v7.2	22938	3.05000000e+01	nan	nan	nan	nan	1
2	2.45076146e+00	3.24258343e+00	2.46087813e+00	primer-uds-south-grizli-v7.2	26314	5.00000000e-01	1.75413654e+10	7.16749118e-01	4.08605090e-11	1.20148593e+00	1
2	2.45076146e+00	3.24258343e+00	2.46087813e+00	primer-uds-south-grizli-v7.2	26314	2.00000000e+00	2.49977177e+09	6.32955033e-01	2.53205129e-10	9.67441103e-01	1
2	2.45076146e+00	3.24258343e+00	2.46087813e+00	primer-uds-south-grizli-v7.2	26314	3.50000000e+00	1.93761588e+08	2.05849570e-01	1.06238585e-09	8.02219590e-01	1
2	2.45076146e+00	3.24258343e+00	2.46087813e+00	primer-uds-south-grizli-v7.2	26314	5.00000000e+00	7.13966739e+07	1.20198733e-01	1.68353408e-09	5.85517241e-01	1
2	2.45076146e+00	3.24258343e+00	2.46087813e+00	primer-uds-south-grizli-v7.2	26314	6.50000000e+00	3.16093333e+07	1.00808883e-01	3.18921258e-09	4.46906580e-01	1
2	2.45076146e+00	3.24258343e+00	2.46087813e+00	primer-uds-south-grizli-v7.2	26314	8.00000000e+00	2.08594159e+07	6.31810466e-02	3.02889816e-09	3.52885377e-01	1
2	2.45076146e+00	3.24258343e+00	2.46087813e+00	primer-uds-south-grizli-v7.2	26314	9.50000000e+00	nan	nan	nan	nan	1
2	2.45076146e+00	3.24258343e+00	2.46087813e+00	primer-uds-south-grizli-v7.2	26314	1.10000000e+01	nan	nan	nan	nan	1
2	2.45076146e+00	3.24258343e+00	2.46087813e+00	primer-uds-south-grizli-v7.2	26314	1.25000000e+01	nan	nan	nan	nan	1
2	2.45076146e+00	3.24258343e+00	2.46087813e+00	primer-uds-south-grizli-v7.2	26314	1.40000000e+01	nan	nan	nan	nan	1
2	2.45076146e+00	3.24258343e+00	2.46087813e+00	primer-uds-south-grizli-v7.2	26314	1.55000000e+01	nan	nan	nan	nan	1
2	2.45076146e+00	3.24258343e+00	2.46087813e+00	primer-uds-south-grizli-v7.2	26314	1.70000000e+01	nan	nan	nan	nan	1
2	2.45076146e+00	3.24258343e+00	2.46087813e+00	primer-uds-south-grizli-v7.2	26314	1.85000000e+01	nan	nan	nan	nan	1
2	2.45076146e+00	3.24258343e+00	2.46087813e+00	primer-uds-south-grizli-v7.2	26314	2.00000000e+01	nan	nan	nan	nan	1
2	2.45076146e+00	3.24258343e+00	2.46087813e+00	primer-uds-south-grizli-v7.2	26314	2.15000000e+01	nan	nan	nan	nan	1
2	2.45076146e+00	3.24258343e+00	2.46087813e+00	primer-uds-south-grizli-v7.2	26314	2.30000000e+01	nan	nan	nan	nan	1
2	2.45076146e+00	3.24258343e+00	2.46087813e+00	primer-uds-south-grizli-v7.2	26314	2.45000000e+01	nan	nan	nan	nan	1
2	2.45076146e+00	3.24258343e+00	2.46087813e+00	primer-uds-south-grizli-v7.2	26314	2.60000000e+01	nan	nan	nan	nan	1
2	2.45076146e+00	3.24258343e+00	2.46087813e+00	primer-uds-south-grizli-v7.2	26314	2.75000000e+01	nan	nan	nan	nan	1
2	2.45076146e+00	3.24258343e+00	2.46087813e+00	primer-uds-south-grizli-v7.2	26314	2.90000000e+01	nan	nan	nan	nan	1
2	2.45076146e+00	3.24258343e+00	2.46087813e+00	primer-uds-south-grizli-v7.2	26314	3.05000000e+01	nan	nan	nan	nan	1
2	2.45076146e+00	3.24258343e+00	2.73104572e+00	primer-uds-south-grizli-v7.2	30348	5.00000000e-01	6.66578973e+09	2.98683974e-01	4.48084902e-11	1.07155939e+00	1
2	2.45076146e+00	3.24258343e+00	2.73104572e+00	primer-uds-south-grizli-v7.2	30348	2.00000000e+00	1.69626200e+09	2.25829780e+00	1.33133785e-09	7.53927822e-01	1
2	2.45076146e+00	3.24258343e+00	2.73104572e+00	primer-uds-south-grizli-v7.2	30348	3.50000000e+00	3.68338951e+08	7.81635058e-01	2.12205376e-09	5.59090921e-01	1
2	2.45076146e+00	3.24258343e+00	2.73104572e+00	primer-uds-south-grizli-v7.2	30348	5.00000000e+00	1.32084945e+08	4.68272529e-01	3.54523771e-09	4.56164790e-01	1
2	2.45076146e+00	3.24258343e+00	2.73104572e+00	primer-uds-south-grizli-v7.2	30348	6.50000000e+00	3.83212614e+07	3.19763129e-01	8.34427462e-09	3.71820010e-01	1
2	2.45076146e+00	3.24258343e+00	2.73104572e+00	primer-uds-south-grizli-v7.2	30348	8.00000000e+00	nan	nan	nan	nan	1
2	2.45076146e+00	3.24258343e+00	2.73104572e+00	primer-uds-south-grizli-v7.2	30348	9.50000000e+00	nan	nan	nan	nan	1
2	2.45076146e+00	3.24258343e+00	2.73104572e+00	primer-uds-south-grizli-v7.2	30348	1.10000000e+01	nan	nan	nan	nan	1
2	2.45076146e+00	3.24258343e+00	2.73104572e+00	primer-uds-south-grizli-v7.2	30348	1.25000000e+01	nan	nan	nan	nan	1
2	2.45076146e+00	3.24258343e+00	2.73104572e+00	primer-uds-south-grizli-v7.2	30348	1.40000000e+01	nan	nan	nan	nan	1
2	2.45076146e+00	3.24258343e+00	2.73104572e+00	primer-uds-south-grizli-v7.2	30348	1.55000000e+01	nan	nan	nan	nan	1
2	2.45076146e+00	3.24258343e+00	2.73104572e+00	primer-uds-south-grizli-v7.2	30348	1.70000000e+01	nan	nan	nan	nan	1
2	2.45076146e+00	3.24258343e+00	2.73104572e+00	primer-uds-south-grizli-v7.2	30348	1.85000000e+01	nan	nan	nan	nan	1
2	2.45076146e+00	3.24258343e+00	2.73104572e+00	primer-uds-south-grizli-v7.2	30348	2.00000000e+01	nan	nan	nan	nan	1
2	2.45076146e+00	3.24258343e+00	2.73104572e+00	primer-uds-south-grizli-v7.2	30348	2.15000000e+01	nan	nan	nan	nan	1
2	2.45076146e+00	3.24258343e+00	2.73104572e+00	primer-uds-south-grizli-v7.2	30348	2.30000000e+01	nan	nan	nan	nan	1
2	2.45076146e+00	3.24258343e+00	2.73104572e+00	primer-uds-south-grizli-v7.2	30348	2.45000000e+01	nan	nan	nan	nan	1
2	2.45076146e+00	3.24258343e+00	2.73104572e+00	primer-uds-south-grizli-v7.2	30348	2.60000000e+01	nan	nan	nan	nan	1
2	2.45076146e+00	3.24258343e+00	2.73104572e+00	primer-uds-south-grizli-v7.2	30348	2.75000000e+01	nan	nan	nan	nan	1
2	2.45076146e+00	3.24258343e+00	2.73104572e+00	primer-uds-south-grizli-v7.2	30348	2.90000000e+01	nan	nan	nan	nan	1
2	2.45076146e+00	3.24258343e+00	2.73104572e+00	primer-uds-south-grizli-v7.2	30348	3.05000000e+01	nan	nan	nan	nan	1
2	2.45076146e+00	3.24258343e+00	2.98600459e+00	primer-uds-south-grizli-v7.2	31439	5.00000000e-01	3.86262555e+09	2.97751461e+00	7.70852513e-10	7.38828400e-01	1
2	2.45076146e+00	3.24258343e+00	2.98600459e+00	primer-uds-south-grizli-v7.2	31439	2.00000000e+00	1.93831120e+09	2.47682598e+00	1.27782679e-09	5.80406026e-01	1
2	2.45076146e+00	3.24258343e+00	2.98600459e+00	primer-uds-south-grizli-v7.2	31439	3.50000000e+00	6.58224048e+08	1.12973468e+00	1.71633760e-09	4.84917768e-01	1
2	2.45076146e+00	3.24258343e+00	2.98600459e+00	primer-uds-south-grizli-v7.2	31439	5.00000000e+00	1.74473182e+08	5.28614532e-01	3.02977527e-09	4.04524020e-01	1
2	2.45076146e+00	3.24258343e+00	2.98600459e+00	primer-uds-south-grizli-v7.2	31439	6.50000000e+00	6.94943487e+07	3.00415179e-01	4.32287207e-09	4.10769543e-01	1
2	2.45076146e+00	3.24258343e+00	2.98600459e+00	primer-uds-south-grizli-v7.2	31439	8.00000000e+00	nan	nan	nan	nan	1
2	2.45076146e+00	3.24258343e+00	2.98600459e+00	primer-uds-south-grizli-v7.2	31439	9.50000000e+00	nan	nan	nan	nan	1
2	2.45076146e+00	3.24258343e+00	2.98600459e+00	primer-uds-south-grizli-v7.2	31439	1.10000000e+01	nan	nan	nan	nan	1
2	2.45076146e+00	3.24258343e+00	2.98600459e+00	primer-uds-south-grizli-v7.2	31439	1.25000000e+01	nan	nan	nan	nan	1
2	2.45076146e+00	3.24258343e+00	2.98600459e+00	primer-uds-south-grizli-v7.2	31439	1.40000000e+01	nan	nan	nan	nan	1
2	2.45076146e+00	3.24258343e+00	2.98600459e+00	primer-uds-south-grizli-v7.2	31439	1.55000000e+01	nan	nan	nan	nan	1
2	2.45076146e+00	3.24258343e+00	2.98600459e+00	primer-uds-south-grizli-v7.2	31439	1.70000000e+01	nan	nan	nan	nan	1
2	2.45076146e+00	3.24258343e+00	2.98600459e+00	primer-uds-south-grizli-v7.2	31439	1.85000000e+01	nan	nan	nan	nan	1
2	2.45076146e+00	3.24258343e+00	2.98600459e+00	primer-uds-south-grizli-v7.2	31439	2.00000000e+01	nan	nan	nan	nan	1
2	2.45076146e+00	3.24258343e+00	2.98600459e+00	primer-uds-south-grizli-v7.2	31439	2.15000000e+01	nan	nan	nan	nan	1
2	2.45076146e+00	3.24258343e+00	2.98600459e+00	primer-uds-south-grizli-v7.2	31439	2.30000000e+01	nan	nan	nan	nan	1
2	2.45076146e+00	3.24258343e+00	2.98600459e+00	primer-uds-south-grizli-v7.2	31439	2.45000000e+01	nan	nan	nan	nan	1
2	2.45076146e+00	3.24258343e+00	2.98600459e+00	primer-uds-south-grizli-v7.2	31439	2.60000000e+01	nan	nan	nan	nan	1
2	2.45076146e+00	3.24258343e+00	2.98600459e+00	primer-uds-south-grizli-v7.2	31439	2.75000000e+01	nan	nan	nan	nan	1
2	2.45076146e+00	3.24258343e+00	2.98600459e+00	primer-uds-south-grizli-v7.2	31439	2.90000000e+01	nan	nan	nan	nan	1
2	2.45076146e+00	3.24258343e+00	2.98600459e+00	primer-uds-south-grizli-v7.2	31439	3.05000000e+01	nan	nan	nan	nan	1
2	2.45076146e+00	3.24258343e+00	2.54517078e+00	primer-uds-south-grizli-v7.2	34297	5.00000000e-01	1.50618635e+10	4.43358861e-03	2.94358571e-13	1.81507343e+00	1
2	2.45076146e+00	3.24258343e+00	2.54517078e+00	primer-uds-south-grizli-v7.2	34297	2.00000000e+00	2.31081532e+09	2.74905897e-02	1.18964893e-11	1.38308046e+00	1
2	2.45076146e+00	3.24258343e+00	2.54517078e+00	primer-uds-south-grizli-v7.2	34297	3.50000000e+00	3.17291744e+08	1.37371639e-01	4.32950564e-10	9.15374500e-01	1
2	2.45076146e+00	3.24258343e+00	2.54517078e+00	primer-uds-south-grizli-v7.2	34297	5.00000000e+00	1.12596613e+08	1.28755526e-01	1.14351153e-09	6.35295749e-01	1
2	2.45076146e+00	3.24258343e+00	2.54517078e+00	primer-uds-south-grizli-v7.2	34297	6.50000000e+00	4.66649382e+07	8.92133302e-02	1.91178503e-09	5.30294739e-01	1
2	2.45076146e+00	3.24258343e+00	2.54517078e+00	primer-uds-south-grizli-v7.2	34297	8.00000000e+00	4.67788826e+07	6.96049034e-02	1.48795566e-09	4.73034190e-01	1
2	2.45076146e+00	3.24258343e+00	2.54517078e+00	primer-uds-south-grizli-v7.2	34297	9.50000000e+00	5.61981017e+07	1.00882756e-01	1.79512747e-09	4.59259527e-01	1
2	2.45076146e+00	3.24258343e+00	2.54517078e+00	primer-uds-south-grizli-v7.2	34297	1.10000000e+01	3.47169003e+07	6.71351818e-02	1.93378963e-09	4.52971874e-01	1
2	2.45076146e+00	3.24258343e+00	2.54517078e+00	primer-uds-south-grizli-v7.2	34297	1.25000000e+01	2.71246842e+07	8.56232807e-02	3.15665539e-09	4.69664973e-01	1
2	2.45076146e+00	3.24258343e+00	2.54517078e+00	primer-uds-south-grizli-v7.2	34297	1.40000000e+01	nan	nan	nan	nan	1
2	2.45076146e+00	3.24258343e+00	2.54517078e+00	primer-uds-south-grizli-v7.2	34297	1.55000000e+01	nan	nan	nan	nan	1
2	2.45076146e+00	3.24258343e+00	2.54517078e+00	primer-uds-south-grizli-v7.2	34297	1.70000000e+01	nan	nan	nan	nan	1
2	2.45076146e+00	3.24258343e+00	2.54517078e+00	primer-uds-south-grizli-v7.2	34297	1.85000000e+01	nan	nan	nan	nan	1
2	2.45076146e+00	3.24258343e+00	2.54517078e+00	primer-uds-south-grizli-v7.2	34297	2.00000000e+01	nan	nan	nan	nan	1
2	2.45076146e+00	3.24258343e+00	2.54517078e+00	primer-uds-south-grizli-v7.2	34297	2.15000000e+01	nan	nan	nan	nan	1
2	2.45076146e+00	3.24258343e+00	2.54517078e+00	primer-uds-south-grizli-v7.2	34297	2.30000000e+01	nan	nan	nan	nan	1
2	2.45076146e+00	3.24258343e+00	2.54517078e+00	primer-uds-south-grizli-v7.2	34297	2.45000000e+01	nan	nan	nan	nan	1
2	2.45076146e+00	3.24258343e+00	2.54517078e+00	primer-uds-south-grizli-v7.2	34297	2.60000000e+01	nan	nan	nan	nan	1
2	2.45076146e+00	3.24258343e+00	2.54517078e+00	primer-uds-south-grizli-v7.2	34297	2.75000000e+01	nan	nan	nan	nan	1
2	2.45076146e+00	3.24258343e+00	2.54517078e+00	primer-uds-south-grizli-v7.2	34297	2.90000000e+01	nan	nan	nan	nan	1
2	2.45076146e+00	3.24258343e+00	2.54517078e+00	primer-uds-south-grizli-v7.2	34297	3.05000000e+01	nan	nan	nan	nan	1
2	2.45076146e+00	3.24258343e+00	2.63412142e+00	primer-uds-south-grizli-v7.2	35638	5.00000000e-01	1.35218946e+10	1.97363380e+00	1.45958378e-10	1.12462103e+00	1
2	2.45076146e+00	3.24258343e+00	2.63412142e+00	primer-uds-south-grizli-v7.2	35638	2.00000000e+00	2.98150560e+09	1.93923533e+00	6.50421495e-10	7.33524069e-01	1
2	2.45076146e+00	3.24258343e+00	2.63412142e+00	primer-uds-south-grizli-v7.2	35638	3.50000000e+00	2.97352572e+08	5.18798395e-01	1.74472476e-09	5.53847724e-01	1
2	2.45076146e+00	3.24258343e+00	2.63412142e+00	primer-uds-south-grizli-v7.2	35638	5.00000000e+00	7.79507765e+07	1.90104434e-01	2.43877537e-09	4.96407032e-01	1
2	2.45076146e+00	3.24258343e+00	2.63412142e+00	primer-uds-south-grizli-v7.2	35638	6.50000000e+00	4.98395894e+07	1.18080574e-01	2.36921243e-09	4.88451563e-01	1
2	2.45076146e+00	3.24258343e+00	2.63412142e+00	primer-uds-south-grizli-v7.2	35638	8.00000000e+00	nan	nan	nan	nan	1
2	2.45076146e+00	3.24258343e+00	2.63412142e+00	primer-uds-south-grizli-v7.2	35638	9.50000000e+00	nan	nan	nan	nan	1
2	2.45076146e+00	3.24258343e+00	2.63412142e+00	primer-uds-south-grizli-v7.2	35638	1.10000000e+01	nan	nan	nan	nan	1
2	2.45076146e+00	3.24258343e+00	2.63412142e+00	primer-uds-south-grizli-v7.2	35638	1.25000000e+01	nan	nan	nan	nan	1
2	2.45076146e+00	3.24258343e+00	2.63412142e+00	primer-uds-south-grizli-v7.2	35638	1.40000000e+01	nan	nan	nan	nan	1
2	2.45076146e+00	3.24258343e+00	2.63412142e+00	primer-uds-south-grizli-v7.2	35638	1.55000000e+01	nan	nan	nan	nan	1
2	2.45076146e+00	3.24258343e+00	2.63412142e+00	primer-uds-south-grizli-v7.2	35638	1.70000000e+01	nan	nan	nan	nan	1
2	2.45076146e+00	3.24258343e+00	2.63412142e+00	primer-uds-south-grizli-v7.2	35638	1.85000000e+01	nan	nan	nan	nan	1
2	2.45076146e+00	3.24258343e+00	2.63412142e+00	primer-uds-south-grizli-v7.2	35638	2.00000000e+01	nan	nan	nan	nan	1
2	2.45076146e+00	3.24258343e+00	2.63412142e+00	primer-uds-south-grizli-v7.2	35638	2.15000000e+01	nan	nan	nan	nan	1
2	2.45076146e+00	3.24258343e+00	2.63412142e+00	primer-uds-south-grizli-v7.2	35638	2.30000000e+01	nan	nan	nan	nan	1
2	2.45076146e+00	3.24258343e+00	2.63412142e+00	primer-uds-south-grizli-v7.2	35638	2.45000000e+01	nan	nan	nan	nan	1
2	2.45076146e+00	3.24258343e+00	2.63412142e+00	primer-uds-south-grizli-v7.2	35638	2.60000000e+01	nan	nan	nan	nan	1
2	2.45076146e+00	3.24258343e+00	2.63412142e+00	primer-uds-south-grizli-v7.2	35638	2.75000000e+01	nan	nan	nan	nan	1
2	2.45076146e+00	3.24258343e+00	2.63412142e+00	primer-uds-south-grizli-v7.2	35638	2.90000000e+01	nan	nan	nan	nan	1
2	2.45076146e+00	3.24258343e+00	2.63412142e+00	primer-uds-south-grizli-v7.2	35638	3.05000000e+01	nan	nan	nan	nan	1
2	2.45076146e+00	3.24258343e+00	2.64551044e+00	primer-uds-south-grizli-v7.2	41483	5.00000000e-01	1.19068685e+10	2.09763550e+00	1.76170208e-10	1.45920279e+00	1
2	2.45076146e+00	3.24258343e+00	2.64551044e+00	primer-uds-south-grizli-v7.2	41483	2.00000000e+00	2.63280176e+09	5.68660786e+00	2.15990734e-09	9.55250727e-01	1
2	2.45076146e+00	3.24258343e+00	2.64551044e+00	primer-uds-south-grizli-v7.2	41483	3.50000000e+00	2.91233048e+08	2.29746934e+00	7.88876591e-09	4.12923766e-01	1
2	2.45076146e+00	3.24258343e+00	2.64551044e+00	primer-uds-south-grizli-v7.2	41483	5.00000000e+00	7.98800628e+07	4.65569791e-01	5.82836035e-09	3.80633162e-01	1
2	2.45076146e+00	3.24258343e+00	2.64551044e+00	primer-uds-south-grizli-v7.2	41483	6.50000000e+00	nan	nan	nan	nan	1
2	2.45076146e+00	3.24258343e+00	2.64551044e+00	primer-uds-south-grizli-v7.2	41483	8.00000000e+00	nan	nan	nan	nan	1
2	2.45076146e+00	3.24258343e+00	2.64551044e+00	primer-uds-south-grizli-v7.2	41483	9.50000000e+00	nan	nan	nan	nan	1
2	2.45076146e+00	3.24258343e+00	2.64551044e+00	primer-uds-south-grizli-v7.2	41483	1.10000000e+01	nan	nan	nan	nan	1
2	2.45076146e+00	3.24258343e+00	2.64551044e+00	primer-uds-south-grizli-v7.2	41483	1.25000000e+01	nan	nan	nan	nan	1
2	2.45076146e+00	3.24258343e+00	2.64551044e+00	primer-uds-south-grizli-v7.2	41483	1.40000000e+01	nan	nan	nan	nan	1
2	2.45076146e+00	3.24258343e+00	2.64551044e+00	primer-uds-south-grizli-v7.2	41483	1.55000000e+01	nan	nan	nan	nan	1
2	2.45076146e+00	3.24258343e+00	2.64551044e+00	primer-uds-south-grizli-v7.2	41483	1.70000000e+01	nan	nan	nan	nan	1
2	2.45076146e+00	3.24258343e+00	2.64551044e+00	primer-uds-south-grizli-v7.2	41483	1.85000000e+01	nan	nan	nan	nan	1
2	2.45076146e+00	3.24258343e+00	2.64551044e+00	primer-uds-south-grizli-v7.2	41483	2.00000000e+01	nan	nan	nan	nan	1
2	2.45076146e+00	3.24258343e+00	2.64551044e+00	primer-uds-south-grizli-v7.2	41483	2.15000000e+01	nan	nan	nan	nan	1
2	2.45076146e+00	3.24258343e+00	2.64551044e+00	primer-uds-south-grizli-v7.2	41483	2.30000000e+01	nan	nan	nan	nan	1
2	2.45076146e+00	3.24258343e+00	2.64551044e+00	primer-uds-south-grizli-v7.2	41483	2.45000000e+01	nan	nan	nan	nan	1
2	2.45076146e+00	3.24258343e+00	2.64551044e+00	primer-uds-south-grizli-v7.2	41483	2.60000000e+01	nan	nan	nan	nan	1
2	2.45076146e+00	3.24258343e+00	2.64551044e+00	primer-uds-south-grizli-v7.2	41483	2.75000000e+01	nan	nan	nan	nan	1
2	2.45076146e+00	3.24258343e+00	2.64551044e+00	primer-uds-south-grizli-v7.2	41483	2.90000000e+01	nan	nan	nan	nan	1
2	2.45076146e+00	3.24258343e+00	2.64551044e+00	primer-uds-south-grizli-v7.2	41483	3.05000000e+01	nan	nan	nan	nan	1
2	2.45076146e+00	3.24258343e+00	2.65895653e+00	primer-uds-south-grizli-v7.2	41598	5.00000000e-01	1.29445379e+10	6.87130981e-01	5.30826969e-11	1.32810114e+00	1
2	2.45076146e+00	3.24258343e+00	2.65895653e+00	primer-uds-south-grizli-v7.2	41598	2.00000000e+00	4.16411728e+09	2.54068550e+00	6.10137834e-10	9.05978111e-01	1
2	2.45076146e+00	3.24258343e+00	2.65895653e+00	primer-uds-south-grizli-v7.2	41598	3.50000000e+00	8.03201160e+08	2.23283667e+00	2.77992212e-09	6.07522371e-01	1
2	2.45076146e+00	3.24258343e+00	2.65895653e+00	primer-uds-south-grizli-v7.2	41598	5.00000000e+00	3.45910580e+08	9.06587109e-01	2.62087130e-09	5.61440163e-01	1
2	2.45076146e+00	3.24258343e+00	2.65895653e+00	primer-uds-south-grizli-v7.2	41598	6.50000000e+00	1.94339790e+08	5.67286014e-01	2.91904202e-09	5.27333662e-01	1
2	2.45076146e+00	3.24258343e+00	2.65895653e+00	primer-uds-south-grizli-v7.2	41598	8.00000000e+00	1.18697731e+08	3.53890300e-01	2.98144115e-09	4.82334413e-01	1
2	2.45076146e+00	3.24258343e+00	2.65895653e+00	primer-uds-south-grizli-v7.2	41598	9.50000000e+00	5.39588201e+07	2.19829324e-01	4.07402022e-09	3.89435880e-01	1
2	2.45076146e+00	3.24258343e+00	2.65895653e+00	primer-uds-south-grizli-v7.2	41598	1.10000000e+01	3.96659474e+07	1.69534187e-01	4.27404861e-09	3.43896272e-01	1
2	2.45076146e+00	3.24258343e+00	2.65895653e+00	primer-uds-south-grizli-v7.2	41598	1.25000000e+01	3.10385752e+07	8.81704214e-02	2.84067232e-09	3.56065430e-01	1
2	2.45076146e+00	3.24258343e+00	2.65895653e+00	primer-uds-south-grizli-v7.2	41598	1.40000000e+01	1.79624049e+07	1.93262541e-01	1.07592798e-08	3.10332953e-01	1
2	2.45076146e+00	3.24258343e+00	2.65895653e+00	primer-uds-south-grizli-v7.2	41598	1.55000000e+01	2.71021126e+07	1.94974683e-01	7.19407693e-09	3.10332953e-01	1
2	2.45076146e+00	3.24258343e+00	2.65895653e+00	primer-uds-south-grizli-v7.2	41598	1.70000000e+01	nan	nan	nan	nan	1
2	2.45076146e+00	3.24258343e+00	2.65895653e+00	primer-uds-south-grizli-v7.2	41598	1.85000000e+01	nan	nan	nan	nan	1
2	2.45076146e+00	3.24258343e+00	2.65895653e+00	primer-uds-south-grizli-v7.2	41598	2.00000000e+01	nan	nan	nan	nan	1
2	2.45076146e+00	3.24258343e+00	2.65895653e+00	primer-uds-south-grizli-v7.2	41598	2.15000000e+01	nan	nan	nan	nan	1
2	2.45076146e+00	3.24258343e+00	2.65895653e+00	primer-uds-south-grizli-v7.2	41598	2.30000000e+01	nan	nan	nan	nan	1
2	2.45076146e+00	3.24258343e+00	2.65895653e+00	primer-uds-south-grizli-v7.2	41598	2.45000000e+01	nan	nan	nan	nan	1
2	2.45076146e+00	3.24258343e+00	2.65895653e+00	primer-uds-south-grizli-v7.2	41598	2.60000000e+01	nan	nan	nan	nan	1
2	2.45076146e+00	3.24258343e+00	2.65895653e+00	primer-uds-south-grizli-v7.2	41598	2.75000000e+01	nan	nan	nan	nan	1
2	2.45076146e+00	3.24258343e+00	2.65895653e+00	primer-uds-south-grizli-v7.2	41598	2.90000000e+01	nan	nan	nan	nan	1
2	2.45076146e+00	3.24258343e+00	2.65895653e+00	primer-uds-south-grizli-v7.2	41598	3.05000000e+01	nan	nan	nan	nan	1
2	2.45076146e+00	3.24258343e+00	2.54418898e+00	primer-uds-south-grizli-v7.2	44431	5.00000000e-01	5.42542297e+09	1.71398778e+00	3.15917817e-10	9.12371476e-01	1
2	2.45076146e+00	3.24258343e+00	2.54418898e+00	primer-uds-south-grizli-v7.2	44431	2.00000000e+00	2.18397832e+09	1.55039774e+00	7.09896123e-10	7.65602443e-01	1
2	2.45076146e+00	3.24258343e+00	2.54418898e+00	primer-uds-south-grizli-v7.2	44431	3.50000000e+00	7.23257590e+08	6.79868152e-01	9.40008320e-10	6.99150339e-01	1
2	2.45076146e+00	3.24258343e+00	2.54418898e+00	primer-uds-south-grizli-v7.2	44431	5.00000000e+00	3.16395341e+08	3.09116377e-01	9.76994087e-10	6.68182703e-01	1
2	2.45076146e+00	3.24258343e+00	2.54418898e+00	primer-uds-south-grizli-v7.2	44431	6.50000000e+00	1.26676908e+08	1.62193926e-01	1.28037484e-09	5.95906224e-01	1
2	2.45076146e+00	3.24258343e+00	2.54418898e+00	primer-uds-south-grizli-v7.2	44431	8.00000000e+00	7.25379945e+07	1.40444959e-01	1.93615718e-09	5.25714221e-01	1
2	2.45076146e+00	3.24258343e+00	2.54418898e+00	primer-uds-south-grizli-v7.2	44431	9.50000000e+00	4.14609648e+07	1.46693962e-01	3.53812225e-09	4.69852559e-01	1
2	2.45076146e+00	3.24258343e+00	2.54418898e+00	primer-uds-south-grizli-v7.2	44431	1.10000000e+01	nan	nan	nan	nan	1
2	2.45076146e+00	3.24258343e+00	2.54418898e+00	primer-uds-south-grizli-v7.2	44431	1.25000000e+01	nan	nan	nan	nan	1
2	2.45076146e+00	3.24258343e+00	2.54418898e+00	primer-uds-south-grizli-v7.2	44431	1.40000000e+01	nan	nan	nan	nan	1
2	2.45076146e+00	3.24258343e+00	2.54418898e+00	primer-uds-south-grizli-v7.2	44431	1.55000000e+01	nan	nan	nan	nan	1
2	2.45076146e+00	3.24258343e+00	2.54418898e+00	primer-uds-south-grizli-v7.2	44431	1.70000000e+01	nan	nan	nan	nan	1
2	2.45076146e+00	3.24258343e+00	2.54418898e+00	primer-uds-south-grizli-v7.2	44431	1.85000000e+01	nan	nan	nan	nan	1
2	2.45076146e+00	3.24258343e+00	2.54418898e+00	primer-uds-south-grizli-v7.2	44431	2.00000000e+01	nan	nan	nan	nan	1
2	2.45076146e+00	3.24258343e+00	2.54418898e+00	primer-uds-south-grizli-v7.2	44431	2.15000000e+01	nan	nan	nan	nan	1
2	2.45076146e+00	3.24258343e+00	2.54418898e+00	primer-uds-south-grizli-v7.2	44431	2.30000000e+01	nan	nan	nan	nan	1
2	2.45076146e+00	3.24258343e+00	2.54418898e+00	primer-uds-south-grizli-v7.2	44431	2.45000000e+01	nan	nan	nan	nan	1
2	2.45076146e+00	3.24258343e+00	2.54418898e+00	primer-uds-south-grizli-v7.2	44431	2.60000000e+01	nan	nan	nan	nan	1
2	2.45076146e+00	3.24258343e+00	2.54418898e+00	primer-uds-south-grizli-v7.2	44431	2.75000000e+01	nan	nan	nan	nan	1
2	2.45076146e+00	3.24258343e+00	2.54418898e+00	primer-uds-south-grizli-v7.2	44431	2.90000000e+01	nan	nan	nan	nan	1
2	2.45076146e+00	3.24258343e+00	2.54418898e+00	primer-uds-south-grizli-v7.2	44431	3.05000000e+01	nan	nan	nan	nan	1
2	2.45076146e+00	3.24258343e+00	3.19677544e+00	primer-uds-south-grizli-v7.2	49371	5.00000000e-01	3.51177176e+09	2.96731106e+00	8.44961252e-10	6.53711123e-01	1
2	2.45076146e+00	3.24258343e+00	3.19677544e+00	primer-uds-south-grizli-v7.2	49371	2.00000000e+00	1.30423852e+09	3.75851281e+00	2.88176798e-09	3.41195534e-01	1
2	2.45076146e+00	3.24258343e+00	3.19677544e+00	primer-uds-south-grizli-v7.2	49371	3.50000000e+00	5.86072486e+08	2.31966697e+00	3.95798647e-09	2.87545618e-01	1
2	2.45076146e+00	3.24258343e+00	3.19677544e+00	primer-uds-south-grizli-v7.2	49371	5.00000000e+00	3.05790756e+08	1.59066161e+00	5.20179755e-09	2.62887573e-01	1
2	2.45076146e+00	3.24258343e+00	3.19677544e+00	primer-uds-south-grizli-v7.2	49371	6.50000000e+00	1.45930971e+08	1.21506248e+00	8.32628243e-09	2.43973450e-01	1
2	2.45076146e+00	3.24258343e+00	3.19677544e+00	primer-uds-south-grizli-v7.2	49371	8.00000000e+00	8.92374732e+07	6.02987896e-01	6.75711531e-09	2.27865991e-01	1
2	2.45076146e+00	3.24258343e+00	3.19677544e+00	primer-uds-south-grizli-v7.2	49371	9.50000000e+00	nan	nan	nan	nan	1
2	2.45076146e+00	3.24258343e+00	3.19677544e+00	primer-uds-south-grizli-v7.2	49371	1.10000000e+01	nan	nan	nan	nan	1
2	2.45076146e+00	3.24258343e+00	3.19677544e+00	primer-uds-south-grizli-v7.2	49371	1.25000000e+01	nan	nan	nan	nan	1
2	2.45076146e+00	3.24258343e+00	3.19677544e+00	primer-uds-south-grizli-v7.2	49371	1.40000000e+01	nan	nan	nan	nan	1
2	2.45076146e+00	3.24258343e+00	3.19677544e+00	primer-uds-south-grizli-v7.2	49371	1.55000000e+01	nan	nan	nan	nan	1
2	2.45076146e+00	3.24258343e+00	3.19677544e+00	primer-uds-south-grizli-v7.2	49371	1.70000000e+01	nan	nan	nan	nan	1
2	2.45076146e+00	3.24258343e+00	3.19677544e+00	primer-uds-south-grizli-v7.2	49371	1.85000000e+01	nan	nan	nan	nan	1
2	2.45076146e+00	3.24258343e+00	3.19677544e+00	primer-uds-south-grizli-v7.2	49371	2.00000000e+01	nan	nan	nan	nan	1
2	2.45076146e+00	3.24258343e+00	3.19677544e+00	primer-uds-south-grizli-v7.2	49371	2.15000000e+01	nan	nan	nan	nan	1
2	2.45076146e+00	3.24258343e+00	3.19677544e+00	primer-uds-south-grizli-v7.2	49371	2.30000000e+01	nan	nan	nan	nan	1
2	2.45076146e+00	3.24258343e+00	3.19677544e+00	primer-uds-south-grizli-v7.2	49371	2.45000000e+01	nan	nan	nan	nan	1
2	2.45076146e+00	3.24258343e+00	3.19677544e+00	primer-uds-south-grizli-v7.2	49371	2.60000000e+01	nan	nan	nan	nan	1
2	2.45076146e+00	3.24258343e+00	3.19677544e+00	primer-uds-south-grizli-v7.2	49371	2.75000000e+01	nan	nan	nan	nan	1
2	2.45076146e+00	3.24258343e+00	3.19677544e+00	primer-uds-south-grizli-v7.2	49371	2.90000000e+01	nan	nan	nan	nan	1
2	2.45076146e+00	3.24258343e+00	3.19677544e+00	primer-uds-south-grizli-v7.2	49371	3.05000000e+01	nan	nan	nan	nan	1
2	2.45076146e+00	3.24258343e+00	3.19398665e+00	primer-uds-south-grizli-v7.2	52916	5.00000000e-01	1.65224283e+10	5.53623414e-01	3.35073880e-11	1.46990837e+00	1
2	2.45076146e+00	3.24258343e+00	3.19398665e+00	primer-uds-south-grizli-v7.2	52916	2.00000000e+00	2.62583131e+09	2.34317637e+00	8.92356017e-10	7.75864349e-01	1
2	2.45076146e+00	3.24258343e+00	3.19398665e+00	primer-uds-south-grizli-v7.2	52916	3.50000000e+00	3.03131653e+08	1.42224594e+00	4.69184240e-09	3.55377159e-01	1
2	2.45076146e+00	3.24258343e+00	3.19398665e+00	primer-uds-south-grizli-v7.2	52916	5.00000000e+00	1.04594290e+08	5.78342888e-01	5.52939254e-09	3.05568607e-01	1
2	2.45076146e+00	3.24258343e+00	3.19398665e+00	primer-uds-south-grizli-v7.2	52916	6.50000000e+00	5.27219467e+07	3.54761645e-01	6.72891778e-09	3.18278915e-01	1
2	2.45076146e+00	3.24258343e+00	3.19398665e+00	primer-uds-south-grizli-v7.2	52916	8.00000000e+00	nan	nan	nan	nan	1
2	2.45076146e+00	3.24258343e+00	3.19398665e+00	primer-uds-south-grizli-v7.2	52916	9.50000000e+00	nan	nan	nan	nan	1
2	2.45076146e+00	3.24258343e+00	3.19398665e+00	primer-uds-south-grizli-v7.2	52916	1.10000000e+01	nan	nan	nan	nan	1
2	2.45076146e+00	3.24258343e+00	3.19398665e+00	primer-uds-south-grizli-v7.2	52916	1.25000000e+01	nan	nan	nan	nan	1
2	2.45076146e+00	3.24258343e+00	3.19398665e+00	primer-uds-south-grizli-v7.2	52916	1.40000000e+01	nan	nan	nan	nan	1
2	2.45076146e+00	3.24258343e+00	3.19398665e+00	primer-uds-south-grizli-v7.2	52916	1.55000000e+01	nan	nan	nan	nan	1
2	2.45076146e+00	3.24258343e+00	3.19398665e+00	primer-uds-south-grizli-v7.2	52916	1.70000000e+01	nan	nan	nan	nan	1
2	2.45076146e+00	3.24258343e+00	3.19398665e+00	primer-uds-south-grizli-v7.2	52916	1.85000000e+01	nan	nan	nan	nan	1
2	2.45076146e+00	3.24258343e+00	3.19398665e+00	primer-uds-south-grizli-v7.2	52916	2.00000000e+01	nan	nan	nan	nan	1
2	2.45076146e+00	3.24258343e+00	3.19398665e+00	primer-uds-south-grizli-v7.2	52916	2.15000000e+01	nan	nan	nan	nan	1
2	2.45076146e+00	3.24258343e+00	3.19398665e+00	primer-uds-south-grizli-v7.2	52916	2.30000000e+01	nan	nan	nan	nan	1
2	2.45076146e+00	3.24258343e+00	3.19398665e+00	primer-uds-south-grizli-v7.2	52916	2.45000000e+01	nan	nan	nan	nan	1
2	2.45076146e+00	3.24258343e+00	3.19398665e+00	primer-uds-south-grizli-v7.2	52916	2.60000000e+01	nan	nan	nan	nan	1
2	2.45076146e+00	3.24258343e+00	3.19398665e+00	primer-uds-south-grizli-v7.2	52916	2.75000000e+01	nan	nan	nan	nan	1
2	2.45076146e+00	3.24258343e+00	3.19398665e+00	primer-uds-south-grizli-v7.2	52916	2.90000000e+01	nan	nan	nan	nan	1
2	2.45076146e+00	3.24258343e+00	3.19398665e+00	primer-uds-south-grizli-v7.2	52916	3.05000000e+01	nan	nan	nan	nan	1
2	2.45076146e+00	3.24258343e+00	2.73090792e+00	primer-uds-south-grizli-v7.2	69140	5.00000000e-01	6.30901714e+09	6.24937038e+00	9.90545793e-10	5.51909280e-01	1
2	2.45076146e+00	3.24258343e+00	2.73090792e+00	primer-uds-south-grizli-v7.2	69140	2.00000000e+00	1.65682865e+09	2.77501235e+00	1.67489399e-09	4.82437508e-01	1
2	2.45076146e+00	3.24258343e+00	2.73090792e+00	primer-uds-south-grizli-v7.2	69140	3.50000000e+00	1.72874978e+08	5.74288024e-01	3.32198465e-09	3.73544962e-01	1
2	2.45076146e+00	3.24258343e+00	2.73090792e+00	primer-uds-south-grizli-v7.2	69140	5.00000000e+00	nan	nan	nan	nan	1
2	2.45076146e+00	3.24258343e+00	2.73090792e+00	primer-uds-south-grizli-v7.2	69140	6.50000000e+00	nan	nan	nan	nan	1
2	2.45076146e+00	3.24258343e+00	2.73090792e+00	primer-uds-south-grizli-v7.2	69140	8.00000000e+00	nan	nan	nan	nan	1
2	2.45076146e+00	3.24258343e+00	2.73090792e+00	primer-uds-south-grizli-v7.2	69140	9.50000000e+00	nan	nan	nan	nan	1
2	2.45076146e+00	3.24258343e+00	2.73090792e+00	primer-uds-south-grizli-v7.2	69140	1.10000000e+01	nan	nan	nan	nan	1
2	2.45076146e+00	3.24258343e+00	2.73090792e+00	primer-uds-south-grizli-v7.2	69140	1.25000000e+01	nan	nan	nan	nan	1
2	2.45076146e+00	3.24258343e+00	2.73090792e+00	primer-uds-south-grizli-v7.2	69140	1.40000000e+01	nan	nan	nan	nan	1
2	2.45076146e+00	3.24258343e+00	2.73090792e+00	primer-uds-south-grizli-v7.2	69140	1.55000000e+01	nan	nan	nan	nan	1
2	2.45076146e+00	3.24258343e+00	2.73090792e+00	primer-uds-south-grizli-v7.2	69140	1.70000000e+01	nan	nan	nan	nan	1
2	2.45076146e+00	3.24258343e+00	2.73090792e+00	primer-uds-south-grizli-v7.2	69140	1.85000000e+01	nan	nan	nan	nan	1
2	2.45076146e+00	3.24258343e+00	2.73090792e+00	primer-uds-south-grizli-v7.2	69140	2.00000000e+01	nan	nan	nan	nan	1
2	2.45076146e+00	3.24258343e+00	2.73090792e+00	primer-uds-south-grizli-v7.2	69140	2.15000000e+01	nan	nan	nan	nan	1
2	2.45076146e+00	3.24258343e+00	2.73090792e+00	primer-uds-south-grizli-v7.2	69140	2.30000000e+01	nan	nan	nan	nan	1
2	2.45076146e+00	3.24258343e+00	2.73090792e+00	primer-uds-south-grizli-v7.2	69140	2.45000000e+01	nan	nan	nan	nan	1
2	2.45076146e+00	3.24258343e+00	2.73090792e+00	primer-uds-south-grizli-v7.2	69140	2.60000000e+01	nan	nan	nan	nan	1
2	2.45076146e+00	3.24258343e+00	2.73090792e+00	primer-uds-south-grizli-v7.2	69140	2.75000000e+01	nan	nan	nan	nan	1
2	2.45076146e+00	3.24258343e+00	2.73090792e+00	primer-uds-south-grizli-v7.2	69140	2.90000000e+01	nan	nan	nan	nan	1
2	2.45076146e+00	3.24258343e+00	2.73090792e+00	primer-uds-south-grizli-v7.2	69140	3.05000000e+01	nan	nan	nan	nan	1
3	3.24258343e+00	4.08216943e+00	3.52796721e+00	ceers-full-grizli-v7.2	9303	5.00000000e-01	1.03532693e+10	4.05908454e+00	3.92058242e-10	1.11449841e+00	1
3	3.24258343e+00	4.08216943e+00	3.52796721e+00	ceers-full-grizli-v7.2	9303	2.00000000e+00	1.97644375e+09	1.31117776e+00	6.63402518e-10	7.36995779e-01	1
3	3.24258343e+00	4.08216943e+00	3.52796721e+00	ceers-full-grizli-v7.2	9303	3.50000000e+00	1.84157321e+08	4.70280627e-01	2.55368955e-09	3.27855445e-01	1
3	3.24258343e+00	4.08216943e+00	3.52796721e+00	ceers-full-grizli-v7.2	9303	5.00000000e+00	7.69223504e+07	3.07174868e-01	3.99331100e-09	2.69495714e-01	1
3	3.24258343e+00	4.08216943e+00	3.52796721e+00	ceers-full-grizli-v7.2	9303	6.50000000e+00	4.69112363e+07	2.02045592e-01	4.30697649e-09	2.58833363e-01	1
3	3.24258343e+00	4.08216943e+00	3.52796721e+00	ceers-full-grizli-v7.2	9303	8.00000000e+00	2.96176212e+07	1.05085537e-01	3.54807483e-09	2.57158812e-01	1
3	3.24258343e+00	4.08216943e+00	3.52796721e+00	ceers-full-grizli-v7.2	9303	9.50000000e+00	2.15456213e+07	9.63477110e-02	4.47180007e-09	2.61808806e-01	1
3	3.24258343e+00	4.08216943e+00	3.52796721e+00	ceers-full-grizli-v7.2	9303	1.10000000e+01	2.30853854e+07	5.58964712e-02	2.42129253e-09	2.78603994e-01	1
3	3.24258343e+00	4.08216943e+00	3.52796721e+00	ceers-full-grizli-v7.2	9303	1.25000000e+01	nan	nan	nan	nan	0
3	3.24258343e+00	4.08216943e+00	3.52796721e+00	ceers-full-grizli-v7.2	9303	1.40000000e+01	nan	nan	nan	nan	0
3	3.24258343e+00	4.08216943e+00	3.52796721e+00	ceers-full-grizli-v7.2	9303	1.55000000e+01	nan	nan	nan	nan	0
3	3.24258343e+00	4.08216943e+00	3.52796721e+00	ceers-full-grizli-v7.2	9303	1.70000000e+01	nan	nan	nan	nan	0
3	3.24258343e+00	4.08216943e+00	3.52796721e+00	ceers-full-grizli-v7.2	9303	1.85000000e+01	nan	nan	nan	nan	0
3	3.24258343e+00	4.08216943e+00	3.52796721e+00	ceers-full-grizli-v7.2	9303	2.00000000e+01	nan	nan	nan	nan	0
3	3.24258343e+00	4.08216943e+00	3.52796721e+00	ceers-full-grizli-v7.2	9303	2.15000000e+01	nan	nan	nan	nan	0
3	3.24258343e+00	4.08216943e+00	3.52796721e+00	ceers-full-grizli-v7.2	9303	2.30000000e+01	nan	nan	nan	nan	0
3	3.24258343e+00	4.08216943e+00	3.52796721e+00	ceers-full-grizli-v7.2	9303	2.45000000e+01	nan	nan	nan	nan	0
3	3.24258343e+00	4.08216943e+00	3.52796721e+00	ceers-full-grizli-v7.2	9303	2.60000000e+01	nan	nan	nan	nan	0
3	3.24258343e+00	4.08216943e+00	3.52796721e+00	ceers-full-grizli-v7.2	9303	2.75000000e+01	nan	nan	nan	nan	0
3	3.24258343e+00	4.08216943e+00	3.52796721e+00	ceers-full-grizli-v7.2	9303	2.90000000e+01	nan	nan	nan	nan	0
3	3.24258343e+00	4.08216943e+00	3.52796721e+00	ceers-full-grizli-v7.2	9303	3.05000000e+01	nan	nan	nan	nan	0
3	3.24258343e+00	4.08216943e+00	3.77291179e+00	ceers-full-grizli-v7.2	19174	5.00000000e-01	4.15378398e+09	2.55099059e-01	6.14136556e-11	6.60846619e-01	1
3	3.24258343e+00	4.08216943e+00	3.77291179e+00	ceers-full-grizli-v7.2	19174	2.00000000e+00	1.83066511e+09	2.25019347e+00	1.22916718e-09	5.77292177e-01	1
3	3.24258343e+00	4.08216943e+00	3.77291179e+00	ceers-full-grizli-v7.2	19174	3.50000000e+00	4.69809229e+08	1.39581681e+00	2.97102892e-09	4.53516477e-01	1
3	3.24258343e+00	4.08216943e+00	3.77291179e+00	ceers-full-grizli-v7.2	19174	5.00000000e+00	2.09378561e+08	9.11223415e-01	4.35203782e-09	3.53443172e-01	1
3	3.24258343e+00	4.08216943e+00	3.77291179e+00	ceers-full-grizli-v7.2	19174	6.50000000e+00	1.28706102e+08	7.02704778e-01	5.45976271e-09	3.09256474e-01	1
3	3.24258343e+00	4.08216943e+00	3.77291179e+00	ceers-full-grizli-v7.2	19174	8.00000000e+00	1.00473998e+08	5.47523121e-01	5.44940118e-09	2.85080123e-01	1
3	3.24258343e+00	4.08216943e+00	3.77291179e+00	ceers-full-grizli-v7.2	19174	9.50000000e+00	nan	nan	nan	nan	1
3	3.24258343e+00	4.08216943e+00	3.77291179e+00	ceers-full-grizli-v7.2	19174	1.10000000e+01	nan	nan	nan	nan	1
3	3.24258343e+00	4.08216943e+00	3.77291179e+00	ceers-full-grizli-v7.2	19174	1.25000000e+01	nan	nan	nan	nan	0
3	3.24258343e+00	4.08216943e+00	3.77291179e+00	ceers-full-grizli-v7.2	19174	1.40000000e+01	nan	nan	nan	nan	0
3	3.24258343e+00	4.08216943e+00	3.77291179e+00	ceers-full-grizli-v7.2	19174	1.55000000e+01	nan	nan	nan	nan	0
3	3.24258343e+00	4.08216943e+00	3.77291179e+00	ceers-full-grizli-v7.2	19174	1.70000000e+01	nan	nan	nan	nan	0
3	3.24258343e+00	4.08216943e+00	3.77291179e+00	ceers-full-grizli-v7.2	19174	1.85000000e+01	nan	nan	nan	nan	0
3	3.24258343e+00	4.08216943e+00	3.77291179e+00	ceers-full-grizli-v7.2	19174	2.00000000e+01	nan	nan	nan	nan	0
3	3.24258343e+00	4.08216943e+00	3.77291179e+00	ceers-full-grizli-v7.2	19174	2.15000000e+01	nan	nan	nan	nan	0
3	3.24258343e+00	4.08216943e+00	3.77291179e+00	ceers-full-grizli-v7.2	19174	2.30000000e+01	nan	nan	nan	nan	0
3	3.24258343e+00	4.08216943e+00	3.77291179e+00	ceers-full-grizli-v7.2	19174	2.45000000e+01	nan	nan	nan	nan	0
3	3.24258343e+00	4.08216943e+00	3.77291179e+00	ceers-full-grizli-v7.2	19174	2.60000000e+01	nan	nan	nan	nan	0
3	3.24258343e+00	4.08216943e+00	3.77291179e+00	ceers-full-grizli-v7.2	19174	2.75000000e+01	nan	nan	nan	nan	0
3	3.24258343e+00	4.08216943e+00	3.77291179e+00	ceers-full-grizli-v7.2	19174	2.90000000e+01	nan	nan	nan	nan	0
3	3.24258343e+00	4.08216943e+00	3.77291179e+00	ceers-full-grizli-v7.2	19174	3.05000000e+01	nan	nan	nan	nan	0
3	3.24258343e+00	4.08216943e+00	3.89179325e+00	ceers-full-grizli-v7.2	25712	5.00000000e-01	5.37708806e+09	3.12056148e+00	5.80344129e-10	7.57694558e-01	1
3	3.24258343e+00	4.08216943e+00	3.89179325e+00	ceers-full-grizli-v7.2	25712	2.00000000e+00	1.80526821e+09	2.69853820e+00	1.49481289e-09	4.11250637e-01	1
3	3.24258343e+00	4.08216943e+00	3.89179325e+00	ceers-full-grizli-v7.2	25712	3.50000000e+00	5.09601373e+08	1.78963135e+00	3.51182599e-09	2.79905840e-01	1
3	3.24258343e+00	4.08216943e+00	3.89179325e+00	ceers-full-grizli-v7.2	25712	5.00000000e+00	2.10585552e+08	7.92272966e-01	3.76223800e-09	2.59820071e-01	1
3	3.24258343e+00	4.08216943e+00	3.89179325e+00	ceers-full-grizli-v7.2	25712	6.50000000e+00	1.22393923e+08	5.45814892e-01	4.45949339e-09	2.49261551e-01	1
3	3.24258343e+00	4.08216943e+00	3.89179325e+00	ceers-full-grizli-v7.2	25712	8.00000000e+00	7.76437100e+07	3.21187544e-01	4.13668466e-09	2.46159813e-01	1
3	3.24258343e+00	4.08216943e+00	3.89179325e+00	ceers-full-grizli-v7.2	25712	9.50000000e+00	3.39710100e+07	1.20040181e-01	3.53360647e-09	2.33269420e-01	1
3	3.24258343e+00	4.08216943e+00	3.89179325e+00	ceers-full-grizli-v7.2	25712	1.10000000e+01	nan	nan	nan	nan	1
3	3.24258343e+00	4.08216943e+00	3.89179325e+00	ceers-full-grizli-v7.2	25712	1.25000000e+01	nan	nan	nan	nan	0
3	3.24258343e+00	4.08216943e+00	3.89179325e+00	ceers-full-grizli-v7.2	25712	1.40000000e+01	nan	nan	nan	nan	0
3	3.24258343e+00	4.08216943e+00	3.89179325e+00	ceers-full-grizli-v7.2	25712	1.55000000e+01	nan	nan	nan	nan	0
3	3.24258343e+00	4.08216943e+00	3.89179325e+00	ceers-full-grizli-v7.2	25712	1.70000000e+01	nan	nan	nan	nan	0
3	3.24258343e+00	4.08216943e+00	3.89179325e+00	ceers-full-grizli-v7.2	25712	1.85000000e+01	nan	nan	nan	nan	0
3	3.24258343e+00	4.08216943e+00	3.89179325e+00	ceers-full-grizli-v7.2	25712	2.00000000e+01	nan	nan	nan	nan	0
3	3.24258343e+00	4.08216943e+00	3.89179325e+00	ceers-full-grizli-v7.2	25712	2.15000000e+01	nan	nan	nan	nan	0
3	3.24258343e+00	4.08216943e+00	3.89179325e+00	ceers-full-grizli-v7.2	25712	2.30000000e+01	nan	nan	nan	nan	0
3	3.24258343e+00	4.08216943e+00	3.89179325e+00	ceers-full-grizli-v7.2	25712	2.45000000e+01	nan	nan	nan	nan	0
3	3.24258343e+00	4.08216943e+00	3.89179325e+00	ceers-full-grizli-v7.2	25712	2.60000000e+01	nan	nan	nan	nan	0
3	3.24258343e+00	4.08216943e+00	3.89179325e+00	ceers-full-grizli-v7.2	25712	2.75000000e+01	nan	nan	nan	nan	0
3	3.24258343e+00	4.08216943e+00	3.89179325e+00	ceers-full-grizli-v7.2	25712	2.90000000e+01	nan	nan	nan	nan	0
3	3.24258343e+00	4.08216943e+00	3.89179325e+00	ceers-full-grizli-v7.2	25712	3.05000000e+01	nan	nan	nan	nan	0
3	3.24258343e+00	4.08216943e+00	3.43746710e+00	ceers-full-grizli-v7.2	42799	5.00000000e-01	4.36521867e+09	1.91914251e+01	4.39644072e-09	3.44239562e-01	1
3	3.24258343e+00	4.08216943e+00	3.43746710e+00	ceers-full-grizli-v7.2	42799	2.00000000e+00	1.21400699e+09	2.66757946e+00	2.19733452e-09	3.98868059e-01	1
3	3.24258343e+00	4.08216943e+00	3.43746710e+00	ceers-full-grizli-v7.2	42799	3.50000000e+00	2.54990501e+08	5.38232871e-01	2.11079578e-09	3.50858489e-01	1
3	3.24258343e+00	4.08216943e+00	3.43746710e+00	ceers-full-grizli-v7.2	42799	5.00000000e+00	9.25307560e+07	2.46489056e-01	2.66386083e-09	2.92814391e-01	1
3	3.24258343e+00	4.08216943e+00	3.43746710e+00	ceers-full-grizli-v7.2	42799	6.50000000e+00	3.83384022e+07	1.30559332e-01	3.40544531e-09	2.58423049e-01	1
3	3.24258343e+00	4.08216943e+00	3.43746710e+00	ceers-full-grizli-v7.2	42799	8.00000000e+00	2.69842057e+07	9.91958493e-02	3.67607075e-09	2.53250420e-01	1
3	3.24258343e+00	4.08216943e+00	3.43746710e+00	ceers-full-grizli-v7.2	42799	9.50000000e+00	2.02091290e+07	9.01390767e-02	4.46031477e-09	2.06011811e-01	1
3	3.24258343e+00	4.08216943e+00	3.43746710e+00	ceers-full-grizli-v7.2	42799	1.10000000e+01	1.54401599e+07	9.90321155e-02	6.41393068e-09	1.41915101e-01	1
3	3.24258343e+00	4.08216943e+00	3.43746710e+00	ceers-full-grizli-v7.2	42799	1.25000000e+01	nan	nan	nan	nan	0
3	3.24258343e+00	4.08216943e+00	3.43746710e+00	ceers-full-grizli-v7.2	42799	1.40000000e+01	nan	nan	nan	nan	0
3	3.24258343e+00	4.08216943e+00	3.43746710e+00	ceers-full-grizli-v7.2	42799	1.55000000e+01	nan	nan	nan	nan	0
3	3.24258343e+00	4.08216943e+00	3.43746710e+00	ceers-full-grizli-v7.2	42799	1.70000000e+01	nan	nan	nan	nan	0
3	3.24258343e+00	4.08216943e+00	3.43746710e+00	ceers-full-grizli-v7.2	42799	1.85000000e+01	nan	nan	nan	nan	0
3	3.24258343e+00	4.08216943e+00	3.43746710e+00	ceers-full-grizli-v7.2	42799	2.00000000e+01	nan	nan	nan	nan	0
3	3.24258343e+00	4.08216943e+00	3.43746710e+00	ceers-full-grizli-v7.2	42799	2.15000000e+01	nan	nan	nan	nan	0
3	3.24258343e+00	4.08216943e+00	3.43746710e+00	ceers-full-grizli-v7.2	42799	2.30000000e+01	nan	nan	nan	nan	0
3	3.24258343e+00	4.08216943e+00	3.43746710e+00	ceers-full-grizli-v7.2	42799	2.45000000e+01	nan	nan	nan	nan	0
3	3.24258343e+00	4.08216943e+00	3.43746710e+00	ceers-full-grizli-v7.2	42799	2.60000000e+01	nan	nan	nan	nan	0
3	3.24258343e+00	4.08216943e+00	3.43746710e+00	ceers-full-grizli-v7.2	42799	2.75000000e+01	nan	nan	nan	nan	0
3	3.24258343e+00	4.08216943e+00	3.43746710e+00	ceers-full-grizli-v7.2	42799	2.90000000e+01	nan	nan	nan	nan	0
3	3.24258343e+00	4.08216943e+00	3.43746710e+00	ceers-full-grizli-v7.2	42799	3.05000000e+01	nan	nan	nan	nan	0
3	3.24258343e+00	4.08216943e+00	3.45268393e+00	ceers-full-grizli-v7.2	50869	5.00000000e-01	3.23560573e+09	1.78770442e+01	5.52509969e-09	1.56637416e-01	1
3	3.24258343e+00	4.08216943e+00	3.45268393e+00	ceers-full-grizli-v7.2	50869	2.00000000e+00	7.73707950e+08	4.17739285e+00	5.39918564e-09	1.60177292e-01	1
3	3.24258343e+00	4.08216943e+00	3.45268393e+00	ceers-full-grizli-v7.2	50869	3.50000000e+00	2.04429347e+08	1.04820614e+00	5.12747388e-09	1.66646501e-01	1
3	3.24258343e+00	4.08216943e+00	3.45268393e+00	ceers-full-grizli-v7.2	50869	5.00000000e+00	9.43692009e+07	4.51138623e-01	4.78057056e-09	1.81819422e-01	1
3	3.24258343e+00	4.08216943e+00	3.45268393e+00	ceers-full-grizli-v7.2	50869	6.50000000e+00	5.43822184e+07	2.09099132e-01	3.84499085e-09	2.15677914e-01	1
3	3.24258343e+00	4.08216943e+00	3.45268393e+00	ceers-full-grizli-v7.2	50869	8.00000000e+00	4.18708620e+07	1.38846885e-01	3.31607420e-09	2.47647306e-01	1
3	3.24258343e+00	4.08216943e+00	3.45268393e+00	ceers-full-grizli-v7.2	50869	9.50000000e+00	3.50803783e+07	1.05617286e-01	3.01072254e-09	2.61726041e-01	1
3	3.24258343e+00	4.08216943e+00	3.45268393e+00	ceers-full-grizli-v7.2	50869	1.10000000e+01	3.19935294e+07	9.04342256e-02	2.82664111e-09	2.65449686e-01	1
3	3.24258343e+00	4.08216943e+00	3.45268393e+00	ceers-full-grizli-v7.2	50869	1.25000000e+01	3.04500554e+07	7.69732754e-02	2.52785338e-09	2.68817835e-01	0
3	3.24258343e+00	4.08216943e+00	3.45268393e+00	ceers-full-grizli-v7.2	50869	1.40000000e+01	2.69529934e+07	6.99805133e-02	2.59639114e-09	2.72493445e-01	0
3	3.24258343e+00	4.08216943e+00	3.45268393e+00	ceers-full-grizli-v7.2	50869	1.55000000e+01	2.81943311e+07	6.10467468e-02	2.16521352e-09	2.74851124e-01	0
3	3.24258343e+00	4.08216943e+00	3.45268393e+00	ceers-full-grizli-v7.2	50869	1.70000000e+01	2.51449598e+07	6.42559866e-02	2.55542212e-09	2.71026755e-01	0
3	3.24258343e+00	4.08216943e+00	3.45268393e+00	ceers-full-grizli-v7.2	50869	1.85000000e+01	2.20534390e+07	5.55081673e-02	2.51698465e-09	2.46451978e-01	0
3	3.24258343e+00	4.08216943e+00	3.45268393e+00	ceers-full-grizli-v7.2	50869	2.00000000e+01	nan	nan	nan	nan	0
3	3.24258343e+00	4.08216943e+00	3.45268393e+00	ceers-full-grizli-v7.2	50869	2.15000000e+01	nan	nan	nan	nan	0
3	3.24258343e+00	4.08216943e+00	3.45268393e+00	ceers-full-grizli-v7.2	50869	2.30000000e+01	nan	nan	nan	nan	0
3	3.24258343e+00	4.08216943e+00	3.45268393e+00	ceers-full-grizli-v7.2	50869	2.45000000e+01	nan	nan	nan	nan	0
3	3.24258343e+00	4.08216943e+00	3.45268393e+00	ceers-full-grizli-v7.2	50869	2.60000000e+01	nan	nan	nan	nan	0
3	3.24258343e+00	4.08216943e+00	3.45268393e+00	ceers-full-grizli-v7.2	50869	2.75000000e+01	nan	nan	nan	nan	0
3	3.24258343e+00	4.08216943e+00	3.45268393e+00	ceers-full-grizli-v7.2	50869	2.90000000e+01	nan	nan	nan	nan	0
3	3.24258343e+00	4.08216943e+00	3.45268393e+00	ceers-full-grizli-v7.2	50869	3.05000000e+01	nan	nan	nan	nan	0
3	3.24258343e+00	4.08216943e+00	3.44046998e+00	ceers-full-grizli-v7.2	53892	5.00000000e-01	2.19744634e+10	1.13933991e+02	5.18483610e-09	3.06330703e-01	1
3	3.24258343e+00	4.08216943e+00	3.44046998e+00	ceers-full-grizli-v7.2	53892	2.00000000e+00	4.97937185e+09	2.74584778e+01	5.51444613e-09	2.93784448e-01	1
3	3.24258343e+00	4.08216943e+00	3.44046998e+00	ceers-full-grizli-v7.2	53892	3.50000000e+00	1.35734637e+09	6.72299933e+00	4.95304623e-09	3.16459439e-01	1
3	3.24258343e+00	4.08216943e+00	3.44046998e+00	ceers-full-grizli-v7.2	53892	5.00000000e+00	5.54742477e+08	2.33288589e+00	4.20534930e-09	3.46812399e-01	1
3	3.24258343e+00	4.08216943e+00	3.44046998e+00	ceers-full-grizli-v7.2	53892	6.50000000e+00	1.95337602e+08	7.62978510e-01	3.90594797e-09	3.31319274e-01	1
3	3.24258343e+00	4.08216943e+00	3.44046998e+00	ceers-full-grizli-v7.2	53892	8.00000000e+00	9.97540561e+07	3.57067244e-01	3.57947594e-09	3.21008274e-01	1
3	3.24258343e+00	4.08216943e+00	3.44046998e+00	ceers-full-grizli-v7.2	53892	9.50000000e+00	8.72761826e+07	4.17202641e-01	4.78025767e-09	3.26708064e-01	1
3	3.24258343e+00	4.08216943e+00	3.44046998e+00	ceers-full-grizli-v7.2	53892	1.10000000e+01	9.00106822e+07	4.18152495e-01	4.64558744e-09	3.15167053e-01	1
3	3.24258343e+00	4.08216943e+00	3.44046998e+00	ceers-full-grizli-v7.2	53892	1.25000000e+01	5.06248731e+07	2.01359943e-01	3.97749032e-09	2.97971652e-01	0
3	3.24258343e+00	4.08216943e+00	3.44046998e+00	ceers-full-grizli-v7.2	53892	1.40000000e+01	3.29331439e+07	1.36026472e-01	4.13038223e-09	2.70316107e-01	0
3	3.24258343e+00	4.08216943e+00	3.44046998e+00	ceers-full-grizli-v7.2	53892	1.55000000e+01	2.38303545e+07	1.22592571e-01	5.14438723e-09	3.33978331e-01	0
3	3.24258343e+00	4.08216943e+00	3.44046998e+00	ceers-full-grizli-v7.2	53892	1.70000000e+01	nan	nan	nan	nan	0
3	3.24258343e+00	4.08216943e+00	3.44046998e+00	ceers-full-grizli-v7.2	53892	1.85000000e+01	nan	nan	nan	nan	0
3	3.24258343e+00	4.08216943e+00	3.44046998e+00	ceers-full-grizli-v7.2	53892	2.00000000e+01	nan	nan	nan	nan	0
3	3.24258343e+00	4.08216943e+00	3.44046998e+00	ceers-full-grizli-v7.2	53892	2.15000000e+01	nan	nan	nan	nan	0
3	3.24258343e+00	4.08216943e+00	3.44046998e+00	ceers-full-grizli-v7.2	53892	2.30000000e+01	nan	nan	nan	nan	0
3	3.24258343e+00	4.08216943e+00	3.44046998e+00	ceers-full-grizli-v7.2	53892	2.45000000e+01	nan	nan	nan	nan	0
3	3.24258343e+00	4.08216943e+00	3.44046998e+00	ceers-full-grizli-v7.2	53892	2.60000000e+01	nan	nan	nan	nan	0
3	3.24258343e+00	4.08216943e+00	3.44046998e+00	ceers-full-grizli-v7.2	53892	2.75000000e+01	nan	nan	nan	nan	0
3	3.24258343e+00	4.08216943e+00	3.44046998e+00	ceers-full-grizli-v7.2	53892	2.90000000e+01	nan	nan	nan	nan	0
3	3.24258343e+00	4.08216943e+00	3.44046998e+00	ceers-full-grizli-v7.2	53892	3.05000000e+01	nan	nan	nan	nan	0
3	3.24258343e+00	4.08216943e+00	3.64016008e+00	ceers-full-grizli-v7.2	55077	5.00000000e-01	1.80954548e+10	8.26154907e+01	4.56553822e-09	6.01701765e-01	1
3	3.24258343e+00	4.08216943e+00	3.64016008e+00	ceers-full-grizli-v7.2	55077	2.00000000e+00	3.49840773e+09	1.08046023e+00	3.08843426e-10	8.07939837e-01	1
3	3.24258343e+00	4.08216943e+00	3.64016008e+00	ceers-full-grizli-v7.2	55077	3.50000000e+00	5.23432328e+08	5.20958887e-01	9.95274572e-10	5.75367690e-01	1
3	3.24258343e+00	4.08216943e+00	3.64016008e+00	ceers-full-grizli-v7.2	55077	5.00000000e+00	1.56080279e+08	2.85025385e-01	1.82614606e-09	4.41839806e-01	1
3	3.24258343e+00	4.08216943e+00	3.64016008e+00	ceers-full-grizli-v7.2	55077	6.50000000e+00	5.80279647e+07	1.34447635e-01	2.31694555e-09	3.91479938e-01	1
3	3.24258343e+00	4.08216943e+00	3.64016008e+00	ceers-full-grizli-v7.2	55077	8.00000000e+00	3.27895577e+07	1.35573533e-01	4.13465574e-09	3.01509695e-01	1
3	3.24258343e+00	4.08216943e+00	3.64016008e+00	ceers-full-grizli-v7.2	55077	9.50000000e+00	3.70793016e+07	6.87230024e-02	1.85340606e-09	2.62857605e-01	1
3	3.24258343e+00	4.08216943e+00	3.64016008e+00	ceers-full-grizli-v7.2	55077	1.10000000e+01	nan	nan	nan	nan	1
3	3.24258343e+00	4.08216943e+00	3.64016008e+00	ceers-full-grizli-v7.2	55077	1.25000000e+01	nan	nan	nan	nan	0
3	3.24258343e+00	4.08216943e+00	3.64016008e+00	ceers-full-grizli-v7.2	55077	1.40000000e+01	nan	nan	nan	nan	0
3	3.24258343e+00	4.08216943e+00	3.64016008e+00	ceers-full-grizli-v7.2	55077	1.55000000e+01	nan	nan	nan	nan	0
3	3.24258343e+00	4.08216943e+00	3.64016008e+00	ceers-full-grizli-v7.2	55077	1.70000000e+01	nan	nan	nan	nan	0
3	3.24258343e+00	4.08216943e+00	3.64016008e+00	ceers-full-grizli-v7.2	55077	1.85000000e+01	nan	nan	nan	nan	0
3	3.24258343e+00	4.08216943e+00	3.64016008e+00	ceers-full-grizli-v7.2	55077	2.00000000e+01	nan	nan	nan	nan	0
3	3.24258343e+00	4.08216943e+00	3.64016008e+00	ceers-full-grizli-v7.2	55077	2.15000000e+01	nan	nan	nan	nan	0
3	3.24258343e+00	4.08216943e+00	3.64016008e+00	ceers-full-grizli-v7.2	55077	2.30000000e+01	nan	nan	nan	nan	0
3	3.24258343e+00	4.08216943e+00	3.64016008e+00	ceers-full-grizli-v7.2	55077	2.45000000e+01	nan	nan	nan	nan	0
3	3.24258343e+00	4.08216943e+00	3.64016008e+00	ceers-full-grizli-v7.2	55077	2.60000000e+01	nan	nan	nan	nan	0
3	3.24258343e+00	4.08216943e+00	3.64016008e+00	ceers-full-grizli-v7.2	55077	2.75000000e+01	nan	nan	nan	nan	0
3	3.24258343e+00	4.08216943e+00	3.64016008e+00	ceers-full-grizli-v7.2	55077	2.90000000e+01	nan	nan	nan	nan	0
3	3.24258343e+00	4.08216943e+00	3.64016008e+00	ceers-full-grizli-v7.2	55077	3.05000000e+01	nan	nan	nan	nan	0
3	3.24258343e+00	4.08216943e+00	3.38107371e+00	ceers-full-grizli-v7.2	61167	5.00000000e-01	5.27279182e+09	1.02933375e+01	1.95216079e-09	7.62900446e-01	1
3	3.24258343e+00	4.08216943e+00	3.38107371e+00	ceers-full-grizli-v7.2	61167	2.00000000e+00	1.12831603e+09	1.41804239e+00	1.25677767e-09	6.40186771e-01	1
3	3.24258343e+00	4.08216943e+00	3.38107371e+00	ceers-full-grizli-v7.2	61167	3.50000000e+00	1.33891603e+08	2.77564792e-01	2.07305600e-09	3.69216424e-01	1
3	3.24258343e+00	4.08216943e+00	3.38107371e+00	ceers-full-grizli-v7.2	61167	5.00000000e+00	4.52688684e+07	1.42040018e-01	3.13769756e-09	2.86512345e-01	1
3	3.24258343e+00	4.08216943e+00	3.38107371e+00	ceers-full-grizli-v7.2	61167	6.50000000e+00	2.99857089e+07	1.21753026e-01	4.06036843e-09	2.75301591e-01	1
3	3.24258343e+00	4.08216943e+00	3.38107371e+00	ceers-full-grizli-v7.2	61167	8.00000000e+00	2.64898576e+07	1.21090741e-01	4.57121148e-09	2.31122490e-01	1
3	3.24258343e+00	4.08216943e+00	3.38107371e+00	ceers-full-grizli-v7.2	61167	9.50000000e+00	2.19195860e+07	8.46883650e-02	3.86359328e-09	2.27533006e-01	1
3	3.24258343e+00	4.08216943e+00	3.38107371e+00	ceers-full-grizli-v7.2	61167	1.10000000e+01	2.05163386e+07	8.48883067e-02	4.13759532e-09	2.01027303e-01	1
3	3.24258343e+00	4.08216943e+00	3.38107371e+00	ceers-full-grizli-v7.2	61167	1.25000000e+01	nan	nan	nan	nan	0
3	3.24258343e+00	4.08216943e+00	3.38107371e+00	ceers-full-grizli-v7.2	61167	1.40000000e+01	nan	nan	nan	nan	0
3	3.24258343e+00	4.08216943e+00	3.38107371e+00	ceers-full-grizli-v7.2	61167	1.55000000e+01	nan	nan	nan	nan	0
3	3.24258343e+00	4.08216943e+00	3.38107371e+00	ceers-full-grizli-v7.2	61167	1.70000000e+01	nan	nan	nan	nan	0
3	3.24258343e+00	4.08216943e+00	3.38107371e+00	ceers-full-grizli-v7.2	61167	1.85000000e+01	nan	nan	nan	nan	0
3	3.24258343e+00	4.08216943e+00	3.38107371e+00	ceers-full-grizli-v7.2	61167	2.00000000e+01	nan	nan	nan	nan	0
3	3.24258343e+00	4.08216943e+00	3.38107371e+00	ceers-full-grizli-v7.2	61167	2.15000000e+01	nan	nan	nan	nan	0
3	3.24258343e+00	4.08216943e+00	3.38107371e+00	ceers-full-grizli-v7.2	61167	2.30000000e+01	nan	nan	nan	nan	0
3	3.24258343e+00	4.08216943e+00	3.38107371e+00	ceers-full-grizli-v7.2	61167	2.45000000e+01	nan	nan	nan	nan	0
3	3.24258343e+00	4.08216943e+00	3.38107371e+00	ceers-full-grizli-v7.2	61167	2.60000000e+01	nan	nan	nan	nan	0
3	3.24258343e+00	4.08216943e+00	3.38107371e+00	ceers-full-grizli-v7.2	61167	2.75000000e+01	nan	nan	nan	nan	0
3	3.24258343e+00	4.08216943e+00	3.38107371e+00	ceers-full-grizli-v7.2	61167	2.90000000e+01	nan	nan	nan	nan	0
3	3.24258343e+00	4.08216943e+00	3.38107371e+00	ceers-full-grizli-v7.2	61167	3.05000000e+01	nan	nan	nan	nan	0
3	3.24258343e+00	4.08216943e+00	3.43430614e+00	ceers-full-grizli-v7.2	61168	5.00000000e-01	1.18076207e+10	5.12368777e+01	4.33930584e-09	4.95170738e-01	1
3	3.24258343e+00	4.08216943e+00	3.43430614e+00	ceers-full-grizli-v7.2	61168	2.00000000e+00	1.44763459e+09	3.31255559e+00	2.28825396e-09	5.48030099e-01	1
3	3.24258343e+00	4.08216943e+00	3.43430614e+00	ceers-full-grizli-v7.2	61168	3.50000000e+00	1.46180792e+08	2.55807479e-01	1.74993907e-09	4.15858156e-01	1
3	3.24258343e+00	4.08216943e+00	3.43430614e+00	ceers-full-grizli-v7.2	61168	5.00000000e+00	5.05977299e+07	1.35474662e-01	2.67748497e-09	3.08875303e-01	1
3	3.24258343e+00	4.08216943e+00	3.43430614e+00	ceers-full-grizli-v7.2	61168	6.50000000e+00	2.23992048e+07	8.64106623e-02	3.85775580e-09	2.69882049e-01	1
3	3.24258343e+00	4.08216943e+00	3.43430614e+00	ceers-full-grizli-v7.2	61168	8.00000000e+00	nan	nan	nan	nan	1
3	3.24258343e+00	4.08216943e+00	3.43430614e+00	ceers-full-grizli-v7.2	61168	9.50000000e+00	nan	nan	nan	nan	1
3	3.24258343e+00	4.08216943e+00	3.43430614e+00	ceers-full-grizli-v7.2	61168	1.10000000e+01	nan	nan	nan	nan	1
3	3.24258343e+00	4.08216943e+00	3.43430614e+00	ceers-full-grizli-v7.2	61168	1.25000000e+01	nan	nan	nan	nan	0
3	3.24258343e+00	4.08216943e+00	3.43430614e+00	ceers-full-grizli-v7.2	61168	1.40000000e+01	nan	nan	nan	nan	0
3	3.24258343e+00	4.08216943e+00	3.43430614e+00	ceers-full-grizli-v7.2	61168	1.55000000e+01	nan	nan	nan	nan	0
3	3.24258343e+00	4.08216943e+00	3.43430614e+00	ceers-full-grizli-v7.2	61168	1.70000000e+01	nan	nan	nan	nan	0
3	3.24258343e+00	4.08216943e+00	3.43430614e+00	ceers-full-grizli-v7.2	61168	1.85000000e+01	nan	nan	nan	nan	0
3	3.24258343e+00	4.08216943e+00	3.43430614e+00	ceers-full-grizli-v7.2	61168	2.00000000e+01	nan	nan	nan	nan	0
3	3.24258343e+00	4.08216943e+00	3.43430614e+00	ceers-full-grizli-v7.2	61168	2.15000000e+01	nan	nan	nan	nan	0
3	3.24258343e+00	4.08216943e+00	3.43430614e+00	ceers-full-grizli-v7.2	61168	2.30000000e+01	nan	nan	nan	nan	0
3	3.24258343e+00	4.08216943e+00	3.43430614e+00	ceers-full-grizli-v7.2	61168	2.45000000e+01	nan	nan	nan	nan	0
3	3.24258343e+00	4.08216943e+00	3.43430614e+00	ceers-full-grizli-v7.2	61168	2.60000000e+01	nan	nan	nan	nan	0
3	3.24258343e+00	4.08216943e+00	3.43430614e+00	ceers-full-grizli-v7.2	61168	2.75000000e+01	nan	nan	nan	nan	0
3	3.24258343e+00	4.08216943e+00	3.43430614e+00	ceers-full-grizli-v7.2	61168	2.90000000e+01	nan	nan	nan	nan	0
3	3.24258343e+00	4.08216943e+00	3.43430614e+00	ceers-full-grizli-v7.2	61168	3.05000000e+01	nan	nan	nan	nan	0
3	3.24258343e+00	4.08216943e+00	3.43273401e+00	ceers-full-grizli-v7.2	71100	5.00000000e-01	1.00367789e+10	4.00714757e+00	3.99246375e-10	1.06245335e+00	1
3	3.24258343e+00	4.08216943e+00	3.43273401e+00	ceers-full-grizli-v7.2	71100	2.00000000e+00	1.32625131e+09	8.82848835e-01	6.65672356e-10	7.01434669e-01	1
3	3.24258343e+00	4.08216943e+00	3.43273401e+00	ceers-full-grizli-v7.2	71100	3.50000000e+00	9.95392918e+07	2.65364274e-01	2.66592488e-09	3.13278795e-01	1
3	3.24258343e+00	4.08216943e+00	3.43273401e+00	ceers-full-grizli-v7.2	71100	5.00000000e+00	3.98448818e+07	1.50230385e-01	3.77038099e-09	2.46519072e-01	1
3	3.24258343e+00	4.08216943e+00	3.43273401e+00	ceers-full-grizli-v7.2	71100	6.50000000e+00	2.34632283e+07	8.01565995e-02	3.41626474e-09	2.37269248e-01	1
3	3.24258343e+00	4.08216943e+00	3.43273401e+00	ceers-full-grizli-v7.2	71100	8.00000000e+00	nan	nan	nan	nan	1
3	3.24258343e+00	4.08216943e+00	3.43273401e+00	ceers-full-grizli-v7.2	71100	9.50000000e+00	nan	nan	nan	nan	1
3	3.24258343e+00	4.08216943e+00	3.43273401e+00	ceers-full-grizli-v7.2	71100	1.10000000e+01	nan	nan	nan	nan	1
3	3.24258343e+00	4.08216943e+00	3.43273401e+00	ceers-full-grizli-v7.2	71100	1.25000000e+01	nan	nan	nan	nan	0
3	3.24258343e+00	4.08216943e+00	3.43273401e+00	ceers-full-grizli-v7.2	71100	1.40000000e+01	nan	nan	nan	nan	0
3	3.24258343e+00	4.08216943e+00	3.43273401e+00	ceers-full-grizli-v7.2	71100	1.55000000e+01	nan	nan	nan	nan	0
3	3.24258343e+00	4.08216943e+00	3.43273401e+00	ceers-full-grizli-v7.2	71100	1.70000000e+01	nan	nan	nan	nan	0
3	3.24258343e+00	4.08216943e+00	3.43273401e+00	ceers-full-grizli-v7.2	71100	1.85000000e+01	nan	nan	nan	nan	0
3	3.24258343e+00	4.08216943e+00	3.43273401e+00	ceers-full-grizli-v7.2	71100	2.00000000e+01	nan	nan	nan	nan	0
3	3.24258343e+00	4.08216943e+00	3.43273401e+00	ceers-full-grizli-v7.2	71100	2.15000000e+01	nan	nan	nan	nan	0
3	3.24258343e+00	4.08216943e+00	3.43273401e+00	ceers-full-grizli-v7.2	71100	2.30000000e+01	nan	nan	nan	nan	0
3	3.24258343e+00	4.08216943e+00	3.43273401e+00	ceers-full-grizli-v7.2	71100	2.45000000e+01	nan	nan	nan	nan	0
3	3.24258343e+00	4.08216943e+00	3.43273401e+00	ceers-full-grizli-v7.2	71100	2.60000000e+01	nan	nan	nan	nan	0
3	3.24258343e+00	4.08216943e+00	3.43273401e+00	ceers-full-grizli-v7.2	71100	2.75000000e+01	nan	nan	nan	nan	0
3	3.24258343e+00	4.08216943e+00	3.43273401e+00	ceers-full-grizli-v7.2	71100	2.90000000e+01	nan	nan	nan	nan	0
3	3.24258343e+00	4.08216943e+00	3.43273401e+00	ceers-full-grizli-v7.2	71100	3.05000000e+01	nan	nan	nan	nan	0
3	3.24258343e+00	4.08216943e+00	3.32370830e+00	ceers-full-grizli-v7.2	76249	5.00000000e-01	1.90149090e+10	1.57177381e+00	8.26600755e-11	1.37575525e+00	1
3	3.24258343e+00	4.08216943e+00	3.32370830e+00	ceers-full-grizli-v7.2	76249	2.00000000e+00	3.42592289e+09	3.61466420e+00	1.05509211e-09	9.07702398e-01	1
3	3.24258343e+00	4.08216943e+00	3.32370830e+00	ceers-full-grizli-v7.2	76249	3.50000000e+00	6.59113716e+08	1.17293917e+00	1.77957027e-09	5.54821217e-01	1
3	3.24258343e+00	4.08216943e+00	3.32370830e+00	ceers-full-grizli-v7.2	76249	5.00000000e+00	2.93131525e+08	6.33044472e-01	2.15959192e-09	4.11705044e-01	1
3	3.24258343e+00	4.08216943e+00	3.32370830e+00	ceers-full-grizli-v7.2	76249	6.50000000e+00	1.18898644e+08	3.18614791e-01	2.67971762e-09	3.36012549e-01	1
3	3.24258343e+00	4.08216943e+00	3.32370830e+00	ceers-full-grizli-v7.2	76249	8.00000000e+00	6.94734330e+07	2.23273676e-01	3.21379939e-09	3.03814407e-01	1
3	3.24258343e+00	4.08216943e+00	3.32370830e+00	ceers-full-grizli-v7.2	76249	9.50000000e+00	3.98728615e+07	1.79768517e-01	4.50854316e-09	2.78627093e-01	1
3	3.24258343e+00	4.08216943e+00	3.32370830e+00	ceers-full-grizli-v7.2	76249	1.10000000e+01	3.28746694e+07	1.48385771e-01	4.51368101e-09	2.98036000e-01	1
3	3.24258343e+00	4.08216943e+00	3.32370830e+00	ceers-full-grizli-v7.2	76249	1.25000000e+01	3.05027189e+07	9.19139486e-02	3.01330347e-09	2.77522892e-01	0
3	3.24258343e+00	4.08216943e+00	3.32370830e+00	ceers-full-grizli-v7.2	76249	1.40000000e+01	2.71664981e+07	1.26248635e-01	4.64721786e-09	2.32533661e-01	0
3	3.24258343e+00	4.08216943e+00	3.32370830e+00	ceers-full-grizli-v7.2	76249	1.55000000e+01	nan	nan	nan	nan	0
3	3.24258343e+00	4.08216943e+00	3.32370830e+00	ceers-full-grizli-v7.2	76249	1.70000000e+01	nan	nan	nan	nan	0
3	3.24258343e+00	4.08216943e+00	3.32370830e+00	ceers-full-grizli-v7.2	76249	1.85000000e+01	nan	nan	nan	nan	0
3	3.24258343e+00	4.08216943e+00	3.32370830e+00	ceers-full-grizli-v7.2	76249	2.00000000e+01	nan	nan	nan	nan	0
3	3.24258343e+00	4.08216943e+00	3.32370830e+00	ceers-full-grizli-v7.2	76249	2.15000000e+01	nan	nan	nan	nan	0
3	3.24258343e+00	4.08216943e+00	3.32370830e+00	ceers-full-grizli-v7.2	76249	2.30000000e+01	nan	nan	nan	nan	0
3	3.24258343e+00	4.08216943e+00	3.32370830e+00	ceers-full-grizli-v7.2	76249	2.45000000e+01	nan	nan	nan	nan	0
3	3.24258343e+00	4.08216943e+00	3.32370830e+00	ceers-full-grizli-v7.2	76249	2.60000000e+01	nan	nan	nan	nan	0
3	3.24258343e+00	4.08216943e+00	3.32370830e+00	ceers-full-grizli-v7.2	76249	2.75000000e+01	nan	nan	nan	nan	0
3	3.24258343e+00	4.08216943e+00	3.32370830e+00	ceers-full-grizli-v7.2	76249	2.90000000e+01	nan	nan	nan	nan	0
3	3.24258343e+00	4.08216943e+00	3.32370830e+00	ceers-full-grizli-v7.2	76249	3.05000000e+01	nan	nan	nan	nan	0
3	3.24258343e+00	4.08216943e+00	3.47639656e+00	primer-cosmos-east-grizli-v7.0	2862	5.00000000e-01	9.15869784e+09	1.75531786e+01	1.91655832e-09	4.58651101e-01	1
3	3.24258343e+00	4.08216943e+00	3.47639656e+00	primer-cosmos-east-grizli-v7.0	2862	2.00000000e+00	1.34036858e+09	5.98065382e+00	4.46194719e-09	2.94930512e-01	1
3	3.24258343e+00	4.08216943e+00	3.47639656e+00	primer-cosmos-east-grizli-v7.0	2862	3.50000000e+00	3.14517830e+08	1.58417430e+00	5.03683463e-09	2.65708616e-01	1
3	3.24258343e+00	4.08216943e+00	3.47639656e+00	primer-cosmos-east-grizli-v7.0	2862	5.00000000e+00	1.49193323e+08	7.08429295e-01	4.74839814e-09	2.45639903e-01	1
3	3.24258343e+00	4.08216943e+00	3.47639656e+00	primer-cosmos-east-grizli-v7.0	2862	6.50000000e+00	1.22567896e+08	6.81423578e-01	5.55956007e-09	2.42436862e-01	1
3	3.24258343e+00	4.08216943e+00	3.47639656e+00	primer-cosmos-east-grizli-v7.0	2862	8.00000000e+00	1.31648321e+08	6.75761369e-01	5.13308005e-09	2.43003823e-01	1
3	3.24258343e+00	4.08216943e+00	3.47639656e+00	primer-cosmos-east-grizli-v7.0	2862	9.50000000e+00	1.00823519e+08	4.00820068e-01	3.97546199e-09	2.26477870e-01	1
3	3.24258343e+00	4.08216943e+00	3.47639656e+00	primer-cosmos-east-grizli-v7.0	2862	1.10000000e+01	1.09947908e+08	5.14137312e-01	4.67619003e-09	2.36646062e-01	1
3	3.24258343e+00	4.08216943e+00	3.47639656e+00	primer-cosmos-east-grizli-v7.0	2862	1.25000000e+01	1.25023507e+08	5.19268743e-01	4.15336889e-09	2.59066881e-01	0
3	3.24258343e+00	4.08216943e+00	3.47639656e+00	primer-cosmos-east-grizli-v7.0	2862	1.40000000e+01	nan	nan	nan	nan	0
3	3.24258343e+00	4.08216943e+00	3.47639656e+00	primer-cosmos-east-grizli-v7.0	2862	1.55000000e+01	nan	nan	nan	nan	0
3	3.24258343e+00	4.08216943e+00	3.47639656e+00	primer-cosmos-east-grizli-v7.0	2862	1.70000000e+01	nan	nan	nan	nan	0
3	3.24258343e+00	4.08216943e+00	3.47639656e+00	primer-cosmos-east-grizli-v7.0	2862	1.85000000e+01	nan	nan	nan	nan	0
3	3.24258343e+00	4.08216943e+00	3.47639656e+00	primer-cosmos-east-grizli-v7.0	2862	2.00000000e+01	nan	nan	nan	nan	0
3	3.24258343e+00	4.08216943e+00	3.47639656e+00	primer-cosmos-east-grizli-v7.0	2862	2.15000000e+01	nan	nan	nan	nan	0
3	3.24258343e+00	4.08216943e+00	3.47639656e+00	primer-cosmos-east-grizli-v7.0	2862	2.30000000e+01	nan	nan	nan	nan	0
3	3.24258343e+00	4.08216943e+00	3.47639656e+00	primer-cosmos-east-grizli-v7.0	2862	2.45000000e+01	nan	nan	nan	nan	0
3	3.24258343e+00	4.08216943e+00	3.47639656e+00	primer-cosmos-east-grizli-v7.0	2862	2.60000000e+01	nan	nan	nan	nan	0
3	3.24258343e+00	4.08216943e+00	3.47639656e+00	primer-cosmos-east-grizli-v7.0	2862	2.75000000e+01	nan	nan	nan	nan	0
3	3.24258343e+00	4.08216943e+00	3.47639656e+00	primer-cosmos-east-grizli-v7.0	2862	2.90000000e+01	nan	nan	nan	nan	0
3	3.24258343e+00	4.08216943e+00	3.47639656e+00	primer-cosmos-east-grizli-v7.0	2862	3.05000000e+01	nan	nan	nan	nan	0
3	3.24258343e+00	4.08216943e+00	3.59667253e+00	primer-cosmos-east-grizli-v7.0	33948	5.00000000e-01	4.03013708e+09	1.13709814e+01	2.82148751e-09	2.72678659e-01	1
3	3.24258343e+00	4.08216943e+00	3.59667253e+00	primer-cosmos-east-grizli-v7.0	33948	2.00000000e+00	8.67139320e+08	4.13664012e+00	4.77044464e-09	2.59855485e-01	1
3	3.24258343e+00	4.08216943e+00	3.59667253e+00	primer-cosmos-east-grizli-v7.0	33948	3.50000000e+00	1.56290385e+08	3.03252350e+00	1.94031354e-08	2.59855485e-01	1
3	3.24258343e+00	4.08216943e+00	3.59667253e+00	primer-cosmos-east-grizli-v7.0	33948	5.00000000e+00	nan	nan	nan	nan	1
3	3.24258343e+00	4.08216943e+00	3.59667253e+00	primer-cosmos-east-grizli-v7.0	33948	6.50000000e+00	nan	nan	nan	nan	1
3	3.24258343e+00	4.08216943e+00	3.59667253e+00	primer-cosmos-east-grizli-v7.0	33948	8.00000000e+00	nan	nan	nan	nan	1
3	3.24258343e+00	4.08216943e+00	3.59667253e+00	primer-cosmos-east-grizli-v7.0	33948	9.50000000e+00	nan	nan	nan	nan	1
3	3.24258343e+00	4.08216943e+00	3.59667253e+00	primer-cosmos-east-grizli-v7.0	33948	1.10000000e+01	nan	nan	nan	nan	1
3	3.24258343e+00	4.08216943e+00	3.59667253e+00	primer-cosmos-east-grizli-v7.0	33948	1.25000000e+01	nan	nan	nan	nan	0
3	3.24258343e+00	4.08216943e+00	3.59667253e+00	primer-cosmos-east-grizli-v7.0	33948	1.40000000e+01	nan	nan	nan	nan	0
3	3.24258343e+00	4.08216943e+00	3.59667253e+00	primer-cosmos-east-grizli-v7.0	33948	1.55000000e+01	nan	nan	nan	nan	0
3	3.24258343e+00	4.08216943e+00	3.59667253e+00	primer-cosmos-east-grizli-v7.0	33948	1.70000000e+01	nan	nan	nan	nan	0
3	3.24258343e+00	4.08216943e+00	3.59667253e+00	primer-cosmos-east-grizli-v7.0	33948	1.85000000e+01	nan	nan	nan	nan	0
3	3.24258343e+00	4.08216943e+00	3.59667253e+00	primer-cosmos-east-grizli-v7.0	33948	2.00000000e+01	nan	nan	nan	nan	0
3	3.24258343e+00	4.08216943e+00	3.59667253e+00	primer-cosmos-east-grizli-v7.0	33948	2.15000000e+01	nan	nan	nan	nan	0
3	3.24258343e+00	4.08216943e+00	3.59667253e+00	primer-cosmos-east-grizli-v7.0	33948	2.30000000e+01	nan	nan	nan	nan	0
3	3.24258343e+00	4.08216943e+00	3.59667253e+00	primer-cosmos-east-grizli-v7.0	33948	2.45000000e+01	nan	nan	nan	nan	0
3	3.24258343e+00	4.08216943e+00	3.59667253e+00	primer-cosmos-east-grizli-v7.0	33948	2.60000000e+01	nan	nan	nan	nan	0
3	3.24258343e+00	4.08216943e+00	3.59667253e+00	primer-cosmos-east-grizli-v7.0	33948	2.75000000e+01	nan	nan	nan	nan	0
3	3.24258343e+00	4.08216943e+00	3.59667253e+00	primer-cosmos-east-grizli-v7.0	33948	2.90000000e+01	nan	nan	nan	nan	0
3	3.24258343e+00	4.08216943e+00	3.59667253e+00	primer-cosmos-east-grizli-v7.0	33948	3.05000000e+01	nan	nan	nan	nan	0
3	3.24258343e+00	4.08216943e+00	3.46584105e+00	primer-cosmos-east-grizli-v7.0	34853	5.00000000e-01	6.75572085e+09	9.31760565e-01	1.37921709e-10	9.03558458e-01	1
3	3.24258343e+00	4.08216943e+00	3.46584105e+00	primer-cosmos-east-grizli-v7.0	34853	2.00000000e+00	1.34565146e+09	3.19841141e+00	2.37684980e-09	4.00757849e-01	1
3	3.24258343e+00	4.08216943e+00	3.46584105e+00	primer-cosmos-east-grizli-v7.0	34853	3.50000000e+00	1.70027144e+08	8.32404292e-01	4.89571415e-09	3.03001139e-01	1
3	3.24258343e+00	4.08216943e+00	3.46584105e+00	primer-cosmos-east-grizli-v7.0	34853	5.00000000e+00	6.64739367e+07	4.05058694e-01	6.09349640e-09	2.92225089e-01	1
3	3.24258343e+00	4.08216943e+00	3.46584105e+00	primer-cosmos-east-grizli-v7.0	34853	6.50000000e+00	nan	nan	nan	nan	1
3	3.24258343e+00	4.08216943e+00	3.46584105e+00	primer-cosmos-east-grizli-v7.0	34853	8.00000000e+00	nan	nan	nan	nan	1
3	3.24258343e+00	4.08216943e+00	3.46584105e+00	primer-cosmos-east-grizli-v7.0	34853	9.50000000e+00	nan	nan	nan	nan	1
3	3.24258343e+00	4.08216943e+00	3.46584105e+00	primer-cosmos-east-grizli-v7.0	34853	1.10000000e+01	nan	nan	nan	nan	1
3	3.24258343e+00	4.08216943e+00	3.46584105e+00	primer-cosmos-east-grizli-v7.0	34853	1.25000000e+01	nan	nan	nan	nan	0
3	3.24258343e+00	4.08216943e+00	3.46584105e+00	primer-cosmos-east-grizli-v7.0	34853	1.40000000e+01	nan	nan	nan	nan	0
3	3.24258343e+00	4.08216943e+00	3.46584105e+00	primer-cosmos-east-grizli-v7.0	34853	1.55000000e+01	nan	nan	nan	nan	0
3	3.24258343e+00	4.08216943e+00	3.46584105e+00	primer-cosmos-east-grizli-v7.0	34853	1.70000000e+01	nan	nan	nan	nan	0
3	3.24258343e+00	4.08216943e+00	3.46584105e+00	primer-cosmos-east-grizli-v7.0	34853	1.85000000e+01	nan	nan	nan	nan	0
3	3.24258343e+00	4.08216943e+00	3.46584105e+00	primer-cosmos-east-grizli-v7.0	34853	2.00000000e+01	nan	nan	nan	nan	0
3	3.24258343e+00	4.08216943e+00	3.46584105e+00	primer-cosmos-east-grizli-v7.0	34853	2.15000000e+01	nan	nan	nan	nan	0
3	3.24258343e+00	4.08216943e+00	3.46584105e+00	primer-cosmos-east-grizli-v7.0	34853	2.30000000e+01	nan	nan	nan	nan	0
3	3.24258343e+00	4.08216943e+00	3.46584105e+00	primer-cosmos-east-grizli-v7.0	34853	2.45000000e+01	nan	nan	nan	nan	0
3	3.24258343e+00	4.08216943e+00	3.46584105e+00	primer-cosmos-east-grizli-v7.0	34853	2.60000000e+01	nan	nan	nan	nan	0
3	3.24258343e+00	4.08216943e+00	3.46584105e+00	primer-cosmos-east-grizli-v7.0	34853	2.75000000e+01	nan	nan	nan	nan	0
3	3.24258343e+00	4.08216943e+00	3.46584105e+00	primer-cosmos-east-grizli-v7.0	34853	2.90000000e+01	nan	nan	nan	nan	0
3	3.24258343e+00	4.08216943e+00	3.46584105e+00	primer-cosmos-east-grizli-v7.0	34853	3.05000000e+01	nan	nan	nan	nan	0
3	3.24258343e+00	4.08216943e+00	3.32784772e+00	primer-cosmos-east-grizli-v7.0	40145	5.00000000e-01	3.22012447e+09	3.34619306e+00	1.03915022e-09	6.42878569e-01	1
3	3.24258343e+00	4.08216943e+00	3.32784772e+00	primer-cosmos-east-grizli-v7.0	40145	2.00000000e+00	9.22565329e+08	3.91655223e+00	4.24528443e-09	3.71800088e-01	1
3	3.24258343e+00	4.08216943e+00	3.32784772e+00	primer-cosmos-east-grizli-v7.0	40145	3.50000000e+00	3.01075470e+08	2.47735026e+00	8.22833641e-09	3.43554342e-01	1
3	3.24258343e+00	4.08216943e+00	3.32784772e+00	primer-cosmos-east-grizli-v7.0	40145	5.00000000e+00	nan	nan	nan	nan	1
3	3.24258343e+00	4.08216943e+00	3.32784772e+00	primer-cosmos-east-grizli-v7.0	40145	6.50000000e+00	nan	nan	nan	nan	1
3	3.24258343e+00	4.08216943e+00	3.32784772e+00	primer-cosmos-east-grizli-v7.0	40145	8.00000000e+00	nan	nan	nan	nan	1
3	3.24258343e+00	4.08216943e+00	3.32784772e+00	primer-cosmos-east-grizli-v7.0	40145	9.50000000e+00	nan	nan	nan	nan	1
3	3.24258343e+00	4.08216943e+00	3.32784772e+00	primer-cosmos-east-grizli-v7.0	40145	1.10000000e+01	nan	nan	nan	nan	1
3	3.24258343e+00	4.08216943e+00	3.32784772e+00	primer-cosmos-east-grizli-v7.0	40145	1.25000000e+01	nan	nan	nan	nan	0
3	3.24258343e+00	4.08216943e+00	3.32784772e+00	primer-cosmos-east-grizli-v7.0	40145	1.40000000e+01	nan	nan	nan	nan	0
3	3.24258343e+00	4.08216943e+00	3.32784772e+00	primer-cosmos-east-grizli-v7.0	40145	1.55000000e+01	nan	nan	nan	nan	0
3	3.24258343e+00	4.08216943e+00	3.32784772e+00	primer-cosmos-east-grizli-v7.0	40145	1.70000000e+01	nan	nan	nan	nan	0
3	3.24258343e+00	4.08216943e+00	3.32784772e+00	primer-cosmos-east-grizli-v7.0	40145	1.85000000e+01	nan	nan	nan	nan	0
3	3.24258343e+00	4.08216943e+00	3.32784772e+00	primer-cosmos-east-grizli-v7.0	40145	2.00000000e+01	nan	nan	nan	nan	0
3	3.24258343e+00	4.08216943e+00	3.32784772e+00	primer-cosmos-east-grizli-v7.0	40145	2.15000000e+01	nan	nan	nan	nan	0
3	3.24258343e+00	4.08216943e+00	3.32784772e+00	primer-cosmos-east-grizli-v7.0	40145	2.30000000e+01	nan	nan	nan	nan	0
3	3.24258343e+00	4.08216943e+00	3.32784772e+00	primer-cosmos-east-grizli-v7.0	40145	2.45000000e+01	nan	nan	nan	nan	0
3	3.24258343e+00	4.08216943e+00	3.32784772e+00	primer-cosmos-east-grizli-v7.0	40145	2.60000000e+01	nan	nan	nan	nan	0
3	3.24258343e+00	4.08216943e+00	3.32784772e+00	primer-cosmos-east-grizli-v7.0	40145	2.75000000e+01	nan	nan	nan	nan	0
3	3.24258343e+00	4.08216943e+00	3.32784772e+00	primer-cosmos-east-grizli-v7.0	40145	2.90000000e+01	nan	nan	nan	nan	0
3	3.24258343e+00	4.08216943e+00	3.32784772e+00	primer-cosmos-east-grizli-v7.0	40145	3.05000000e+01	nan	nan	nan	nan	0
3	3.24258343e+00	4.08216943e+00	3.74824905e+00	primer-cosmos-east-grizli-v7.0	42407	5.00000000e-01	6.37722750e+09	3.38273514e+00	5.30439777e-10	9.66112977e-01	1
3	3.24258343e+00	4.08216943e+00	3.74824905e+00	primer-cosmos-east-grizli-v7.0	42407	2.00000000e+00	9.88864822e+08	2.89563922e+00	2.92824576e-09	3.70233068e-01	1
3	3.24258343e+00	4.08216943e+00	3.74824905e+00	primer-cosmos-east-grizli-v7.0	42407	3.50000000e+00	1.44357367e+08	4.79655140e-01	3.32269249e-09	3.19647105e-01	1
3	3.24258343e+00	4.08216943e+00	3.74824905e+00	primer-cosmos-east-grizli-v7.0	42407	5.00000000e+00	5.48555692e+07	2.45571773e-01	4.47669720e-09	2.96774071e-01	1
3	3.24258343e+00	4.08216943e+00	3.74824905e+00	primer-cosmos-east-grizli-v7.0	42407	6.50000000e+00	3.32274652e+07	8.60204599e-02	2.58883605e-09	2.79718418e-01	1
3	3.24258343e+00	4.08216943e+00	3.74824905e+00	primer-cosmos-east-grizli-v7.0	42407	8.00000000e+00	3.04248849e+07	1.60346923e-01	5.27025570e-09	2.87208668e-01	1
3	3.24258343e+00	4.08216943e+00	3.74824905e+00	primer-cosmos-east-grizli-v7.0	42407	9.50000000e+00	nan	nan	nan	nan	1
3	3.24258343e+00	4.08216943e+00	3.74824905e+00	primer-cosmos-east-grizli-v7.0	42407	1.10000000e+01	nan	nan	nan	nan	1
3	3.24258343e+00	4.08216943e+00	3.74824905e+00	primer-cosmos-east-grizli-v7.0	42407	1.25000000e+01	nan	nan	nan	nan	0
3	3.24258343e+00	4.08216943e+00	3.74824905e+00	primer-cosmos-east-grizli-v7.0	42407	1.40000000e+01	nan	nan	nan	nan	0
3	3.24258343e+00	4.08216943e+00	3.74824905e+00	primer-cosmos-east-grizli-v7.0	42407	1.55000000e+01	nan	nan	nan	nan	0
3	3.24258343e+00	4.08216943e+00	3.74824905e+00	primer-cosmos-east-grizli-v7.0	42407	1.70000000e+01	nan	nan	nan	nan	0
3	3.24258343e+00	4.08216943e+00	3.74824905e+00	primer-cosmos-east-grizli-v7.0	42407	1.85000000e+01	nan	nan	nan	nan	0
3	3.24258343e+00	4.08216943e+00	3.74824905e+00	primer-cosmos-east-grizli-v7.0	42407	2.00000000e+01	nan	nan	nan	nan	0
3	3.24258343e+00	4.08216943e+00	3.74824905e+00	primer-cosmos-east-grizli-v7.0	42407	2.15000000e+01	nan	nan	nan	nan	0
3	3.24258343e+00	4.08216943e+00	3.74824905e+00	primer-cosmos-east-grizli-v7.0	42407	2.30000000e+01	nan	nan	nan	nan	0
3	3.24258343e+00	4.08216943e+00	3.74824905e+00	primer-cosmos-east-grizli-v7.0	42407	2.45000000e+01	nan	nan	nan	nan	0
3	3.24258343e+00	4.08216943e+00	3.74824905e+00	primer-cosmos-east-grizli-v7.0	42407	2.60000000e+01	nan	nan	nan	nan	0
3	3.24258343e+00	4.08216943e+00	3.74824905e+00	primer-cosmos-east-grizli-v7.0	42407	2.75000000e+01	nan	nan	nan	nan	0
3	3.24258343e+00	4.08216943e+00	3.74824905e+00	primer-cosmos-east-grizli-v7.0	42407	2.90000000e+01	nan	nan	nan	nan	0
3	3.24258343e+00	4.08216943e+00	3.74824905e+00	primer-cosmos-east-grizli-v7.0	42407	3.05000000e+01	nan	nan	nan	nan	0
3	3.24258343e+00	4.08216943e+00	3.74284244e+00	primer-cosmos-east-grizli-v7.0	45144	5.00000000e-01	3.84197527e+09	5.27459091e+00	1.37288518e-09	6.74017899e-01	1
3	3.24258343e+00	4.08216943e+00	3.74284244e+00	primer-cosmos-east-grizli-v7.0	45144	2.00000000e+00	7.05639823e+08	1.12901277e+00	1.59998448e-09	4.45965893e-01	1
3	3.24258343e+00	4.08216943e+00	3.74284244e+00	primer-cosmos-east-grizli-v7.0	45144	3.50000000e+00	2.52979105e+08	6.05311367e-01	2.39273266e-09	4.49464135e-01	1
3	3.24258343e+00	4.08216943e+00	3.74284244e+00	primer-cosmos-east-grizli-v7.0	45144	5.00000000e+00	1.91374627e+08	5.38942871e-01	2.81616680e-09	4.49464135e-01	1
3	3.24258343e+00	4.08216943e+00	3.74284244e+00	primer-cosmos-east-grizli-v7.0	45144	6.50000000e+00	1.45178985e+08	4.21978777e-01	2.90661061e-09	4.49464135e-01	1
3	3.24258343e+00	4.08216943e+00	3.74284244e+00	primer-cosmos-east-grizli-v7.0	45144	8.00000000e+00	1.16481884e+08	2.56414600e-01	2.20132601e-09	2.27866747e-01	1
3	3.24258343e+00	4.08216943e+00	3.74284244e+00	primer-cosmos-east-grizli-v7.0	45144	9.50000000e+00	1.09717826e+08	5.18937843e-01	4.72974960e-09	2.03244815e-01	1
3	3.24258343e+00	4.08216943e+00	3.74284244e+00	primer-cosmos-east-grizli-v7.0	45144	1.10000000e+01	nan	nan	nan	nan	1
3	3.24258343e+00	4.08216943e+00	3.74284244e+00	primer-cosmos-east-grizli-v7.0	45144	1.25000000e+01	nan	nan	nan	nan	0
3	3.24258343e+00	4.08216943e+00	3.74284244e+00	primer-cosmos-east-grizli-v7.0	45144	1.40000000e+01	nan	nan	nan	nan	0
3	3.24258343e+00	4.08216943e+00	3.74284244e+00	primer-cosmos-east-grizli-v7.0	45144	1.55000000e+01	nan	nan	nan	nan	0
3	3.24258343e+00	4.08216943e+00	3.74284244e+00	primer-cosmos-east-grizli-v7.0	45144	1.70000000e+01	nan	nan	nan	nan	0
3	3.24258343e+00	4.08216943e+00	3.74284244e+00	primer-cosmos-east-grizli-v7.0	45144	1.85000000e+01	nan	nan	nan	nan	0
3	3.24258343e+00	4.08216943e+00	3.74284244e+00	primer-cosmos-east-grizli-v7.0	45144	2.00000000e+01	nan	nan	nan	nan	0
3	3.24258343e+00	4.08216943e+00	3.74284244e+00	primer-cosmos-east-grizli-v7.0	45144	2.15000000e+01	nan	nan	nan	nan	0
3	3.24258343e+00	4.08216943e+00	3.74284244e+00	primer-cosmos-east-grizli-v7.0	45144	2.30000000e+01	nan	nan	nan	nan	0
3	3.24258343e+00	4.08216943e+00	3.74284244e+00	primer-cosmos-east-grizli-v7.0	45144	2.45000000e+01	nan	nan	nan	nan	0
3	3.24258343e+00	4.08216943e+00	3.74284244e+00	primer-cosmos-east-grizli-v7.0	45144	2.60000000e+01	nan	nan	nan	nan	0
3	3.24258343e+00	4.08216943e+00	3.74284244e+00	primer-cosmos-east-grizli-v7.0	45144	2.75000000e+01	nan	nan	nan	nan	0
3	3.24258343e+00	4.08216943e+00	3.74284244e+00	primer-cosmos-east-grizli-v7.0	45144	2.90000000e+01	nan	nan	nan	nan	0
3	3.24258343e+00	4.08216943e+00	3.74284244e+00	primer-cosmos-east-grizli-v7.0	45144	3.05000000e+01	nan	nan	nan	nan	0
3	3.24258343e+00	4.08216943e+00	3.93600011e+00	primer-cosmos-east-grizli-v7.0	47291	5.00000000e-01	7.79352057e+09	4.29122548e+01	5.50614506e-09	2.39778938e-01	1
3	3.24258343e+00	4.08216943e+00	3.93600011e+00	primer-cosmos-east-grizli-v7.0	47291	2.00000000e+00	1.20975511e+09	2.29321058e+00	1.89559901e-09	4.81729953e-01	1
3	3.24258343e+00	4.08216943e+00	3.93600011e+00	primer-cosmos-east-grizli-v7.0	47291	3.50000000e+00	9.98156680e+07	2.62547943e-01	2.63032796e-09	2.90650226e-01	1
3	3.24258343e+00	4.08216943e+00	3.93600011e+00	primer-cosmos-east-grizli-v7.0	47291	5.00000000e+00	6.57989668e+07	2.05050313e-01	3.11631509e-09	2.64246822e-01	1
3	3.24258343e+00	4.08216943e+00	3.93600011e+00	primer-cosmos-east-grizli-v7.0	47291	6.50000000e+00	nan	nan	nan	nan	1
3	3.24258343e+00	4.08216943e+00	3.93600011e+00	primer-cosmos-east-grizli-v7.0	47291	8.00000000e+00	nan	nan	nan	nan	1
3	3.24258343e+00	4.08216943e+00	3.93600011e+00	primer-cosmos-east-grizli-v7.0	47291	9.50000000e+00	nan	nan	nan	nan	1
3	3.24258343e+00	4.08216943e+00	3.93600011e+00	primer-cosmos-east-grizli-v7.0	47291	1.10000000e+01	nan	nan	nan	nan	1
3	3.24258343e+00	4.08216943e+00	3.93600011e+00	primer-cosmos-east-grizli-v7.0	47291	1.25000000e+01	nan	nan	nan	nan	0
3	3.24258343e+00	4.08216943e+00	3.93600011e+00	primer-cosmos-east-grizli-v7.0	47291	1.40000000e+01	nan	nan	nan	nan	0
3	3.24258343e+00	4.08216943e+00	3.93600011e+00	primer-cosmos-east-grizli-v7.0	47291	1.55000000e+01	nan	nan	nan	nan	0
3	3.24258343e+00	4.08216943e+00	3.93600011e+00	primer-cosmos-east-grizli-v7.0	47291	1.70000000e+01	nan	nan	nan	nan	0
3	3.24258343e+00	4.08216943e+00	3.93600011e+00	primer-cosmos-east-grizli-v7.0	47291	1.85000000e+01	nan	nan	nan	nan	0
3	3.24258343e+00	4.08216943e+00	3.93600011e+00	primer-cosmos-east-grizli-v7.0	47291	2.00000000e+01	nan	nan	nan	nan	0
3	3.24258343e+00	4.08216943e+00	3.93600011e+00	primer-cosmos-east-grizli-v7.0	47291	2.15000000e+01	nan	nan	nan	nan	0
3	3.24258343e+00	4.08216943e+00	3.93600011e+00	primer-cosmos-east-grizli-v7.0	47291	2.30000000e+01	nan	nan	nan	nan	0
3	3.24258343e+00	4.08216943e+00	3.93600011e+00	primer-cosmos-east-grizli-v7.0	47291	2.45000000e+01	nan	nan	nan	nan	0
3	3.24258343e+00	4.08216943e+00	3.93600011e+00	primer-cosmos-east-grizli-v7.0	47291	2.60000000e+01	nan	nan	nan	nan	0
3	3.24258343e+00	4.08216943e+00	3.93600011e+00	primer-cosmos-east-grizli-v7.0	47291	2.75000000e+01	nan	nan	nan	nan	0
3	3.24258343e+00	4.08216943e+00	3.93600011e+00	primer-cosmos-east-grizli-v7.0	47291	2.90000000e+01	nan	nan	nan	nan	0
3	3.24258343e+00	4.08216943e+00	3.93600011e+00	primer-cosmos-east-grizli-v7.0	47291	3.05000000e+01	nan	nan	nan	nan	0
3	3.24258343e+00	4.08216943e+00	3.33183098e+00	primer-cosmos-east-grizli-v7.0	53810	5.00000000e-01	3.79511681e+09	9.27211983e+00	2.44317113e-09	7.02078673e-01	1
3	3.24258343e+00	4.08216943e+00	3.33183098e+00	primer-cosmos-east-grizli-v7.0	53810	2.00000000e+00	1.05013778e+09	5.58313224e+00	5.31657116e-09	2.62444314e-01	1
3	3.24258343e+00	4.08216943e+00	3.33183098e+00	primer-cosmos-east-grizli-v7.0	53810	3.50000000e+00	2.24203103e+08	1.19098834e+00	5.31209570e-09	2.58521084e-01	1
3	3.24258343e+00	4.08216943e+00	3.33183098e+00	primer-cosmos-east-grizli-v7.0	53810	5.00000000e+00	6.95507101e+07	5.67552072e-01	8.16026278e-09	2.78482613e-01	1
3	3.24258343e+00	4.08216943e+00	3.33183098e+00	primer-cosmos-east-grizli-v7.0	53810	6.50000000e+00	nan	nan	nan	nan	1
3	3.24258343e+00	4.08216943e+00	3.33183098e+00	primer-cosmos-east-grizli-v7.0	53810	8.00000000e+00	nan	nan	nan	nan	1
3	3.24258343e+00	4.08216943e+00	3.33183098e+00	primer-cosmos-east-grizli-v7.0	53810	9.50000000e+00	nan	nan	nan	nan	1
3	3.24258343e+00	4.08216943e+00	3.33183098e+00	primer-cosmos-east-grizli-v7.0	53810	1.10000000e+01	nan	nan	nan	nan	1
3	3.24258343e+00	4.08216943e+00	3.33183098e+00	primer-cosmos-east-grizli-v7.0	53810	1.25000000e+01	nan	nan	nan	nan	0
3	3.24258343e+00	4.08216943e+00	3.33183098e+00	primer-cosmos-east-grizli-v7.0	53810	1.40000000e+01	nan	nan	nan	nan	0
3	3.24258343e+00	4.08216943e+00	3.33183098e+00	primer-cosmos-east-grizli-v7.0	53810	1.55000000e+01	nan	nan	nan	nan	0
3	3.24258343e+00	4.08216943e+00	3.33183098e+00	primer-cosmos-east-grizli-v7.0	53810	1.70000000e+01	nan	nan	nan	nan	0
3	3.24258343e+00	4.08216943e+00	3.33183098e+00	primer-cosmos-east-grizli-v7.0	53810	1.85000000e+01	nan	nan	nan	nan	0
3	3.24258343e+00	4.08216943e+00	3.33183098e+00	primer-cosmos-east-grizli-v7.0	53810	2.00000000e+01	nan	nan	nan	nan	0
3	3.24258343e+00	4.08216943e+00	3.33183098e+00	primer-cosmos-east-grizli-v7.0	53810	2.15000000e+01	nan	nan	nan	nan	0
3	3.24258343e+00	4.08216943e+00	3.33183098e+00	primer-cosmos-east-grizli-v7.0	53810	2.30000000e+01	nan	nan	nan	nan	0
3	3.24258343e+00	4.08216943e+00	3.33183098e+00	primer-cosmos-east-grizli-v7.0	53810	2.45000000e+01	nan	nan	nan	nan	0
3	3.24258343e+00	4.08216943e+00	3.33183098e+00	primer-cosmos-east-grizli-v7.0	53810	2.60000000e+01	nan	nan	nan	nan	0
3	3.24258343e+00	4.08216943e+00	3.33183098e+00	primer-cosmos-east-grizli-v7.0	53810	2.75000000e+01	nan	nan	nan	nan	0
3	3.24258343e+00	4.08216943e+00	3.33183098e+00	primer-cosmos-east-grizli-v7.0	53810	2.90000000e+01	nan	nan	nan	nan	0
3	3.24258343e+00	4.08216943e+00	3.33183098e+00	primer-cosmos-east-grizli-v7.0	53810	3.05000000e+01	nan	nan	nan	nan	0
3	3.24258343e+00	4.08216943e+00	3.48578882e+00	primer-cosmos-east-grizli-v7.0	56261	5.00000000e-01	6.61692105e+09	9.94763816e+00	1.50336359e-09	5.91319240e-01	1
3	3.24258343e+00	4.08216943e+00	3.48578882e+00	primer-cosmos-east-grizli-v7.0	56261	2.00000000e+00	1.92533914e+09	9.08106129e+00	4.71660349e-09	3.15544787e-01	1
3	3.24258343e+00	4.08216943e+00	3.48578882e+00	primer-cosmos-east-grizli-v7.0	56261	3.50000000e+00	4.31497026e+08	3.27123244e+00	7.58112396e-09	2.37184966e-01	1
3	3.24258343e+00	4.08216943e+00	3.48578882e+00	primer-cosmos-east-grizli-v7.0	56261	5.00000000e+00	1.94372836e+08	4.94447862e+00	2.54381153e-08	2.34544015e-01	1
3	3.24258343e+00	4.08216943e+00	3.48578882e+00	primer-cosmos-east-grizli-v7.0	56261	6.50000000e+00	nan	nan	nan	nan	1
3	3.24258343e+00	4.08216943e+00	3.48578882e+00	primer-cosmos-east-grizli-v7.0	56261	8.00000000e+00	nan	nan	nan	nan	1
3	3.24258343e+00	4.08216943e+00	3.48578882e+00	primer-cosmos-east-grizli-v7.0	56261	9.50000000e+00	nan	nan	nan	nan	1
3	3.24258343e+00	4.08216943e+00	3.48578882e+00	primer-cosmos-east-grizli-v7.0	56261	1.10000000e+01	nan	nan	nan	nan	1
3	3.24258343e+00	4.08216943e+00	3.48578882e+00	primer-cosmos-east-grizli-v7.0	56261	1.25000000e+01	nan	nan	nan	nan	0
3	3.24258343e+00	4.08216943e+00	3.48578882e+00	primer-cosmos-east-grizli-v7.0	56261	1.40000000e+01	nan	nan	nan	nan	0
3	3.24258343e+00	4.08216943e+00	3.48578882e+00	primer-cosmos-east-grizli-v7.0	56261	1.55000000e+01	nan	nan	nan	nan	0
3	3.24258343e+00	4.08216943e+00	3.48578882e+00	primer-cosmos-east-grizli-v7.0	56261	1.70000000e+01	nan	nan	nan	nan	0
3	3.24258343e+00	4.08216943e+00	3.48578882e+00	primer-cosmos-east-grizli-v7.0	56261	1.85000000e+01	nan	nan	nan	nan	0
3	3.24258343e+00	4.08216943e+00	3.48578882e+00	primer-cosmos-east-grizli-v7.0	56261	2.00000000e+01	nan	nan	nan	nan	0
3	3.24258343e+00	4.08216943e+00	3.48578882e+00	primer-cosmos-east-grizli-v7.0	56261	2.15000000e+01	nan	nan	nan	nan	0
3	3.24258343e+00	4.08216943e+00	3.48578882e+00	primer-cosmos-east-grizli-v7.0	56261	2.30000000e+01	nan	nan	nan	nan	0
3	3.24258343e+00	4.08216943e+00	3.48578882e+00	primer-cosmos-east-grizli-v7.0	56261	2.45000000e+01	nan	nan	nan	nan	0
3	3.24258343e+00	4.08216943e+00	3.48578882e+00	primer-cosmos-east-grizli-v7.0	56261	2.60000000e+01	nan	nan	nan	nan	0
3	3.24258343e+00	4.08216943e+00	3.48578882e+00	primer-cosmos-east-grizli-v7.0	56261	2.75000000e+01	nan	nan	nan	nan	0
3	3.24258343e+00	4.08216943e+00	3.48578882e+00	primer-cosmos-east-grizli-v7.0	56261	2.90000000e+01	nan	nan	nan	nan	0
3	3.24258343e+00	4.08216943e+00	3.48578882e+00	primer-cosmos-east-grizli-v7.0	56261	3.05000000e+01	nan	nan	nan	nan	0
3	3.24258343e+00	4.08216943e+00	3.97000003e+00	primer-cosmos-west-grizli-v7.0	13707	5.00000000e-01	1.97299136e+10	4.76056576e+01	2.41286700e-09	3.67016060e-01	1
3	3.24258343e+00	4.08216943e+00	3.97000003e+00	primer-cosmos-west-grizli-v7.0	13707	2.00000000e+00	4.38550259e+09	1.76117839e+01	4.01591003e-09	2.14039790e-01	1
3	3.24258343e+00	4.08216943e+00	3.97000003e+00	primer-cosmos-west-grizli-v7.0	13707	3.50000000e+00	1.16277190e+09	4.27140200e+00	3.67346509e-09	2.51845104e-01	1
3	3.24258343e+00	4.08216943e+00	3.97000003e+00	primer-cosmos-west-grizli-v7.0	13707	5.00000000e+00	3.02032268e+08	1.22651156e+00	4.06086265e-09	2.49927387e-01	1
3	3.24258343e+00	4.08216943e+00	3.97000003e+00	primer-cosmos-west-grizli-v7.0	13707	6.50000000e+00	1.16938106e+08	5.01025437e-01	4.28453523e-09	2.32332578e-01	1
3	3.24258343e+00	4.08216943e+00	3.97000003e+00	primer-cosmos-west-grizli-v7.0	13707	8.00000000e+00	nan	nan	nan	nan	1
3	3.24258343e+00	4.08216943e+00	3.97000003e+00	primer-cosmos-west-grizli-v7.0	13707	9.50000000e+00	nan	nan	nan	nan	1
3	3.24258343e+00	4.08216943e+00	3.97000003e+00	primer-cosmos-west-grizli-v7.0	13707	1.10000000e+01	nan	nan	nan	nan	1
3	3.24258343e+00	4.08216943e+00	3.97000003e+00	primer-cosmos-west-grizli-v7.0	13707	1.25000000e+01	nan	nan	nan	nan	0
3	3.24258343e+00	4.08216943e+00	3.97000003e+00	primer-cosmos-west-grizli-v7.0	13707	1.40000000e+01	nan	nan	nan	nan	0
3	3.24258343e+00	4.08216943e+00	3.97000003e+00	primer-cosmos-west-grizli-v7.0	13707	1.55000000e+01	nan	nan	nan	nan	0
3	3.24258343e+00	4.08216943e+00	3.97000003e+00	primer-cosmos-west-grizli-v7.0	13707	1.70000000e+01	nan	nan	nan	nan	0
3	3.24258343e+00	4.08216943e+00	3.97000003e+00	primer-cosmos-west-grizli-v7.0	13707	1.85000000e+01	nan	nan	nan	nan	0
3	3.24258343e+00	4.08216943e+00	3.97000003e+00	primer-cosmos-west-grizli-v7.0	13707	2.00000000e+01	nan	nan	nan	nan	0
3	3.24258343e+00	4.08216943e+00	3.97000003e+00	primer-cosmos-west-grizli-v7.0	13707	2.15000000e+01	nan	nan	nan	nan	0
3	3.24258343e+00	4.08216943e+00	3.97000003e+00	primer-cosmos-west-grizli-v7.0	13707	2.30000000e+01	nan	nan	nan	nan	0
3	3.24258343e+00	4.08216943e+00	3.97000003e+00	primer-cosmos-west-grizli-v7.0	13707	2.45000000e+01	nan	nan	nan	nan	0
3	3.24258343e+00	4.08216943e+00	3.97000003e+00	primer-cosmos-west-grizli-v7.0	13707	2.60000000e+01	nan	nan	nan	nan	0
3	3.24258343e+00	4.08216943e+00	3.97000003e+00	primer-cosmos-west-grizli-v7.0	13707	2.75000000e+01	nan	nan	nan	nan	0
3	3.24258343e+00	4.08216943e+00	3.97000003e+00	primer-cosmos-west-grizli-v7.0	13707	2.90000000e+01	nan	nan	nan	nan	0
3	3.24258343e+00	4.08216943e+00	3.97000003e+00	primer-cosmos-west-grizli-v7.0	13707	3.05000000e+01	nan	nan	nan	nan	0
3	3.24258343e+00	4.08216943e+00	3.40925479e+00	primer-cosmos-west-grizli-v7.0	18736	5.00000000e-01	4.83754335e+09	1.00453375e+01	2.07653696e-09	3.17413311e-01	1
3	3.24258343e+00	4.08216943e+00	3.40925479e+00	primer-cosmos-west-grizli-v7.0	18736	2.00000000e+00	2.02611152e+09	6.62176724e+00	3.26821459e-09	2.79726145e-01	1
3	3.24258343e+00	4.08216943e+00	3.40925479e+00	primer-cosmos-west-grizli-v7.0	18736	3.50000000e+00	3.71094141e+08	1.27780545e+00	3.44334578e-09	2.62143210e-01	1
3	3.24258343e+00	4.08216943e+00	3.40925479e+00	primer-cosmos-west-grizli-v7.0	18736	5.00000000e+00	1.55989417e+08	5.97819001e-01	3.83243307e-09	2.63407624e-01	1
3	3.24258343e+00	4.08216943e+00	3.40925479e+00	primer-cosmos-west-grizli-v7.0	18736	6.50000000e+00	nan	nan	nan	nan	1
3	3.24258343e+00	4.08216943e+00	3.40925479e+00	primer-cosmos-west-grizli-v7.0	18736	8.00000000e+00	nan	nan	nan	nan	1
3	3.24258343e+00	4.08216943e+00	3.40925479e+00	primer-cosmos-west-grizli-v7.0	18736	9.50000000e+00	nan	nan	nan	nan	1
3	3.24258343e+00	4.08216943e+00	3.40925479e+00	primer-cosmos-west-grizli-v7.0	18736	1.10000000e+01	nan	nan	nan	nan	1
3	3.24258343e+00	4.08216943e+00	3.40925479e+00	primer-cosmos-west-grizli-v7.0	18736	1.25000000e+01	nan	nan	nan	nan	0
3	3.24258343e+00	4.08216943e+00	3.40925479e+00	primer-cosmos-west-grizli-v7.0	18736	1.40000000e+01	nan	nan	nan	nan	0
3	3.24258343e+00	4.08216943e+00	3.40925479e+00	primer-cosmos-west-grizli-v7.0	18736	1.55000000e+01	nan	nan	nan	nan	0
3	3.24258343e+00	4.08216943e+00	3.40925479e+00	primer-cosmos-west-grizli-v7.0	18736	1.70000000e+01	nan	nan	nan	nan	0
3	3.24258343e+00	4.08216943e+00	3.40925479e+00	primer-cosmos-west-grizli-v7.0	18736	1.85000000e+01	nan	nan	nan	nan	0
3	3.24258343e+00	4.08216943e+00	3.40925479e+00	primer-cosmos-west-grizli-v7.0	18736	2.00000000e+01	nan	nan	nan	nan	0
3	3.24258343e+00	4.08216943e+00	3.40925479e+00	primer-cosmos-west-grizli-v7.0	18736	2.15000000e+01	nan	nan	nan	nan	0
3	3.24258343e+00	4.08216943e+00	3.40925479e+00	primer-cosmos-west-grizli-v7.0	18736	2.30000000e+01	nan	nan	nan	nan	0
3	3.24258343e+00	4.08216943e+00	3.40925479e+00	primer-cosmos-west-grizli-v7.0	18736	2.45000000e+01	nan	nan	nan	nan	0
3	3.24258343e+00	4.08216943e+00	3.40925479e+00	primer-cosmos-west-grizli-v7.0	18736	2.60000000e+01	nan	nan	nan	nan	0
3	3.24258343e+00	4.08216943e+00	3.40925479e+00	primer-cosmos-west-grizli-v7.0	18736	2.75000000e+01	nan	nan	nan	nan	0
3	3.24258343e+00	4.08216943e+00	3.40925479e+00	primer-cosmos-west-grizli-v7.0	18736	2.90000000e+01	nan	nan	nan	nan	0
3	3.24258343e+00	4.08216943e+00	3.40925479e+00	primer-cosmos-west-grizli-v7.0	18736	3.05000000e+01	nan	nan	nan	nan	0
3	3.24258343e+00	4.08216943e+00	3.48852968e+00	primer-cosmos-west-grizli-v7.0	19198	5.00000000e-01	3.69750861e+09	4.09104793e+01	1.10643365e-08	3.03212063e-01	1
3	3.24258343e+00	4.08216943e+00	3.48852968e+00	primer-cosmos-west-grizli-v7.0	19198	2.00000000e+00	1.25501732e+09	9.47672728e+00	7.55107292e-09	3.18443066e-01	1
3	3.24258343e+00	4.08216943e+00	3.48852968e+00	primer-cosmos-west-grizli-v7.0	19198	3.50000000e+00	2.94003146e+08	2.41582937e-01	8.21701877e-10	2.90929841e-01	1
3	3.24258343e+00	4.08216943e+00	3.48852968e+00	primer-cosmos-west-grizli-v7.0	19198	5.00000000e+00	nan	nan	nan	nan	1
3	3.24258343e+00	4.08216943e+00	3.48852968e+00	primer-cosmos-west-grizli-v7.0	19198	6.50000000e+00	nan	nan	nan	nan	1
3	3.24258343e+00	4.08216943e+00	3.48852968e+00	primer-cosmos-west-grizli-v7.0	19198	8.00000000e+00	nan	nan	nan	nan	1
3	3.24258343e+00	4.08216943e+00	3.48852968e+00	primer-cosmos-west-grizli-v7.0	19198	9.50000000e+00	nan	nan	nan	nan	1
3	3.24258343e+00	4.08216943e+00	3.48852968e+00	primer-cosmos-west-grizli-v7.0	19198	1.10000000e+01	nan	nan	nan	nan	1
3	3.24258343e+00	4.08216943e+00	3.48852968e+00	primer-cosmos-west-grizli-v7.0	19198	1.25000000e+01	nan	nan	nan	nan	0
3	3.24258343e+00	4.08216943e+00	3.48852968e+00	primer-cosmos-west-grizli-v7.0	19198	1.40000000e+01	nan	nan	nan	nan	0
3	3.24258343e+00	4.08216943e+00	3.48852968e+00	primer-cosmos-west-grizli-v7.0	19198	1.55000000e+01	nan	nan	nan	nan	0
3	3.24258343e+00	4.08216943e+00	3.48852968e+00	primer-cosmos-west-grizli-v7.0	19198	1.70000000e+01	nan	nan	nan	nan	0
3	3.24258343e+00	4.08216943e+00	3.48852968e+00	primer-cosmos-west-grizli-v7.0	19198	1.85000000e+01	nan	nan	nan	nan	0
3	3.24258343e+00	4.08216943e+00	3.48852968e+00	primer-cosmos-west-grizli-v7.0	19198	2.00000000e+01	nan	nan	nan	nan	0
3	3.24258343e+00	4.08216943e+00	3.48852968e+00	primer-cosmos-west-grizli-v7.0	19198	2.15000000e+01	nan	nan	nan	nan	0
3	3.24258343e+00	4.08216943e+00	3.48852968e+00	primer-cosmos-west-grizli-v7.0	19198	2.30000000e+01	nan	nan	nan	nan	0
3	3.24258343e+00	4.08216943e+00	3.48852968e+00	primer-cosmos-west-grizli-v7.0	19198	2.45000000e+01	nan	nan	nan	nan	0
3	3.24258343e+00	4.08216943e+00	3.48852968e+00	primer-cosmos-west-grizli-v7.0	19198	2.60000000e+01	nan	nan	nan	nan	0
3	3.24258343e+00	4.08216943e+00	3.48852968e+00	primer-cosmos-west-grizli-v7.0	19198	2.75000000e+01	nan	nan	nan	nan	0
3	3.24258343e+00	4.08216943e+00	3.48852968e+00	primer-cosmos-west-grizli-v7.0	19198	2.90000000e+01	nan	nan	nan	nan	0
3	3.24258343e+00	4.08216943e+00	3.48852968e+00	primer-cosmos-west-grizli-v7.0	19198	3.05000000e+01	nan	nan	nan	nan	0
3	3.24258343e+00	4.08216943e+00	3.46246266e+00	primer-cosmos-west-grizli-v7.0	36968	5.00000000e-01	1.30651201e+10	1.20010614e+00	9.18557300e-11	1.07613034e+00	1
3	3.24258343e+00	4.08216943e+00	3.46246266e+00	primer-cosmos-west-grizli-v7.0	36968	2.00000000e+00	2.53129285e+09	3.34872795e+00	1.32293186e-09	5.13973676e-01	1
3	3.24258343e+00	4.08216943e+00	3.46246266e+00	primer-cosmos-west-grizli-v7.0	36968	3.50000000e+00	4.28388676e+08	1.34864421e+00	3.14817894e-09	4.32563688e-01	1
3	3.24258343e+00	4.08216943e+00	3.46246266e+00	primer-cosmos-west-grizli-v7.0	36968	5.00000000e+00	1.16241196e+08	4.15501247e-01	3.57447498e-09	4.27443853e-01	1
3	3.24258343e+00	4.08216943e+00	3.46246266e+00	primer-cosmos-west-grizli-v7.0	36968	6.50000000e+00	nan	nan	nan	nan	1
3	3.24258343e+00	4.08216943e+00	3.46246266e+00	primer-cosmos-west-grizli-v7.0	36968	8.00000000e+00	nan	nan	nan	nan	1
3	3.24258343e+00	4.08216943e+00	3.46246266e+00	primer-cosmos-west-grizli-v7.0	36968	9.50000000e+00	nan	nan	nan	nan	1
3	3.24258343e+00	4.08216943e+00	3.46246266e+00	primer-cosmos-west-grizli-v7.0	36968	1.10000000e+01	nan	nan	nan	nan	1
3	3.24258343e+00	4.08216943e+00	3.46246266e+00	primer-cosmos-west-grizli-v7.0	36968	1.25000000e+01	nan	nan	nan	nan	0
3	3.24258343e+00	4.08216943e+00	3.46246266e+00	primer-cosmos-west-grizli-v7.0	36968	1.40000000e+01	nan	nan	nan	nan	0
3	3.24258343e+00	4.08216943e+00	3.46246266e+00	primer-cosmos-west-grizli-v7.0	36968	1.55000000e+01	nan	nan	nan	nan	0
3	3.24258343e+00	4.08216943e+00	3.46246266e+00	primer-cosmos-west-grizli-v7.0	36968	1.70000000e+01	nan	nan	nan	nan	0
3	3.24258343e+00	4.08216943e+00	3.46246266e+00	primer-cosmos-west-grizli-v7.0	36968	1.85000000e+01	nan	nan	nan	nan	0
3	3.24258343e+00	4.08216943e+00	3.46246266e+00	primer-cosmos-west-grizli-v7.0	36968	2.00000000e+01	nan	nan	nan	nan	0
3	3.24258343e+00	4.08216943e+00	3.46246266e+00	primer-cosmos-west-grizli-v7.0	36968	2.15000000e+01	nan	nan	nan	nan	0
3	3.24258343e+00	4.08216943e+00	3.46246266e+00	primer-cosmos-west-grizli-v7.0	36968	2.30000000e+01	nan	nan	nan	nan	0
3	3.24258343e+00	4.08216943e+00	3.46246266e+00	primer-cosmos-west-grizli-v7.0	36968	2.45000000e+01	nan	nan	nan	nan	0
3	3.24258343e+00	4.08216943e+00	3.46246266e+00	primer-cosmos-west-grizli-v7.0	36968	2.60000000e+01	nan	nan	nan	nan	0
3	3.24258343e+00	4.08216943e+00	3.46246266e+00	primer-cosmos-west-grizli-v7.0	36968	2.75000000e+01	nan	nan	nan	nan	0
3	3.24258343e+00	4.08216943e+00	3.46246266e+00	primer-cosmos-west-grizli-v7.0	36968	2.90000000e+01	nan	nan	nan	nan	0
3	3.24258343e+00	4.08216943e+00	3.46246266e+00	primer-cosmos-west-grizli-v7.0	36968	3.05000000e+01	nan	nan	nan	nan	0
3	3.24258343e+00	4.08216943e+00	3.53276229e+00	primer-cosmos-west-grizli-v7.0	50565	5.00000000e-01	2.17834272e+09	9.88104478e+00	4.53603775e-09	1.69822172e-01	1
3	3.24258343e+00	4.08216943e+00	3.53276229e+00	primer-cosmos-west-grizli-v7.0	50565	2.00000000e+00	7.89943108e+08	3.11895512e+00	3.94832880e-09	2.16526811e-01	1
3	3.24258343e+00	4.08216943e+00	3.53276229e+00	primer-cosmos-west-grizli-v7.0	50565	3.50000000e+00	1.71015678e+08	5.22912518e-01	3.05768759e-09	2.61088125e-01	1
3	3.24258343e+00	4.08216943e+00	3.53276229e+00	primer-cosmos-west-grizli-v7.0	50565	5.00000000e+00	7.51101760e+07	2.98259393e-01	3.97095852e-09	2.66131557e-01	1
3	3.24258343e+00	4.08216943e+00	3.53276229e+00	primer-cosmos-west-grizli-v7.0	50565	6.50000000e+00	nan	nan	nan	nan	1
3	3.24258343e+00	4.08216943e+00	3.53276229e+00	primer-cosmos-west-grizli-v7.0	50565	8.00000000e+00	nan	nan	nan	nan	1
3	3.24258343e+00	4.08216943e+00	3.53276229e+00	primer-cosmos-west-grizli-v7.0	50565	9.50000000e+00	nan	nan	nan	nan	1
3	3.24258343e+00	4.08216943e+00	3.53276229e+00	primer-cosmos-west-grizli-v7.0	50565	1.10000000e+01	nan	nan	nan	nan	1
3	3.24258343e+00	4.08216943e+00	3.53276229e+00	primer-cosmos-west-grizli-v7.0	50565	1.25000000e+01	nan	nan	nan	nan	0
3	3.24258343e+00	4.08216943e+00	3.53276229e+00	primer-cosmos-west-grizli-v7.0	50565	1.40000000e+01	nan	nan	nan	nan	0
3	3.24258343e+00	4.08216943e+00	3.53276229e+00	primer-cosmos-west-grizli-v7.0	50565	1.55000000e+01	nan	nan	nan	nan	0
3	3.24258343e+00	4.08216943e+00	3.53276229e+00	primer-cosmos-west-grizli-v7.0	50565	1.70000000e+01	nan	nan	nan	nan	0
3	3.24258343e+00	4.08216943e+00	3.53276229e+00	primer-cosmos-west-grizli-v7.0	50565	1.85000000e+01	nan	nan	nan	nan	0
3	3.24258343e+00	4.08216943e+00	3.53276229e+00	primer-cosmos-west-grizli-v7.0	50565	2.00000000e+01	nan	nan	nan	nan	0
3	3.24258343e+00	4.08216943e+00	3.53276229e+00	primer-cosmos-west-grizli-v7.0	50565	2.15000000e+01	nan	nan	nan	nan	0
3	3.24258343e+00	4.08216943e+00	3.53276229e+00	primer-cosmos-west-grizli-v7.0	50565	2.30000000e+01	nan	nan	nan	nan	0
3	3.24258343e+00	4.08216943e+00	3.53276229e+00	primer-cosmos-west-grizli-v7.0	50565	2.45000000e+01	nan	nan	nan	nan	0
3	3.24258343e+00	4.08216943e+00	3.53276229e+00	primer-cosmos-west-grizli-v7.0	50565	2.60000000e+01	nan	nan	nan	nan	0
3	3.24258343e+00	4.08216943e+00	3.53276229e+00	primer-cosmos-west-grizli-v7.0	50565	2.75000000e+01	nan	nan	nan	nan	0
3	3.24258343e+00	4.08216943e+00	3.53276229e+00	primer-cosmos-west-grizli-v7.0	50565	2.90000000e+01	nan	nan	nan	nan	0
3	3.24258343e+00	4.08216943e+00	3.53276229e+00	primer-cosmos-west-grizli-v7.0	50565	3.05000000e+01	nan	nan	nan	nan	0
3	3.24258343e+00	4.08216943e+00	3.50039434e+00	primer-cosmos-west-grizli-v7.0	54483	5.00000000e-01	2.04357642e+09	1.82157735e+00	8.91367377e-10	2.23992807e-01	1
3	3.24258343e+00	4.08216943e+00	3.50039434e+00	primer-cosmos-west-grizli-v7.0	54483	2.00000000e+00	7.13539828e+08	2.86715038e+00	4.01820651e-09	2.23992807e-01	1
3	3.24258343e+00	4.08216943e+00	3.50039434e+00	primer-cosmos-west-grizli-v7.0	54483	3.50000000e+00	2.33099792e+08	1.72158468e+00	7.38561228e-09	2.23992807e-01	1
3	3.24258343e+00	4.08216943e+00	3.50039434e+00	primer-cosmos-west-grizli-v7.0	54483	5.00000000e+00	nan	nan	nan	nan	1
3	3.24258343e+00	4.08216943e+00	3.50039434e+00	primer-cosmos-west-grizli-v7.0	54483	6.50000000e+00	nan	nan	nan	nan	1
3	3.24258343e+00	4.08216943e+00	3.50039434e+00	primer-cosmos-west-grizli-v7.0	54483	8.00000000e+00	nan	nan	nan	nan	1
3	3.24258343e+00	4.08216943e+00	3.50039434e+00	primer-cosmos-west-grizli-v7.0	54483	9.50000000e+00	nan	nan	nan	nan	1
3	3.24258343e+00	4.08216943e+00	3.50039434e+00	primer-cosmos-west-grizli-v7.0	54483	1.10000000e+01	nan	nan	nan	nan	1
3	3.24258343e+00	4.08216943e+00	3.50039434e+00	primer-cosmos-west-grizli-v7.0	54483	1.25000000e+01	nan	nan	nan	nan	0
3	3.24258343e+00	4.08216943e+00	3.50039434e+00	primer-cosmos-west-grizli-v7.0	54483	1.40000000e+01	nan	nan	nan	nan	0
3	3.24258343e+00	4.08216943e+00	3.50039434e+00	primer-cosmos-west-grizli-v7.0	54483	1.55000000e+01	nan	nan	nan	nan	0
3	3.24258343e+00	4.08216943e+00	3.50039434e+00	primer-cosmos-west-grizli-v7.0	54483	1.70000000e+01	nan	nan	nan	nan	0
3	3.24258343e+00	4.08216943e+00	3.50039434e+00	primer-cosmos-west-grizli-v7.0	54483	1.85000000e+01	nan	nan	nan	nan	0
3	3.24258343e+00	4.08216943e+00	3.50039434e+00	primer-cosmos-west-grizli-v7.0	54483	2.00000000e+01	nan	nan	nan	nan	0
3	3.24258343e+00	4.08216943e+00	3.50039434e+00	primer-cosmos-west-grizli-v7.0	54483	2.15000000e+01	nan	nan	nan	nan	0
3	3.24258343e+00	4.08216943e+00	3.50039434e+00	primer-cosmos-west-grizli-v7.0	54483	2.30000000e+01	nan	nan	nan	nan	0
3	3.24258343e+00	4.08216943e+00	3.50039434e+00	primer-cosmos-west-grizli-v7.0	54483	2.45000000e+01	nan	nan	nan	nan	0
3	3.24258343e+00	4.08216943e+00	3.50039434e+00	primer-cosmos-west-grizli-v7.0	54483	2.60000000e+01	nan	nan	nan	nan	0
3	3.24258343e+00	4.08216943e+00	3.50039434e+00	primer-cosmos-west-grizli-v7.0	54483	2.75000000e+01	nan	nan	nan	nan	0
3	3.24258343e+00	4.08216943e+00	3.50039434e+00	primer-cosmos-west-grizli-v7.0	54483	2.90000000e+01	nan	nan	nan	nan	0
3	3.24258343e+00	4.08216943e+00	3.50039434e+00	primer-cosmos-west-grizli-v7.0	54483	3.05000000e+01	nan	nan	nan	nan	0
3	3.24258343e+00	4.08216943e+00	3.46055079e+00	primer-uds-north-grizli-v7.2	6623	5.00000000e-01	7.88038128e+09	3.26501164e+00	4.14321532e-10	8.43183916e-01	1
3	3.24258343e+00	4.08216943e+00	3.46055079e+00	primer-uds-north-grizli-v7.2	6623	2.00000000e+00	2.17373691e+09	8.85580527e+00	4.07400050e-09	4.26648718e-01	1
3	3.24258343e+00	4.08216943e+00	3.46055079e+00	primer-uds-north-grizli-v7.2	6623	3.50000000e+00	4.41040438e+08	7.64519184e+00	1.73344464e-08	2.81543338e-01	1
3	3.24258343e+00	4.08216943e+00	3.46055079e+00	primer-uds-north-grizli-v7.2	6623	5.00000000e+00	nan	nan	nan	nan	1
3	3.24258343e+00	4.08216943e+00	3.46055079e+00	primer-uds-north-grizli-v7.2	6623	6.50000000e+00	nan	nan	nan	nan	1
3	3.24258343e+00	4.08216943e+00	3.46055079e+00	primer-uds-north-grizli-v7.2	6623	8.00000000e+00	nan	nan	nan	nan	1
3	3.24258343e+00	4.08216943e+00	3.46055079e+00	primer-uds-north-grizli-v7.2	6623	9.50000000e+00	nan	nan	nan	nan	1
3	3.24258343e+00	4.08216943e+00	3.46055079e+00	primer-uds-north-grizli-v7.2	6623	1.10000000e+01	nan	nan	nan	nan	1
3	3.24258343e+00	4.08216943e+00	3.46055079e+00	primer-uds-north-grizli-v7.2	6623	1.25000000e+01	nan	nan	nan	nan	0
3	3.24258343e+00	4.08216943e+00	3.46055079e+00	primer-uds-north-grizli-v7.2	6623	1.40000000e+01	nan	nan	nan	nan	0
3	3.24258343e+00	4.08216943e+00	3.46055079e+00	primer-uds-north-grizli-v7.2	6623	1.55000000e+01	nan	nan	nan	nan	0
3	3.24258343e+00	4.08216943e+00	3.46055079e+00	primer-uds-north-grizli-v7.2	6623	1.70000000e+01	nan	nan	nan	nan	0
3	3.24258343e+00	4.08216943e+00	3.46055079e+00	primer-uds-north-grizli-v7.2	6623	1.85000000e+01	nan	nan	nan	nan	0
3	3.24258343e+00	4.08216943e+00	3.46055079e+00	primer-uds-north-grizli-v7.2	6623	2.00000000e+01	nan	nan	nan	nan	0
3	3.24258343e+00	4.08216943e+00	3.46055079e+00	primer-uds-north-grizli-v7.2	6623	2.15000000e+01	nan	nan	nan	nan	0
3	3.24258343e+00	4.08216943e+00	3.46055079e+00	primer-uds-north-grizli-v7.2	6623	2.30000000e+01	nan	nan	nan	nan	0
3	3.24258343e+00	4.08216943e+00	3.46055079e+00	primer-uds-north-grizli-v7.2	6623	2.45000000e+01	nan	nan	nan	nan	0
3	3.24258343e+00	4.08216943e+00	3.46055079e+00	primer-uds-north-grizli-v7.2	6623	2.60000000e+01	nan	nan	nan	nan	0
3	3.24258343e+00	4.08216943e+00	3.46055079e+00	primer-uds-north-grizli-v7.2	6623	2.75000000e+01	nan	nan	nan	nan	0
3	3.24258343e+00	4.08216943e+00	3.46055079e+00	primer-uds-north-grizli-v7.2	6623	2.90000000e+01	nan	nan	nan	nan	0
3	3.24258343e+00	4.08216943e+00	3.46055079e+00	primer-uds-north-grizli-v7.2	6623	3.05000000e+01	nan	nan	nan	nan	0
3	3.24258343e+00	4.08216943e+00	3.54031157e+00	primer-uds-north-grizli-v7.2	16339	5.00000000e-01	4.80636607e+09	1.51743817e+01	3.15714232e-09	2.71174387e-01	1
3	3.24258343e+00	4.08216943e+00	3.54031157e+00	primer-uds-north-grizli-v7.2	16339	2.00000000e+00	9.86637491e+08	3.86382161e+00	3.91615121e-09	2.79038289e-01	1
3	3.24258343e+00	4.08216943e+00	3.54031157e+00	primer-uds-north-grizli-v7.2	16339	3.50000000e+00	2.04487109e+08	8.73508642e-01	4.27170517e-09	2.68004613e-01	1
3	3.24258343e+00	4.08216943e+00	3.54031157e+00	primer-uds-north-grizli-v7.2	16339	5.00000000e+00	nan	nan	nan	nan	1
3	3.24258343e+00	4.08216943e+00	3.54031157e+00	primer-uds-north-grizli-v7.2	16339	6.50000000e+00	nan	nan	nan	nan	1
3	3.24258343e+00	4.08216943e+00	3.54031157e+00	primer-uds-north-grizli-v7.2	16339	8.00000000e+00	nan	nan	nan	nan	1
3	3.24258343e+00	4.08216943e+00	3.54031157e+00	primer-uds-north-grizli-v7.2	16339	9.50000000e+00	nan	nan	nan	nan	1
3	3.24258343e+00	4.08216943e+00	3.54031157e+00	primer-uds-north-grizli-v7.2	16339	1.10000000e+01	nan	nan	nan	nan	1
3	3.24258343e+00	4.08216943e+00	3.54031157e+00	primer-uds-north-grizli-v7.2	16339	1.25000000e+01	nan	nan	nan	nan	0
3	3.24258343e+00	4.08216943e+00	3.54031157e+00	primer-uds-north-grizli-v7.2	16339	1.40000000e+01	nan	nan	nan	nan	0
3	3.24258343e+00	4.08216943e+00	3.54031157e+00	primer-uds-north-grizli-v7.2	16339	1.55000000e+01	nan	nan	nan	nan	0
3	3.24258343e+00	4.08216943e+00	3.54031157e+00	primer-uds-north-grizli-v7.2	16339	1.70000000e+01	nan	nan	nan	nan	0
3	3.24258343e+00	4.08216943e+00	3.54031157e+00	primer-uds-north-grizli-v7.2	16339	1.85000000e+01	nan	nan	nan	nan	0
3	3.24258343e+00	4.08216943e+00	3.54031157e+00	primer-uds-north-grizli-v7.2	16339	2.00000000e+01	nan	nan	nan	nan	0
3	3.24258343e+00	4.08216943e+00	3.54031157e+00	primer-uds-north-grizli-v7.2	16339	2.15000000e+01	nan	nan	nan	nan	0
3	3.24258343e+00	4.08216943e+00	3.54031157e+00	primer-uds-north-grizli-v7.2	16339	2.30000000e+01	nan	nan	nan	nan	0
3	3.24258343e+00	4.08216943e+00	3.54031157e+00	primer-uds-north-grizli-v7.2	16339	2.45000000e+01	nan	nan	nan	nan	0
3	3.24258343e+00	4.08216943e+00	3.54031157e+00	primer-uds-north-grizli-v7.2	16339	2.60000000e+01	nan	nan	nan	nan	0
3	3.24258343e+00	4.08216943e+00	3.54031157e+00	primer-uds-north-grizli-v7.2	16339	2.75000000e+01	nan	nan	nan	nan	0
3	3.24258343e+00	4.08216943e+00	3.54031157e+00	primer-uds-north-grizli-v7.2	16339	2.90000000e+01	nan	nan	nan	nan	0
3	3.24258343e+00	4.08216943e+00	3.54031157e+00	primer-uds-north-grizli-v7.2	16339	3.05000000e+01	nan	nan	nan	nan	0
3	3.24258343e+00	4.08216943e+00	3.77870011e+00	primer-uds-north-grizli-v7.2	31643	5.00000000e-01	7.20935971e+09	2.11011499e+01	2.92691040e-09	3.30149789e-01	1
3	3.24258343e+00	4.08216943e+00	3.77870011e+00	primer-uds-north-grizli-v7.2	31643	2.00000000e+00	1.01382823e+09	1.45944065e+00	1.43953444e-09	4.05830480e-01	1
3	3.24258343e+00	4.08216943e+00	3.77870011e+00	primer-uds-north-grizli-v7.2	31643	3.50000000e+00	7.10407297e+07	4.10051703e-01	5.77206491e-09	2.62082196e-01	1
3	3.24258343e+00	4.08216943e+00	3.77870011e+00	primer-uds-north-grizli-v7.2	31643	5.00000000e+00	nan	nan	nan	nan	1
3	3.24258343e+00	4.08216943e+00	3.77870011e+00	primer-uds-north-grizli-v7.2	31643	6.50000000e+00	nan	nan	nan	nan	1
3	3.24258343e+00	4.08216943e+00	3.77870011e+00	primer-uds-north-grizli-v7.2	31643	8.00000000e+00	nan	nan	nan	nan	1
3	3.24258343e+00	4.08216943e+00	3.77870011e+00	primer-uds-north-grizli-v7.2	31643	9.50000000e+00	nan	nan	nan	nan	1
3	3.24258343e+00	4.08216943e+00	3.77870011e+00	primer-uds-north-grizli-v7.2	31643	1.10000000e+01	nan	nan	nan	nan	1
3	3.24258343e+00	4.08216943e+00	3.77870011e+00	primer-uds-north-grizli-v7.2	31643	1.25000000e+01	nan	nan	nan	nan	0
3	3.24258343e+00	4.08216943e+00	3.77870011e+00	primer-uds-north-grizli-v7.2	31643	1.40000000e+01	nan	nan	nan	nan	0
3	3.24258343e+00	4.08216943e+00	3.77870011e+00	primer-uds-north-grizli-v7.2	31643	1.55000000e+01	nan	nan	nan	nan	0
3	3.24258343e+00	4.08216943e+00	3.77870011e+00	primer-uds-north-grizli-v7.2	31643	1.70000000e+01	nan	nan	nan	nan	0
3	3.24258343e+00	4.08216943e+00	3.77870011e+00	primer-uds-north-grizli-v7.2	31643	1.85000000e+01	nan	nan	nan	nan	0
3	3.24258343e+00	4.08216943e+00	3.77870011e+00	primer-uds-north-grizli-v7.2	31643	2.00000000e+01	nan	nan	nan	nan	0
3	3.24258343e+00	4.08216943e+00	3.77870011e+00	primer-uds-north-grizli-v7.2	31643	2.15000000e+01	nan	nan	nan	nan	0
3	3.24258343e+00	4.08216943e+00	3.77870011e+00	primer-uds-north-grizli-v7.2	31643	2.30000000e+01	nan	nan	nan	nan	0
3	3.24258343e+00	4.08216943e+00	3.77870011e+00	primer-uds-north-grizli-v7.2	31643	2.45000000e+01	nan	nan	nan	nan	0
3	3.24258343e+00	4.08216943e+00	3.77870011e+00	primer-uds-north-grizli-v7.2	31643	2.60000000e+01	nan	nan	nan	nan	0
3	3.24258343e+00	4.08216943e+00	3.77870011e+00	primer-uds-north-grizli-v7.2	31643	2.75000000e+01	nan	nan	nan	nan	0
3	3.24258343e+00	4.08216943e+00	3.77870011e+00	primer-uds-north-grizli-v7.2	31643	2.90000000e+01	nan	nan	nan	nan	0
3	3.24258343e+00	4.08216943e+00	3.77870011e+00	primer-uds-north-grizli-v7.2	31643	3.05000000e+01	nan	nan	nan	nan	0
3	3.24258343e+00	4.08216943e+00	3.46095133e+00	primer-uds-north-grizli-v7.2	40080	5.00000000e-01	6.80139892e+09	4.54846309e-01	6.68754053e-11	1.08913234e+00	1
3	3.24258343e+00	4.08216943e+00	3.46095133e+00	primer-uds-north-grizli-v7.2	40080	2.00000000e+00	1.10253425e+09	1.37834076e+00	1.25015687e-09	4.91983609e-01	1
3	3.24258343e+00	4.08216943e+00	3.46095133e+00	primer-uds-north-grizli-v7.2	40080	3.50000000e+00	1.76791484e+08	6.63643101e-01	3.75381826e-09	3.64049692e-01	1
3	3.24258343e+00	4.08216943e+00	3.46095133e+00	primer-uds-north-grizli-v7.2	40080	5.00000000e+00	6.64116434e+07	1.80672940e-01	2.72050096e-09	3.61469881e-01	1
3	3.24258343e+00	4.08216943e+00	3.46095133e+00	primer-uds-north-grizli-v7.2	40080	6.50000000e+00	nan	nan	nan	nan	1
3	3.24258343e+00	4.08216943e+00	3.46095133e+00	primer-uds-north-grizli-v7.2	40080	8.00000000e+00	nan	nan	nan	nan	1
3	3.24258343e+00	4.08216943e+00	3.46095133e+00	primer-uds-north-grizli-v7.2	40080	9.50000000e+00	nan	nan	nan	nan	1
3	3.24258343e+00	4.08216943e+00	3.46095133e+00	primer-uds-north-grizli-v7.2	40080	1.10000000e+01	nan	nan	nan	nan	1
3	3.24258343e+00	4.08216943e+00	3.46095133e+00	primer-uds-north-grizli-v7.2	40080	1.25000000e+01	nan	nan	nan	nan	0
3	3.24258343e+00	4.08216943e+00	3.46095133e+00	primer-uds-north-grizli-v7.2	40080	1.40000000e+01	nan	nan	nan	nan	0
3	3.24258343e+00	4.08216943e+00	3.46095133e+00	primer-uds-north-grizli-v7.2	40080	1.55000000e+01	nan	nan	nan	nan	0
3	3.24258343e+00	4.08216943e+00	3.46095133e+00	primer-uds-north-grizli-v7.2	40080	1.70000000e+01	nan	nan	nan	nan	0
3	3.24258343e+00	4.08216943e+00	3.46095133e+00	primer-uds-north-grizli-v7.2	40080	1.85000000e+01	nan	nan	nan	nan	0
3	3.24258343e+00	4.08216943e+00	3.46095133e+00	primer-uds-north-grizli-v7.2	40080	2.00000000e+01	nan	nan	nan	nan	0
3	3.24258343e+00	4.08216943e+00	3.46095133e+00	primer-uds-north-grizli-v7.2	40080	2.15000000e+01	nan	nan	nan	nan	0
3	3.24258343e+00	4.08216943e+00	3.46095133e+00	primer-uds-north-grizli-v7.2	40080	2.30000000e+01	nan	nan	nan	nan	0
3	3.24258343e+00	4.08216943e+00	3.46095133e+00	primer-uds-north-grizli-v7.2	40080	2.45000000e+01	nan	nan	nan	nan	0
3	3.24258343e+00	4.08216943e+00	3.46095133e+00	primer-uds-north-grizli-v7.2	40080	2.60000000e+01	nan	nan	nan	nan	0
3	3.24258343e+00	4.08216943e+00	3.46095133e+00	primer-uds-north-grizli-v7.2	40080	2.75000000e+01	nan	nan	nan	nan	0
3	3.24258343e+00	4.08216943e+00	3.46095133e+00	primer-uds-north-grizli-v7.2	40080	2.90000000e+01	nan	nan	nan	nan	0
3	3.24258343e+00	4.08216943e+00	3.46095133e+00	primer-uds-north-grizli-v7.2	40080	3.05000000e+01	nan	nan	nan	nan	0
3	3.24258343e+00	4.08216943e+00	3.89123011e+00	primer-uds-north-grizli-v7.2	44238	5.00000000e-01	9.49363395e+09	4.00506609e+00	4.21868603e-10	7.47559589e-01	1
3	3.24258343e+00	4.08216943e+00	3.89123011e+00	primer-uds-north-grizli-v7.2	44238	2.00000000e+00	1.00452067e+09	2.42648797e+00	2.41556799e-09	3.70790407e-01	1
3	3.24258343e+00	4.08216943e+00	3.89123011e+00	primer-uds-north-grizli-v7.2	44238	3.50000000e+00	1.48406873e+08	6.29801216e-01	4.24374695e-09	2.71264534e-01	1
3	3.24258343e+00	4.08216943e+00	3.89123011e+00	primer-uds-north-grizli-v7.2	44238	5.00000000e+00	1.14918649e+08	4.77230918e-01	4.15277173e-09	2.70578803e-01	1
3	3.24258343e+00	4.08216943e+00	3.89123011e+00	primer-uds-north-grizli-v7.2	44238	6.50000000e+00	nan	nan	nan	nan	1
3	3.24258343e+00	4.08216943e+00	3.89123011e+00	primer-uds-north-grizli-v7.2	44238	8.00000000e+00	nan	nan	nan	nan	1
3	3.24258343e+00	4.08216943e+00	3.89123011e+00	primer-uds-north-grizli-v7.2	44238	9.50000000e+00	nan	nan	nan	nan	1
3	3.24258343e+00	4.08216943e+00	3.89123011e+00	primer-uds-north-grizli-v7.2	44238	1.10000000e+01	nan	nan	nan	nan	1
3	3.24258343e+00	4.08216943e+00	3.89123011e+00	primer-uds-north-grizli-v7.2	44238	1.25000000e+01	nan	nan	nan	nan	0
3	3.24258343e+00	4.08216943e+00	3.89123011e+00	primer-uds-north-grizli-v7.2	44238	1.40000000e+01	nan	nan	nan	nan	0
3	3.24258343e+00	4.08216943e+00	3.89123011e+00	primer-uds-north-grizli-v7.2	44238	1.55000000e+01	nan	nan	nan	nan	0
3	3.24258343e+00	4.08216943e+00	3.89123011e+00	primer-uds-north-grizli-v7.2	44238	1.70000000e+01	nan	nan	nan	nan	0
3	3.24258343e+00	4.08216943e+00	3.89123011e+00	primer-uds-north-grizli-v7.2	44238	1.85000000e+01	nan	nan	nan	nan	0
3	3.24258343e+00	4.08216943e+00	3.89123011e+00	primer-uds-north-grizli-v7.2	44238	2.00000000e+01	nan	nan	nan	nan	0
3	3.24258343e+00	4.08216943e+00	3.89123011e+00	primer-uds-north-grizli-v7.2	44238	2.15000000e+01	nan	nan	nan	nan	0
3	3.24258343e+00	4.08216943e+00	3.89123011e+00	primer-uds-north-grizli-v7.2	44238	2.30000000e+01	nan	nan	nan	nan	0
3	3.24258343e+00	4.08216943e+00	3.89123011e+00	primer-uds-north-grizli-v7.2	44238	2.45000000e+01	nan	nan	nan	nan	0
3	3.24258343e+00	4.08216943e+00	3.89123011e+00	primer-uds-north-grizli-v7.2	44238	2.60000000e+01	nan	nan	nan	nan	0
3	3.24258343e+00	4.08216943e+00	3.89123011e+00	primer-uds-north-grizli-v7.2	44238	2.75000000e+01	nan	nan	nan	nan	0
3	3.24258343e+00	4.08216943e+00	3.89123011e+00	primer-uds-north-grizli-v7.2	44238	2.90000000e+01	nan	nan	nan	nan	0
3	3.24258343e+00	4.08216943e+00	3.89123011e+00	primer-uds-north-grizli-v7.2	44238	3.05000000e+01	nan	nan	nan	nan	0
3	3.24258343e+00	4.08216943e+00	3.97063565e+00	primer-uds-north-grizli-v7.2	60366	5.00000000e-01	1.59707464e+09	6.61673563e+00	4.14303468e-09	2.07029173e-01	1
3	3.24258343e+00	4.08216943e+00	3.97063565e+00	primer-uds-north-grizli-v7.2	60366	2.00000000e+00	7.13108213e+08	2.93481276e+00	4.11552230e-09	2.28082126e-01	1
3	3.24258343e+00	4.08216943e+00	3.97063565e+00	primer-uds-north-grizli-v7.2	60366	3.50000000e+00	1.67771332e+08	8.05670342e-01	4.80219316e-09	2.11293225e-01	1
3	3.24258343e+00	4.08216943e+00	3.97063565e+00	primer-uds-north-grizli-v7.2	60366	5.00000000e+00	4.62414822e+07	2.89185497e-01	6.25381115e-09	1.95706999e-01	1
3	3.24258343e+00	4.08216943e+00	3.97063565e+00	primer-uds-north-grizli-v7.2	60366	6.50000000e+00	2.14616524e+07	1.24523690e-01	5.80214828e-09	1.81661136e-01	1
3	3.24258343e+00	4.08216943e+00	3.97063565e+00	primer-uds-north-grizli-v7.2	60366	8.00000000e+00	nan	nan	nan	nan	1
3	3.24258343e+00	4.08216943e+00	3.97063565e+00	primer-uds-north-grizli-v7.2	60366	9.50000000e+00	nan	nan	nan	nan	1
3	3.24258343e+00	4.08216943e+00	3.97063565e+00	primer-uds-north-grizli-v7.2	60366	1.10000000e+01	nan	nan	nan	nan	1
3	3.24258343e+00	4.08216943e+00	3.97063565e+00	primer-uds-north-grizli-v7.2	60366	1.25000000e+01	nan	nan	nan	nan	0
3	3.24258343e+00	4.08216943e+00	3.97063565e+00	primer-uds-north-grizli-v7.2	60366	1.40000000e+01	nan	nan	nan	nan	0
3	3.24258343e+00	4.08216943e+00	3.97063565e+00	primer-uds-north-grizli-v7.2	60366	1.55000000e+01	nan	nan	nan	nan	0
3	3.24258343e+00	4.08216943e+00	3.97063565e+00	primer-uds-north-grizli-v7.2	60366	1.70000000e+01	nan	nan	nan	nan	0
3	3.24258343e+00	4.08216943e+00	3.97063565e+00	primer-uds-north-grizli-v7.2	60366	1.85000000e+01	nan	nan	nan	nan	0
3	3.24258343e+00	4.08216943e+00	3.97063565e+00	primer-uds-north-grizli-v7.2	60366	2.00000000e+01	nan	nan	nan	nan	0
3	3.24258343e+00	4.08216943e+00	3.97063565e+00	primer-uds-north-grizli-v7.2	60366	2.15000000e+01	nan	nan	nan	nan	0
3	3.24258343e+00	4.08216943e+00	3.97063565e+00	primer-uds-north-grizli-v7.2	60366	2.30000000e+01	nan	nan	nan	nan	0
3	3.24258343e+00	4.08216943e+00	3.97063565e+00	primer-uds-north-grizli-v7.2	60366	2.45000000e+01	nan	nan	nan	nan	0
3	3.24258343e+00	4.08216943e+00	3.97063565e+00	primer-uds-north-grizli-v7.2	60366	2.60000000e+01	nan	nan	nan	nan	0
3	3.24258343e+00	4.08216943e+00	3.97063565e+00	primer-uds-north-grizli-v7.2	60366	2.75000000e+01	nan	nan	nan	nan	0
3	3.24258343e+00	4.08216943e+00	3.97063565e+00	primer-uds-north-grizli-v7.2	60366	2.90000000e+01	nan	nan	nan	nan	0
3	3.24258343e+00	4.08216943e+00	3.97063565e+00	primer-uds-north-grizli-v7.2	60366	3.05000000e+01	nan	nan	nan	nan	0
3	3.24258343e+00	4.08216943e+00	3.39483881e+00	primer-uds-north-grizli-v7.2	79897	5.00000000e-01	1.90844472e+10	1.40040764e+01	7.33795232e-10	9.10128260e-01	1
3	3.24258343e+00	4.08216943e+00	3.39483881e+00	primer-uds-north-grizli-v7.2	79897	2.00000000e+00	2.63820460e+09	4.09316538e+00	1.55149657e-09	5.53104082e-01	1
3	3.24258343e+00	4.08216943e+00	3.39483881e+00	primer-uds-north-grizli-v7.2	79897	3.50000000e+00	3.33867476e+08	1.88629581e+00	5.64983399e-09	3.56994596e-01	1
3	3.24258343e+00	4.08216943e+00	3.39483881e+00	primer-uds-north-grizli-v7.2	79897	5.00000000e+00	1.64003831e+08	1.06068831e+00	6.46746059e-09	3.15163265e-01	1
3	3.24258343e+00	4.08216943e+00	3.39483881e+00	primer-uds-north-grizli-v7.2	79897	6.50000000e+00	1.06282937e+08	7.23760753e-01	6.80975489e-09	2.92736640e-01	1
3	3.24258343e+00	4.08216943e+00	3.39483881e+00	primer-uds-north-grizli-v7.2	79897	8.00000000e+00	nan	nan	nan	nan	1
3	3.24258343e+00	4.08216943e+00	3.39483881e+00	primer-uds-north-grizli-v7.2	79897	9.50000000e+00	nan	nan	nan	nan	1
3	3.24258343e+00	4.08216943e+00	3.39483881e+00	primer-uds-north-grizli-v7.2	79897	1.10000000e+01	nan	nan	nan	nan	1
3	3.24258343e+00	4.08216943e+00	3.39483881e+00	primer-uds-north-grizli-v7.2	79897	1.25000000e+01	nan	nan	nan	nan	0
3	3.24258343e+00	4.08216943e+00	3.39483881e+00	primer-uds-north-grizli-v7.2	79897	1.40000000e+01	nan	nan	nan	nan	0
3	3.24258343e+00	4.08216943e+00	3.39483881e+00	primer-uds-north-grizli-v7.2	79897	1.55000000e+01	nan	nan	nan	nan	0
3	3.24258343e+00	4.08216943e+00	3.39483881e+00	primer-uds-north-grizli-v7.2	79897	1.70000000e+01	nan	nan	nan	nan	0
3	3.24258343e+00	4.08216943e+00	3.39483881e+00	primer-uds-north-grizli-v7.2	79897	1.85000000e+01	nan	nan	nan	nan	0
3	3.24258343e+00	4.08216943e+00	3.39483881e+00	primer-uds-north-grizli-v7.2	79897	2.00000000e+01	nan	nan	nan	nan	0
3	3.24258343e+00	4.08216943e+00	3.39483881e+00	primer-uds-north-grizli-v7.2	79897	2.15000000e+01	nan	nan	nan	nan	0
3	3.24258343e+00	4.08216943e+00	3.39483881e+00	primer-uds-north-grizli-v7.2	79897	2.30000000e+01	nan	nan	nan	nan	0
3	3.24258343e+00	4.08216943e+00	3.39483881e+00	primer-uds-north-grizli-v7.2	79897	2.45000000e+01	nan	nan	nan	nan	0
3	3.24258343e+00	4.08216943e+00	3.39483881e+00	primer-uds-north-grizli-v7.2	79897	2.60000000e+01	nan	nan	nan	nan	0
3	3.24258343e+00	4.08216943e+00	3.39483881e+00	primer-uds-north-grizli-v7.2	79897	2.75000000e+01	nan	nan	nan	nan	0
3	3.24258343e+00	4.08216943e+00	3.39483881e+00	primer-uds-north-grizli-v7.2	79897	2.90000000e+01	nan	nan	nan	nan	0
3	3.24258343e+00	4.08216943e+00	3.39483881e+00	primer-uds-north-grizli-v7.2	79897	3.05000000e+01	nan	nan	nan	nan	0
3	3.24258343e+00	4.08216943e+00	3.54643059e+00	primer-uds-north-grizli-v7.2	80263	5.00000000e-01	2.28909691e+10	5.75431707e+02	2.51379356e-08	5.19041877e-01	1
3	3.24258343e+00	4.08216943e+00	3.54643059e+00	primer-uds-north-grizli-v7.2	80263	2.00000000e+00	1.20902663e+09	2.43225419e+00	2.01174576e-09	5.46645533e-01	1
3	3.24258343e+00	4.08216943e+00	3.54643059e+00	primer-uds-north-grizli-v7.2	80263	3.50000000e+00	1.88186905e+08	1.09142609e+00	5.79969203e-09	3.14456031e-01	1
3	3.24258343e+00	4.08216943e+00	3.54643059e+00	primer-uds-north-grizli-v7.2	80263	5.00000000e+00	nan	nan	nan	nan	1
3	3.24258343e+00	4.08216943e+00	3.54643059e+00	primer-uds-north-grizli-v7.2	80263	6.50000000e+00	nan	nan	nan	nan	1
3	3.24258343e+00	4.08216943e+00	3.54643059e+00	primer-uds-north-grizli-v7.2	80263	8.00000000e+00	nan	nan	nan	nan	1
3	3.24258343e+00	4.08216943e+00	3.54643059e+00	primer-uds-north-grizli-v7.2	80263	9.50000000e+00	nan	nan	nan	nan	1
3	3.24258343e+00	4.08216943e+00	3.54643059e+00	primer-uds-north-grizli-v7.2	80263	1.10000000e+01	nan	nan	nan	nan	1
3	3.24258343e+00	4.08216943e+00	3.54643059e+00	primer-uds-north-grizli-v7.2	80263	1.25000000e+01	nan	nan	nan	nan	0
3	3.24258343e+00	4.08216943e+00	3.54643059e+00	primer-uds-north-grizli-v7.2	80263	1.40000000e+01	nan	nan	nan	nan	0
3	3.24258343e+00	4.08216943e+00	3.54643059e+00	primer-uds-north-grizli-v7.2	80263	1.55000000e+01	nan	nan	nan	nan	0
3	3.24258343e+00	4.08216943e+00	3.54643059e+00	primer-uds-north-grizli-v7.2	80263	1.70000000e+01	nan	nan	nan	nan	0
3	3.24258343e+00	4.08216943e+00	3.54643059e+00	primer-uds-north-grizli-v7.2	80263	1.85000000e+01	nan	nan	nan	nan	0
3	3.24258343e+00	4.08216943e+00	3.54643059e+00	primer-uds-north-grizli-v7.2	80263	2.00000000e+01	nan	nan	nan	nan	0
3	3.24258343e+00	4.08216943e+00	3.54643059e+00	primer-uds-north-grizli-v7.2	80263	2.15000000e+01	nan	nan	nan	nan	0
3	3.24258343e+00	4.08216943e+00	3.54643059e+00	primer-uds-north-grizli-v7.2	80263	2.30000000e+01	nan	nan	nan	nan	0
3	3.24258343e+00	4.08216943e+00	3.54643059e+00	primer-uds-north-grizli-v7.2	80263	2.45000000e+01	nan	nan	nan	nan	0
3	3.24258343e+00	4.08216943e+00	3.54643059e+00	primer-uds-north-grizli-v7.2	80263	2.60000000e+01	nan	nan	nan	nan	0
3	3.24258343e+00	4.08216943e+00	3.54643059e+00	primer-uds-north-grizli-v7.2	80263	2.75000000e+01	nan	nan	nan	nan	0
3	3.24258343e+00	4.08216943e+00	3.54643059e+00	primer-uds-north-grizli-v7.2	80263	2.90000000e+01	nan	nan	nan	nan	0
3	3.24258343e+00	4.08216943e+00	3.54643059e+00	primer-uds-north-grizli-v7.2	80263	3.05000000e+01	nan	nan	nan	nan	0
3	3.24258343e+00	4.08216943e+00	3.46004915e+00	primer-uds-north-grizli-v7.2	86616	5.00000000e-01	2.71955291e+10	1.23791318e-01	4.55189959e-12	1.37103403e+00	1
3	3.24258343e+00	4.08216943e+00	3.46004915e+00	primer-uds-north-grizli-v7.2	86616	2.00000000e+00	5.35935712e+09	2.35255814e+00	4.38962750e-10	8.12489741e-01	1
3	3.24258343e+00	4.08216943e+00	3.46004915e+00	primer-uds-north-grizli-v7.2	86616	3.50000000e+00	4.42254897e+08	2.58300102e+00	5.84052553e-09	4.08371860e-01	1
3	3.24258343e+00	4.08216943e+00	3.46004915e+00	primer-uds-north-grizli-v7.2	86616	5.00000000e+00	nan	nan	nan	nan	1
3	3.24258343e+00	4.08216943e+00	3.46004915e+00	primer-uds-north-grizli-v7.2	86616	6.50000000e+00	nan	nan	nan	nan	1
3	3.24258343e+00	4.08216943e+00	3.46004915e+00	primer-uds-north-grizli-v7.2	86616	8.00000000e+00	nan	nan	nan	nan	1
3	3.24258343e+00	4.08216943e+00	3.46004915e+00	primer-uds-north-grizli-v7.2	86616	9.50000000e+00	nan	nan	nan	nan	1
3	3.24258343e+00	4.08216943e+00	3.46004915e+00	primer-uds-north-grizli-v7.2	86616	1.10000000e+01	nan	nan	nan	nan	1
3	3.24258343e+00	4.08216943e+00	3.46004915e+00	primer-uds-north-grizli-v7.2	86616	1.25000000e+01	nan	nan	nan	nan	0
3	3.24258343e+00	4.08216943e+00	3.46004915e+00	primer-uds-north-grizli-v7.2	86616	1.40000000e+01	nan	nan	nan	nan	0
3	3.24258343e+00	4.08216943e+00	3.46004915e+00	primer-uds-north-grizli-v7.2	86616	1.55000000e+01	nan	nan	nan	nan	0
3	3.24258343e+00	4.08216943e+00	3.46004915e+00	primer-uds-north-grizli-v7.2	86616	1.70000000e+01	nan	nan	nan	nan	0
3	3.24258343e+00	4.08216943e+00	3.46004915e+00	primer-uds-north-grizli-v7.2	86616	1.85000000e+01	nan	nan	nan	nan	0
3	3.24258343e+00	4.08216943e+00	3.46004915e+00	primer-uds-north-grizli-v7.2	86616	2.00000000e+01	nan	nan	nan	nan	0
3	3.24258343e+00	4.08216943e+00	3.46004915e+00	primer-uds-north-grizli-v7.2	86616	2.15000000e+01	nan	nan	nan	nan	0
3	3.24258343e+00	4.08216943e+00	3.46004915e+00	primer-uds-north-grizli-v7.2	86616	2.30000000e+01	nan	nan	nan	nan	0
3	3.24258343e+00	4.08216943e+00	3.46004915e+00	primer-uds-north-grizli-v7.2	86616	2.45000000e+01	nan	nan	nan	nan	0
3	3.24258343e+00	4.08216943e+00	3.46004915e+00	primer-uds-north-grizli-v7.2	86616	2.60000000e+01	nan	nan	nan	nan	0
3	3.24258343e+00	4.08216943e+00	3.46004915e+00	primer-uds-north-grizli-v7.2	86616	2.75000000e+01	nan	nan	nan	nan	0
3	3.24258343e+00	4.08216943e+00	3.46004915e+00	primer-uds-north-grizli-v7.2	86616	2.90000000e+01	nan	nan	nan	nan	0
3	3.24258343e+00	4.08216943e+00	3.46004915e+00	primer-uds-north-grizli-v7.2	86616	3.05000000e+01	nan	nan	nan	nan	0
3	3.24258343e+00	4.08216943e+00	3.50318217e+00	primer-uds-south-grizli-v7.2	1627	5.00000000e-01	3.56242933e+09	2.67979208e+00	7.52237263e-10	5.27504704e-01	1
3	3.24258343e+00	4.08216943e+00	3.50318217e+00	primer-uds-south-grizli-v7.2	1627	2.00000000e+00	1.88573966e+09	4.32665305e+00	2.29440635e-09	3.86921723e-01	1
3	3.24258343e+00	4.08216943e+00	3.50318217e+00	primer-uds-south-grizli-v7.2	1627	3.50000000e+00	7.61944392e+08	2.78700555e+00	3.65775452e-09	2.90155142e-01	1
3	3.24258343e+00	4.08216943e+00	3.50318217e+00	primer-uds-south-grizli-v7.2	1627	5.00000000e+00	3.53722325e+08	2.07037333e+00	5.85310336e-09	2.50269516e-01	1
3	3.24258343e+00	4.08216943e+00	3.50318217e+00	primer-uds-south-grizli-v7.2	1627	6.50000000e+00	2.92061231e+08	1.41165537e+00	4.83342267e-09	2.46274703e-01	1
3	3.24258343e+00	4.08216943e+00	3.50318217e+00	primer-uds-south-grizli-v7.2	1627	8.00000000e+00	nan	nan	nan	nan	1
3	3.24258343e+00	4.08216943e+00	3.50318217e+00	primer-uds-south-grizli-v7.2	1627	9.50000000e+00	nan	nan	nan	nan	1
3	3.24258343e+00	4.08216943e+00	3.50318217e+00	primer-uds-south-grizli-v7.2	1627	1.10000000e+01	nan	nan	nan	nan	1
3	3.24258343e+00	4.08216943e+00	3.50318217e+00	primer-uds-south-grizli-v7.2	1627	1.25000000e+01	nan	nan	nan	nan	0
3	3.24258343e+00	4.08216943e+00	3.50318217e+00	primer-uds-south-grizli-v7.2	1627	1.40000000e+01	nan	nan	nan	nan	0
3	3.24258343e+00	4.08216943e+00	3.50318217e+00	primer-uds-south-grizli-v7.2	1627	1.55000000e+01	nan	nan	nan	nan	0
3	3.24258343e+00	4.08216943e+00	3.50318217e+00	primer-uds-south-grizli-v7.2	1627	1.70000000e+01	nan	nan	nan	nan	0
3	3.24258343e+00	4.08216943e+00	3.50318217e+00	primer-uds-south-grizli-v7.2	1627	1.85000000e+01	nan	nan	nan	nan	0
3	3.24258343e+00	4.08216943e+00	3.50318217e+00	primer-uds-south-grizli-v7.2	1627	2.00000000e+01	nan	nan	nan	nan	0
3	3.24258343e+00	4.08216943e+00	3.50318217e+00	primer-uds-south-grizli-v7.2	1627	2.15000000e+01	nan	nan	nan	nan	0
3	3.24258343e+00	4.08216943e+00	3.50318217e+00	primer-uds-south-grizli-v7.2	1627	2.30000000e+01	nan	nan	nan	nan	0
3	3.24258343e+00	4.08216943e+00	3.50318217e+00	primer-uds-south-grizli-v7.2	1627	2.45000000e+01	nan	nan	nan	nan	0
3	3.24258343e+00	4.08216943e+00	3.50318217e+00	primer-uds-south-grizli-v7.2	1627	2.60000000e+01	nan	nan	nan	nan	0
3	3.24258343e+00	4.08216943e+00	3.50318217e+00	primer-uds-south-grizli-v7.2	1627	2.75000000e+01	nan	nan	nan	nan	0
3	3.24258343e+00	4.08216943e+00	3.50318217e+00	primer-uds-south-grizli-v7.2	1627	2.90000000e+01	nan	nan	nan	nan	0
3	3.24258343e+00	4.08216943e+00	3.50318217e+00	primer-uds-south-grizli-v7.2	1627	3.05000000e+01	nan	nan	nan	nan	0
3	3.24258343e+00	4.08216943e+00	3.46851921e+00	primer-uds-south-grizli-v7.2	2703	5.00000000e-01	1.87759934e+09	2.57461407e+00	1.37122655e-09	1.55979455e-01	1
3	3.24258343e+00	4.08216943e+00	3.46851921e+00	primer-uds-south-grizli-v7.2	2703	2.00000000e+00	5.55658113e+08	3.71300922e+00	6.68218304e-09	1.55979455e-01	1
3	3.24258343e+00	4.08216943e+00	3.46851921e+00	primer-uds-south-grizli-v7.2	2703	3.50000000e+00	1.85895171e+08	2.85117210e+00	1.53375264e-08	1.55979455e-01	1
3	3.24258343e+00	4.08216943e+00	3.46851921e+00	primer-uds-south-grizli-v7.2	2703	5.00000000e+00	nan	nan	nan	nan	1
3	3.24258343e+00	4.08216943e+00	3.46851921e+00	primer-uds-south-grizli-v7.2	2703	6.50000000e+00	nan	nan	nan	nan	1
3	3.24258343e+00	4.08216943e+00	3.46851921e+00	primer-uds-south-grizli-v7.2	2703	8.00000000e+00	nan	nan	nan	nan	1
3	3.24258343e+00	4.08216943e+00	3.46851921e+00	primer-uds-south-grizli-v7.2	2703	9.50000000e+00	nan	nan	nan	nan	1
3	3.24258343e+00	4.08216943e+00	3.46851921e+00	primer-uds-south-grizli-v7.2	2703	1.10000000e+01	nan	nan	nan	nan	1
3	3.24258343e+00	4.08216943e+00	3.46851921e+00	primer-uds-south-grizli-v7.2	2703	1.25000000e+01	nan	nan	nan	nan	0
3	3.24258343e+00	4.08216943e+00	3.46851921e+00	primer-uds-south-grizli-v7.2	2703	1.40000000e+01	nan	nan	nan	nan	0
3	3.24258343e+00	4.08216943e+00	3.46851921e+00	primer-uds-south-grizli-v7.2	2703	1.55000000e+01	nan	nan	nan	nan	0
3	3.24258343e+00	4.08216943e+00	3.46851921e+00	primer-uds-south-grizli-v7.2	2703	1.70000000e+01	nan	nan	nan	nan	0
3	3.24258343e+00	4.08216943e+00	3.46851921e+00	primer-uds-south-grizli-v7.2	2703	1.85000000e+01	nan	nan	nan	nan	0
3	3.24258343e+00	4.08216943e+00	3.46851921e+00	primer-uds-south-grizli-v7.2	2703	2.00000000e+01	nan	nan	nan	nan	0
3	3.24258343e+00	4.08216943e+00	3.46851921e+00	primer-uds-south-grizli-v7.2	2703	2.15000000e+01	nan	nan	nan	nan	0
3	3.24258343e+00	4.08216943e+00	3.46851921e+00	primer-uds-south-grizli-v7.2	2703	2.30000000e+01	nan	nan	nan	nan	0
3	3.24258343e+00	4.08216943e+00	3.46851921e+00	primer-uds-south-grizli-v7.2	2703	2.45000000e+01	nan	nan	nan	nan	0
3	3.24258343e+00	4.08216943e+00	3.46851921e+00	primer-uds-south-grizli-v7.2	2703	2.60000000e+01	nan	nan	nan	nan	0
3	3.24258343e+00	4.08216943e+00	3.46851921e+00	primer-uds-south-grizli-v7.2	2703	2.75000000e+01	nan	nan	nan	nan	0
3	3.24258343e+00	4.08216943e+00	3.46851921e+00	primer-uds-south-grizli-v7.2	2703	2.90000000e+01	nan	nan	nan	nan	0
3	3.24258343e+00	4.08216943e+00	3.46851921e+00	primer-uds-south-grizli-v7.2	2703	3.05000000e+01	nan	nan	nan	nan	0
3	3.24258343e+00	4.08216943e+00	3.38805652e+00	primer-uds-south-grizli-v7.2	8765	5.00000000e-01	3.52885193e+09	9.25137057e+00	2.62163751e-09	3.03737100e-01	1
3	3.24258343e+00	4.08216943e+00	3.38805652e+00	primer-uds-south-grizli-v7.2	8765	2.00000000e+00	9.43791584e+08	2.54129636e+00	2.69264571e-09	3.26316575e-01	1
3	3.24258343e+00	4.08216943e+00	3.38805652e+00	primer-uds-south-grizli-v7.2	8765	3.50000000e+00	1.78492663e+08	7.43865048e-01	4.16748249e-09	2.88687145e-01	1
3	3.24258343e+00	4.08216943e+00	3.38805652e+00	primer-uds-south-grizli-v7.2	8765	5.00000000e+00	1.36395535e+08	9.25418132e-01	6.78481253e-09	2.79513091e-01	1
3	3.24258343e+00	4.08216943e+00	3.38805652e+00	primer-uds-south-grizli-v7.2	8765	6.50000000e+00	nan	nan	nan	nan	1
3	3.24258343e+00	4.08216943e+00	3.38805652e+00	primer-uds-south-grizli-v7.2	8765	8.00000000e+00	nan	nan	nan	nan	1
3	3.24258343e+00	4.08216943e+00	3.38805652e+00	primer-uds-south-grizli-v7.2	8765	9.50000000e+00	nan	nan	nan	nan	1
3	3.24258343e+00	4.08216943e+00	3.38805652e+00	primer-uds-south-grizli-v7.2	8765	1.10000000e+01	nan	nan	nan	nan	1
3	3.24258343e+00	4.08216943e+00	3.38805652e+00	primer-uds-south-grizli-v7.2	8765	1.25000000e+01	nan	nan	nan	nan	0
3	3.24258343e+00	4.08216943e+00	3.38805652e+00	primer-uds-south-grizli-v7.2	8765	1.40000000e+01	nan	nan	nan	nan	0
3	3.24258343e+00	4.08216943e+00	3.38805652e+00	primer-uds-south-grizli-v7.2	8765	1.55000000e+01	nan	nan	nan	nan	0
3	3.24258343e+00	4.08216943e+00	3.38805652e+00	primer-uds-south-grizli-v7.2	8765	1.70000000e+01	nan	nan	nan	nan	0
3	3.24258343e+00	4.08216943e+00	3.38805652e+00	primer-uds-south-grizli-v7.2	8765	1.85000000e+01	nan	nan	nan	nan	0
3	3.24258343e+00	4.08216943e+00	3.38805652e+00	primer-uds-south-grizli-v7.2	8765	2.00000000e+01	nan	nan	nan	nan	0
3	3.24258343e+00	4.08216943e+00	3.38805652e+00	primer-uds-south-grizli-v7.2	8765	2.15000000e+01	nan	nan	nan	nan	0
3	3.24258343e+00	4.08216943e+00	3.38805652e+00	primer-uds-south-grizli-v7.2	8765	2.30000000e+01	nan	nan	nan	nan	0
3	3.24258343e+00	4.08216943e+00	3.38805652e+00	primer-uds-south-grizli-v7.2	8765	2.45000000e+01	nan	nan	nan	nan	0
3	3.24258343e+00	4.08216943e+00	3.38805652e+00	primer-uds-south-grizli-v7.2	8765	2.60000000e+01	nan	nan	nan	nan	0
3	3.24258343e+00	4.08216943e+00	3.38805652e+00	primer-uds-south-grizli-v7.2	8765	2.75000000e+01	nan	nan	nan	nan	0
3	3.24258343e+00	4.08216943e+00	3.38805652e+00	primer-uds-south-grizli-v7.2	8765	2.90000000e+01	nan	nan	nan	nan	0
3	3.24258343e+00	4.08216943e+00	3.38805652e+00	primer-uds-south-grizli-v7.2	8765	3.05000000e+01	nan	nan	nan	nan	0
3	3.24258343e+00	4.08216943e+00	3.98095989e+00	primer-uds-south-grizli-v7.2	8895	5.00000000e-01	2.56621334e+09	1.06280084e+01	4.14151397e-09	1.93962526e-01	1
3	3.24258343e+00	4.08216943e+00	3.98095989e+00	primer-uds-south-grizli-v7.2	8895	2.00000000e+00	9.81105226e+08	4.04270317e+00	4.12056023e-09	1.97074680e-01	1
3	3.24258343e+00	4.08216943e+00	3.98095989e+00	primer-uds-south-grizli-v7.2	8895	3.50000000e+00	4.30217043e+08	2.07482944e+00	4.82275045e-09	1.95678952e-01	1
3	3.24258343e+00	4.08216943e+00	3.98095989e+00	primer-uds-south-grizli-v7.2	8895	5.00000000e+00	1.97486890e+08	1.09908955e+00	5.56537982e-09	1.86610350e-01	1
3	3.24258343e+00	4.08216943e+00	3.98095989e+00	primer-uds-south-grizli-v7.2	8895	6.50000000e+00	nan	nan	nan	nan	1
3	3.24258343e+00	4.08216943e+00	3.98095989e+00	primer-uds-south-grizli-v7.2	8895	8.00000000e+00	nan	nan	nan	nan	1
3	3.24258343e+00	4.08216943e+00	3.98095989e+00	primer-uds-south-grizli-v7.2	8895	9.50000000e+00	nan	nan	nan	nan	1
3	3.24258343e+00	4.08216943e+00	3.98095989e+00	primer-uds-south-grizli-v7.2	8895	1.10000000e+01	nan	nan	nan	nan	1
3	3.24258343e+00	4.08216943e+00	3.98095989e+00	primer-uds-south-grizli-v7.2	8895	1.25000000e+01	nan	nan	nan	nan	0
3	3.24258343e+00	4.08216943e+00	3.98095989e+00	primer-uds-south-grizli-v7.2	8895	1.40000000e+01	nan	nan	nan	nan	0
3	3.24258343e+00	4.08216943e+00	3.98095989e+00	primer-uds-south-grizli-v7.2	8895	1.55000000e+01	nan	nan	nan	nan	0
3	3.24258343e+00	4.08216943e+00	3.98095989e+00	primer-uds-south-grizli-v7.2	8895	1.70000000e+01	nan	nan	nan	nan	0
3	3.24258343e+00	4.08216943e+00	3.98095989e+00	primer-uds-south-grizli-v7.2	8895	1.85000000e+01	nan	nan	nan	nan	0
3	3.24258343e+00	4.08216943e+00	3.98095989e+00	primer-uds-south-grizli-v7.2	8895	2.00000000e+01	nan	nan	nan	nan	0
3	3.24258343e+00	4.08216943e+00	3.98095989e+00	primer-uds-south-grizli-v7.2	8895	2.15000000e+01	nan	nan	nan	nan	0
3	3.24258343e+00	4.08216943e+00	3.98095989e+00	primer-uds-south-grizli-v7.2	8895	2.30000000e+01	nan	nan	nan	nan	0
3	3.24258343e+00	4.08216943e+00	3.98095989e+00	primer-uds-south-grizli-v7.2	8895	2.45000000e+01	nan	nan	nan	nan	0
3	3.24258343e+00	4.08216943e+00	3.98095989e+00	primer-uds-south-grizli-v7.2	8895	2.60000000e+01	nan	nan	nan	nan	0
3	3.24258343e+00	4.08216943e+00	3.98095989e+00	primer-uds-south-grizli-v7.2	8895	2.75000000e+01	nan	nan	nan	nan	0
3	3.24258343e+00	4.08216943e+00	3.98095989e+00	primer-uds-south-grizli-v7.2	8895	2.90000000e+01	nan	nan	nan	nan	0
3	3.24258343e+00	4.08216943e+00	3.98095989e+00	primer-uds-south-grizli-v7.2	8895	3.05000000e+01	nan	nan	nan	nan	0
3	3.24258343e+00	4.08216943e+00	3.99298716e+00	primer-uds-south-grizli-v7.2	12594	5.00000000e-01	1.56694934e+10	3.84901959e+00	2.45637781e-10	1.04515331e+00	1
3	3.24258343e+00	4.08216943e+00	3.99298716e+00	primer-uds-south-grizli-v7.2	12594	2.00000000e+00	1.15287914e+09	1.96870459e+00	1.70764178e-09	5.25757792e-01	1
3	3.24258343e+00	4.08216943e+00	3.99298716e+00	primer-uds-south-grizli-v7.2	12594	3.50000000e+00	nan	nan	nan	nan	1
3	3.24258343e+00	4.08216943e+00	3.99298716e+00	primer-uds-south-grizli-v7.2	12594	5.00000000e+00	nan	nan	nan	nan	1
3	3.24258343e+00	4.08216943e+00	3.99298716e+00	primer-uds-south-grizli-v7.2	12594	6.50000000e+00	nan	nan	nan	nan	1
3	3.24258343e+00	4.08216943e+00	3.99298716e+00	primer-uds-south-grizli-v7.2	12594	8.00000000e+00	nan	nan	nan	nan	1
3	3.24258343e+00	4.08216943e+00	3.99298716e+00	primer-uds-south-grizli-v7.2	12594	9.50000000e+00	nan	nan	nan	nan	1
3	3.24258343e+00	4.08216943e+00	3.99298716e+00	primer-uds-south-grizli-v7.2	12594	1.10000000e+01	nan	nan	nan	nan	1
3	3.24258343e+00	4.08216943e+00	3.99298716e+00	primer-uds-south-grizli-v7.2	12594	1.25000000e+01	nan	nan	nan	nan	0
3	3.24258343e+00	4.08216943e+00	3.99298716e+00	primer-uds-south-grizli-v7.2	12594	1.40000000e+01	nan	nan	nan	nan	0
3	3.24258343e+00	4.08216943e+00	3.99298716e+00	primer-uds-south-grizli-v7.2	12594	1.55000000e+01	nan	nan	nan	nan	0
3	3.24258343e+00	4.08216943e+00	3.99298716e+00	primer-uds-south-grizli-v7.2	12594	1.70000000e+01	nan	nan	nan	nan	0
3	3.24258343e+00	4.08216943e+00	3.99298716e+00	primer-uds-south-grizli-v7.2	12594	1.85000000e+01	nan	nan	nan	nan	0
3	3.24258343e+00	4.08216943e+00	3.99298716e+00	primer-uds-south-grizli-v7.2	12594	2.00000000e+01	nan	nan	nan	nan	0
3	3.24258343e+00	4.08216943e+00	3.99298716e+00	primer-uds-south-grizli-v7.2	12594	2.15000000e+01	nan	nan	nan	nan	0
3	3.24258343e+00	4.08216943e+00	3.99298716e+00	primer-uds-south-grizli-v7.2	12594	2.30000000e+01	nan	nan	nan	nan	0
3	3.24258343e+00	4.08216943e+00	3.99298716e+00	primer-uds-south-grizli-v7.2	12594	2.45000000e+01	nan	nan	nan	nan	0
3	3.24258343e+00	4.08216943e+00	3.99298716e+00	primer-uds-south-grizli-v7.2	12594	2.60000000e+01	nan	nan	nan	nan	0
3	3.24258343e+00	4.08216943e+00	3.99298716e+00	primer-uds-south-grizli-v7.2	12594	2.75000000e+01	nan	nan	nan	nan	0
3	3.24258343e+00	4.08216943e+00	3.99298716e+00	primer-uds-south-grizli-v7.2	12594	2.90000000e+01	nan	nan	nan	nan	0
3	3.24258343e+00	4.08216943e+00	3.99298716e+00	primer-uds-south-grizli-v7.2	12594	3.05000000e+01	nan	nan	nan	nan	0
3	3.24258343e+00	4.08216943e+00	3.46864343e+00	primer-uds-south-grizli-v7.2	15852	5.00000000e-01	1.04320636e+09	8.01088705e-01	7.67910107e-10	5.41939207e-01	1
3	3.24258343e+00	4.08216943e+00	3.46864343e+00	primer-uds-south-grizli-v7.2	15852	2.00000000e+00	6.58430870e+08	1.01880980e+00	1.54732994e-09	5.34525606e-01	1
3	3.24258343e+00	4.08216943e+00	3.46864343e+00	primer-uds-south-grizli-v7.2	15852	3.50000000e+00	3.52132266e+08	5.59283156e-01	1.58827580e-09	4.54300083e-01	1
3	3.24258343e+00	4.08216943e+00	3.46864343e+00	primer-uds-south-grizli-v7.2	15852	5.00000000e+00	2.58410347e+08	4.34235462e-01	1.68041051e-09	4.53123263e-01	1
3	3.24258343e+00	4.08216943e+00	3.46864343e+00	primer-uds-south-grizli-v7.2	15852	6.50000000e+00	1.89703512e+08	3.04559164e-01	1.60544821e-09	4.06112624e-01	1
3	3.24258343e+00	4.08216943e+00	3.46864343e+00	primer-uds-south-grizli-v7.2	15852	8.00000000e+00	nan	nan	nan	nan	1
3	3.24258343e+00	4.08216943e+00	3.46864343e+00	primer-uds-south-grizli-v7.2	15852	9.50000000e+00	nan	nan	nan	nan	1
3	3.24258343e+00	4.08216943e+00	3.46864343e+00	primer-uds-south-grizli-v7.2	15852	1.10000000e+01	nan	nan	nan	nan	1
3	3.24258343e+00	4.08216943e+00	3.46864343e+00	primer-uds-south-grizli-v7.2	15852	1.25000000e+01	nan	nan	nan	nan	0
3	3.24258343e+00	4.08216943e+00	3.46864343e+00	primer-uds-south-grizli-v7.2	15852	1.40000000e+01	nan	nan	nan	nan	0
3	3.24258343e+00	4.08216943e+00	3.46864343e+00	primer-uds-south-grizli-v7.2	15852	1.55000000e+01	nan	nan	nan	nan	0
3	3.24258343e+00	4.08216943e+00	3.46864343e+00	primer-uds-south-grizli-v7.2	15852	1.70000000e+01	nan	nan	nan	nan	0
3	3.24258343e+00	4.08216943e+00	3.46864343e+00	primer-uds-south-grizli-v7.2	15852	1.85000000e+01	nan	nan	nan	nan	0
3	3.24258343e+00	4.08216943e+00	3.46864343e+00	primer-uds-south-grizli-v7.2	15852	2.00000000e+01	nan	nan	nan	nan	0
3	3.24258343e+00	4.08216943e+00	3.46864343e+00	primer-uds-south-grizli-v7.2	15852	2.15000000e+01	nan	nan	nan	nan	0
3	3.24258343e+00	4.08216943e+00	3.46864343e+00	primer-uds-south-grizli-v7.2	15852	2.30000000e+01	nan	nan	nan	nan	0
3	3.24258343e+00	4.08216943e+00	3.46864343e+00	primer-uds-south-grizli-v7.2	15852	2.45000000e+01	nan	nan	nan	nan	0
3	3.24258343e+00	4.08216943e+00	3.46864343e+00	primer-uds-south-grizli-v7.2	15852	2.60000000e+01	nan	nan	nan	nan	0
3	3.24258343e+00	4.08216943e+00	3.46864343e+00	primer-uds-south-grizli-v7.2	15852	2.75000000e+01	nan	nan	nan	nan	0
3	3.24258343e+00	4.08216943e+00	3.46864343e+00	primer-uds-south-grizli-v7.2	15852	2.90000000e+01	nan	nan	nan	nan	0
3	3.24258343e+00	4.08216943e+00	3.46864343e+00	primer-uds-south-grizli-v7.2	15852	3.05000000e+01	nan	nan	nan	nan	0
3	3.24258343e+00	4.08216943e+00	3.90948772e+00	primer-uds-south-grizli-v7.2	15853	5.00000000e-01	9.22487072e+09	4.29763626e+00	4.65874958e-10	8.54292660e-01	1
3	3.24258343e+00	4.08216943e+00	3.90948772e+00	primer-uds-south-grizli-v7.2	15853	2.00000000e+00	1.23411294e+09	2.89872911e+00	2.34883617e-09	3.90910029e-01	1
3	3.24258343e+00	4.08216943e+00	3.90948772e+00	primer-uds-south-grizli-v7.2	15853	3.50000000e+00	3.06343941e+08	9.47263302e-01	3.09215616e-09	2.99386656e-01	1
3	3.24258343e+00	4.08216943e+00	3.90948772e+00	primer-uds-south-grizli-v7.2	15853	5.00000000e+00	2.06945195e+08	8.00738567e-01	3.86932670e-09	2.83791323e-01	1
3	3.24258343e+00	4.08216943e+00	3.90948772e+00	primer-uds-south-grizli-v7.2	15853	6.50000000e+00	1.12274813e+08	4.38624696e-01	3.90670610e-09	2.64078601e-01	1
3	3.24258343e+00	4.08216943e+00	3.90948772e+00	primer-uds-south-grizli-v7.2	15853	8.00000000e+00	nan	nan	nan	nan	1
3	3.24258343e+00	4.08216943e+00	3.90948772e+00	primer-uds-south-grizli-v7.2	15853	9.50000000e+00	nan	nan	nan	nan	1
3	3.24258343e+00	4.08216943e+00	3.90948772e+00	primer-uds-south-grizli-v7.2	15853	1.10000000e+01	nan	nan	nan	nan	1
3	3.24258343e+00	4.08216943e+00	3.90948772e+00	primer-uds-south-grizli-v7.2	15853	1.25000000e+01	nan	nan	nan	nan	0
3	3.24258343e+00	4.08216943e+00	3.90948772e+00	primer-uds-south-grizli-v7.2	15853	1.40000000e+01	nan	nan	nan	nan	0
3	3.24258343e+00	4.08216943e+00	3.90948772e+00	primer-uds-south-grizli-v7.2	15853	1.55000000e+01	nan	nan	nan	nan	0
3	3.24258343e+00	4.08216943e+00	3.90948772e+00	primer-uds-south-grizli-v7.2	15853	1.70000000e+01	nan	nan	nan	nan	0
3	3.24258343e+00	4.08216943e+00	3.90948772e+00	primer-uds-south-grizli-v7.2	15853	1.85000000e+01	nan	nan	nan	nan	0
3	3.24258343e+00	4.08216943e+00	3.90948772e+00	primer-uds-south-grizli-v7.2	15853	2.00000000e+01	nan	nan	nan	nan	0
3	3.24258343e+00	4.08216943e+00	3.90948772e+00	primer-uds-south-grizli-v7.2	15853	2.15000000e+01	nan	nan	nan	nan	0
3	3.24258343e+00	4.08216943e+00	3.90948772e+00	primer-uds-south-grizli-v7.2	15853	2.30000000e+01	nan	nan	nan	nan	0
3	3.24258343e+00	4.08216943e+00	3.90948772e+00	primer-uds-south-grizli-v7.2	15853	2.45000000e+01	nan	nan	nan	nan	0
3	3.24258343e+00	4.08216943e+00	3.90948772e+00	primer-uds-south-grizli-v7.2	15853	2.60000000e+01	nan	nan	nan	nan	0
3	3.24258343e+00	4.08216943e+00	3.90948772e+00	primer-uds-south-grizli-v7.2	15853	2.75000000e+01	nan	nan	nan	nan	0
3	3.24258343e+00	4.08216943e+00	3.90948772e+00	primer-uds-south-grizli-v7.2	15853	2.90000000e+01	nan	nan	nan	nan	0
3	3.24258343e+00	4.08216943e+00	3.90948772e+00	primer-uds-south-grizli-v7.2	15853	3.05000000e+01	nan	nan	nan	nan	0
3	3.24258343e+00	4.08216943e+00	3.44790578e+00	primer-uds-south-grizli-v7.2	16789	5.00000000e-01	7.92678162e+09	3.02967345e+01	3.82207256e-09	5.88014757e-01	1
3	3.24258343e+00	4.08216943e+00	3.44790578e+00	primer-uds-south-grizli-v7.2	16789	2.00000000e+00	1.60111685e+09	9.87270772e-01	6.16613815e-10	7.26683842e-01	1
3	3.24258343e+00	4.08216943e+00	3.44790578e+00	primer-uds-south-grizli-v7.2	16789	3.50000000e+00	1.12983144e+08	3.27610723e-01	2.89964247e-09	3.62490743e-01	1
3	3.24258343e+00	4.08216943e+00	3.44790578e+00	primer-uds-south-grizli-v7.2	16789	5.00000000e+00	nan	nan	nan	nan	1
3	3.24258343e+00	4.08216943e+00	3.44790578e+00	primer-uds-south-grizli-v7.2	16789	6.50000000e+00	nan	nan	nan	nan	1
3	3.24258343e+00	4.08216943e+00	3.44790578e+00	primer-uds-south-grizli-v7.2	16789	8.00000000e+00	nan	nan	nan	nan	1
3	3.24258343e+00	4.08216943e+00	3.44790578e+00	primer-uds-south-grizli-v7.2	16789	9.50000000e+00	nan	nan	nan	nan	1
3	3.24258343e+00	4.08216943e+00	3.44790578e+00	primer-uds-south-grizli-v7.2	16789	1.10000000e+01	nan	nan	nan	nan	1
3	3.24258343e+00	4.08216943e+00	3.44790578e+00	primer-uds-south-grizli-v7.2	16789	1.25000000e+01	nan	nan	nan	nan	0
3	3.24258343e+00	4.08216943e+00	3.44790578e+00	primer-uds-south-grizli-v7.2	16789	1.40000000e+01	nan	nan	nan	nan	0
3	3.24258343e+00	4.08216943e+00	3.44790578e+00	primer-uds-south-grizli-v7.2	16789	1.55000000e+01	nan	nan	nan	nan	0
3	3.24258343e+00	4.08216943e+00	3.44790578e+00	primer-uds-south-grizli-v7.2	16789	1.70000000e+01	nan	nan	nan	nan	0
3	3.24258343e+00	4.08216943e+00	3.44790578e+00	primer-uds-south-grizli-v7.2	16789	1.85000000e+01	nan	nan	nan	nan	0
3	3.24258343e+00	4.08216943e+00	3.44790578e+00	primer-uds-south-grizli-v7.2	16789	2.00000000e+01	nan	nan	nan	nan	0
3	3.24258343e+00	4.08216943e+00	3.44790578e+00	primer-uds-south-grizli-v7.2	16789	2.15000000e+01	nan	nan	nan	nan	0
3	3.24258343e+00	4.08216943e+00	3.44790578e+00	primer-uds-south-grizli-v7.2	16789	2.30000000e+01	nan	nan	nan	nan	0
3	3.24258343e+00	4.08216943e+00	3.44790578e+00	primer-uds-south-grizli-v7.2	16789	2.45000000e+01	nan	nan	nan	nan	0
3	3.24258343e+00	4.08216943e+00	3.44790578e+00	primer-uds-south-grizli-v7.2	16789	2.60000000e+01	nan	nan	nan	nan	0
3	3.24258343e+00	4.08216943e+00	3.44790578e+00	primer-uds-south-grizli-v7.2	16789	2.75000000e+01	nan	nan	nan	nan	0
3	3.24258343e+00	4.08216943e+00	3.44790578e+00	primer-uds-south-grizli-v7.2	16789	2.90000000e+01	nan	nan	nan	nan	0
3	3.24258343e+00	4.08216943e+00	3.44790578e+00	primer-uds-south-grizli-v7.2	16789	3.05000000e+01	nan	nan	nan	nan	0
3	3.24258343e+00	4.08216943e+00	3.73646617e+00	primer-uds-south-grizli-v7.2	19785	5.00000000e-01	8.49765073e+09	4.93298216e+00	5.80511287e-10	8.87206422e-01	1
3	3.24258343e+00	4.08216943e+00	3.73646617e+00	primer-uds-south-grizli-v7.2	19785	2.00000000e+00	1.13434058e+09	2.95675639e+00	2.60658609e-09	4.29325197e-01	1
3	3.24258343e+00	4.08216943e+00	3.73646617e+00	primer-uds-south-grizli-v7.2	19785	3.50000000e+00	1.01046352e+08	7.97149883e-01	7.88895262e-09	2.85995256e-01	1
3	3.24258343e+00	4.08216943e+00	3.73646617e+00	primer-uds-south-grizli-v7.2	19785	5.00000000e+00	nan	nan	nan	nan	1
3	3.24258343e+00	4.08216943e+00	3.73646617e+00	primer-uds-south-grizli-v7.2	19785	6.50000000e+00	nan	nan	nan	nan	1
3	3.24258343e+00	4.08216943e+00	3.73646617e+00	primer-uds-south-grizli-v7.2	19785	8.00000000e+00	nan	nan	nan	nan	1
3	3.24258343e+00	4.08216943e+00	3.73646617e+00	primer-uds-south-grizli-v7.2	19785	9.50000000e+00	nan	nan	nan	nan	1
3	3.24258343e+00	4.08216943e+00	3.73646617e+00	primer-uds-south-grizli-v7.2	19785	1.10000000e+01	nan	nan	nan	nan	1
3	3.24258343e+00	4.08216943e+00	3.73646617e+00	primer-uds-south-grizli-v7.2	19785	1.25000000e+01	nan	nan	nan	nan	0
3	3.24258343e+00	4.08216943e+00	3.73646617e+00	primer-uds-south-grizli-v7.2	19785	1.40000000e+01	nan	nan	nan	nan	0
3	3.24258343e+00	4.08216943e+00	3.73646617e+00	primer-uds-south-grizli-v7.2	19785	1.55000000e+01	nan	nan	nan	nan	0
3	3.24258343e+00	4.08216943e+00	3.73646617e+00	primer-uds-south-grizli-v7.2	19785	1.70000000e+01	nan	nan	nan	nan	0
3	3.24258343e+00	4.08216943e+00	3.73646617e+00	primer-uds-south-grizli-v7.2	19785	1.85000000e+01	nan	nan	nan	nan	0
3	3.24258343e+00	4.08216943e+00	3.73646617e+00	primer-uds-south-grizli-v7.2	19785	2.00000000e+01	nan	nan	nan	nan	0
3	3.24258343e+00	4.08216943e+00	3.73646617e+00	primer-uds-south-grizli-v7.2	19785	2.15000000e+01	nan	nan	nan	nan	0
3	3.24258343e+00	4.08216943e+00	3.73646617e+00	primer-uds-south-grizli-v7.2	19785	2.30000000e+01	nan	nan	nan	nan	0
3	3.24258343e+00	4.08216943e+00	3.73646617e+00	primer-uds-south-grizli-v7.2	19785	2.45000000e+01	nan	nan	nan	nan	0
3	3.24258343e+00	4.08216943e+00	3.73646617e+00	primer-uds-south-grizli-v7.2	19785	2.60000000e+01	nan	nan	nan	nan	0
3	3.24258343e+00	4.08216943e+00	3.73646617e+00	primer-uds-south-grizli-v7.2	19785	2.75000000e+01	nan	nan	nan	nan	0
3	3.24258343e+00	4.08216943e+00	3.73646617e+00	primer-uds-south-grizli-v7.2	19785	2.90000000e+01	nan	nan	nan	nan	0
3	3.24258343e+00	4.08216943e+00	3.73646617e+00	primer-uds-south-grizli-v7.2	19785	3.05000000e+01	nan	nan	nan	nan	0
3	3.24258343e+00	4.08216943e+00	3.24422693e+00	primer-uds-south-grizli-v7.2	20451	5.00000000e-01	5.14013352e+09	1.98215739e+01	3.85623716e-09	3.51873279e-01	1
3	3.24258343e+00	4.08216943e+00	3.24422693e+00	primer-uds-south-grizli-v7.2	20451	2.00000000e+00	8.30795699e+08	2.17474359e+00	2.61766352e-09	3.10365922e-01	1
3	3.24258343e+00	4.08216943e+00	3.24422693e+00	primer-uds-south-grizli-v7.2	20451	3.50000000e+00	9.71639869e+07	8.21182288e-01	8.45150877e-09	2.77489184e-01	1
3	3.24258343e+00	4.08216943e+00	3.24422693e+00	primer-uds-south-grizli-v7.2	20451	5.00000000e+00	nan	nan	nan	nan	1
3	3.24258343e+00	4.08216943e+00	3.24422693e+00	primer-uds-south-grizli-v7.2	20451	6.50000000e+00	nan	nan	nan	nan	1
3	3.24258343e+00	4.08216943e+00	3.24422693e+00	primer-uds-south-grizli-v7.2	20451	8.00000000e+00	nan	nan	nan	nan	1
3	3.24258343e+00	4.08216943e+00	3.24422693e+00	primer-uds-south-grizli-v7.2	20451	9.50000000e+00	nan	nan	nan	nan	1
3	3.24258343e+00	4.08216943e+00	3.24422693e+00	primer-uds-south-grizli-v7.2	20451	1.10000000e+01	nan	nan	nan	nan	1
3	3.24258343e+00	4.08216943e+00	3.24422693e+00	primer-uds-south-grizli-v7.2	20451	1.25000000e+01	nan	nan	nan	nan	0
3	3.24258343e+00	4.08216943e+00	3.24422693e+00	primer-uds-south-grizli-v7.2	20451	1.40000000e+01	nan	nan	nan	nan	0
3	3.24258343e+00	4.08216943e+00	3.24422693e+00	primer-uds-south-grizli-v7.2	20451	1.55000000e+01	nan	nan	nan	nan	0
3	3.24258343e+00	4.08216943e+00	3.24422693e+00	primer-uds-south-grizli-v7.2	20451	1.70000000e+01	nan	nan	nan	nan	0
3	3.24258343e+00	4.08216943e+00	3.24422693e+00	primer-uds-south-grizli-v7.2	20451	1.85000000e+01	nan	nan	nan	nan	0
3	3.24258343e+00	4.08216943e+00	3.24422693e+00	primer-uds-south-grizli-v7.2	20451	2.00000000e+01	nan	nan	nan	nan	0
3	3.24258343e+00	4.08216943e+00	3.24422693e+00	primer-uds-south-grizli-v7.2	20451	2.15000000e+01	nan	nan	nan	nan	0
3	3.24258343e+00	4.08216943e+00	3.24422693e+00	primer-uds-south-grizli-v7.2	20451	2.30000000e+01	nan	nan	nan	nan	0
3	3.24258343e+00	4.08216943e+00	3.24422693e+00	primer-uds-south-grizli-v7.2	20451	2.45000000e+01	nan	nan	nan	nan	0
3	3.24258343e+00	4.08216943e+00	3.24422693e+00	primer-uds-south-grizli-v7.2	20451	2.60000000e+01	nan	nan	nan	nan	0
3	3.24258343e+00	4.08216943e+00	3.24422693e+00	primer-uds-south-grizli-v7.2	20451	2.75000000e+01	nan	nan	nan	nan	0
3	3.24258343e+00	4.08216943e+00	3.24422693e+00	primer-uds-south-grizli-v7.2	20451	2.90000000e+01	nan	nan	nan	nan	0
3	3.24258343e+00	4.08216943e+00	3.24422693e+00	primer-uds-south-grizli-v7.2	20451	3.05000000e+01	nan	nan	nan	nan	0
3	3.24258343e+00	4.08216943e+00	3.79713678e+00	primer-uds-south-grizli-v7.2	30341	5.00000000e-01	6.62909576e+09	2.58018705e+01	3.89221568e-09	4.65198243e-01	1
3	3.24258343e+00	4.08216943e+00	3.79713678e+00	primer-uds-south-grizli-v7.2	30341	2.00000000e+00	8.50921902e+08	5.38860382e-01	6.33266555e-10	5.62460073e-01	1
3	3.24258343e+00	4.08216943e+00	3.79713678e+00	primer-uds-south-grizli-v7.2	30341	3.50000000e+00	8.93747699e+07	2.53374910e-01	2.83497133e-09	3.34729710e-01	1
3	3.24258343e+00	4.08216943e+00	3.79713678e+00	primer-uds-south-grizli-v7.2	30341	5.00000000e+00	5.54962748e+07	1.72963918e-01	3.11667619e-09	2.92278823e-01	1
3	3.24258343e+00	4.08216943e+00	3.79713678e+00	primer-uds-south-grizli-v7.2	30341	6.50000000e+00	nan	nan	nan	nan	1
3	3.24258343e+00	4.08216943e+00	3.79713678e+00	primer-uds-south-grizli-v7.2	30341	8.00000000e+00	nan	nan	nan	nan	1
3	3.24258343e+00	4.08216943e+00	3.79713678e+00	primer-uds-south-grizli-v7.2	30341	9.50000000e+00	nan	nan	nan	nan	1
3	3.24258343e+00	4.08216943e+00	3.79713678e+00	primer-uds-south-grizli-v7.2	30341	1.10000000e+01	nan	nan	nan	nan	1
3	3.24258343e+00	4.08216943e+00	3.79713678e+00	primer-uds-south-grizli-v7.2	30341	1.25000000e+01	nan	nan	nan	nan	0
3	3.24258343e+00	4.08216943e+00	3.79713678e+00	primer-uds-south-grizli-v7.2	30341	1.40000000e+01	nan	nan	nan	nan	0
3	3.24258343e+00	4.08216943e+00	3.79713678e+00	primer-uds-south-grizli-v7.2	30341	1.55000000e+01	nan	nan	nan	nan	0
3	3.24258343e+00	4.08216943e+00	3.79713678e+00	primer-uds-south-grizli-v7.2	30341	1.70000000e+01	nan	nan	nan	nan	0
3	3.24258343e+00	4.08216943e+00	3.79713678e+00	primer-uds-south-grizli-v7.2	30341	1.85000000e+01	nan	nan	nan	nan	0
3	3.24258343e+00	4.08216943e+00	3.79713678e+00	primer-uds-south-grizli-v7.2	30341	2.00000000e+01	nan	nan	nan	nan	0
3	3.24258343e+00	4.08216943e+00	3.79713678e+00	primer-uds-south-grizli-v7.2	30341	2.15000000e+01	nan	nan	nan	nan	0
3	3.24258343e+00	4.08216943e+00	3.79713678e+00	primer-uds-south-grizli-v7.2	30341	2.30000000e+01	nan	nan	nan	nan	0
3	3.24258343e+00	4.08216943e+00	3.79713678e+00	primer-uds-south-grizli-v7.2	30341	2.45000000e+01	nan	nan	nan	nan	0
3	3.24258343e+00	4.08216943e+00	3.79713678e+00	primer-uds-south-grizli-v7.2	30341	2.60000000e+01	nan	nan	nan	nan	0
3	3.24258343e+00	4.08216943e+00	3.79713678e+00	primer-uds-south-grizli-v7.2	30341	2.75000000e+01	nan	nan	nan	nan	0
3	3.24258343e+00	4.08216943e+00	3.79713678e+00	primer-uds-south-grizli-v7.2	30341	2.90000000e+01	nan	nan	nan	nan	0
3	3.24258343e+00	4.08216943e+00	3.79713678e+00	primer-uds-south-grizli-v7.2	30341	3.05000000e+01	nan	nan	nan	nan	0
3	3.24258343e+00	4.08216943e+00	3.98685455e+00	primer-uds-south-grizli-v7.2	48393	5.00000000e-01	2.58969873e+10	3.28591694e+02	1.26884139e-08	4.94525636e-01	1
3	3.24258343e+00	4.08216943e+00	3.98685455e+00	primer-uds-south-grizli-v7.2	48393	2.00000000e+00	1.99108396e+09	1.26008236e+00	6.32862493e-10	6.97799677e-01	1
3	3.24258343e+00	4.08216943e+00	3.98685455e+00	primer-uds-south-grizli-v7.2	48393	3.50000000e+00	2.57305160e+08	7.30688214e-01	2.83977288e-09	3.29471859e-01	1
3	3.24258343e+00	4.08216943e+00	3.98685455e+00	primer-uds-south-grizli-v7.2	48393	5.00000000e+00	1.04159353e+08	4.33039368e-01	4.15746985e-09	2.72498458e-01	1
3	3.24258343e+00	4.08216943e+00	3.98685455e+00	primer-uds-south-grizli-v7.2	48393	6.50000000e+00	nan	nan	nan	nan	1
3	3.24258343e+00	4.08216943e+00	3.98685455e+00	primer-uds-south-grizli-v7.2	48393	8.00000000e+00	nan	nan	nan	nan	1
3	3.24258343e+00	4.08216943e+00	3.98685455e+00	primer-uds-south-grizli-v7.2	48393	9.50000000e+00	nan	nan	nan	nan	1
3	3.24258343e+00	4.08216943e+00	3.98685455e+00	primer-uds-south-grizli-v7.2	48393	1.10000000e+01	nan	nan	nan	nan	1
3	3.24258343e+00	4.08216943e+00	3.98685455e+00	primer-uds-south-grizli-v7.2	48393	1.25000000e+01	nan	nan	nan	nan	0
3	3.24258343e+00	4.08216943e+00	3.98685455e+00	primer-uds-south-grizli-v7.2	48393	1.40000000e+01	nan	nan	nan	nan	0
3	3.24258343e+00	4.08216943e+00	3.98685455e+00	primer-uds-south-grizli-v7.2	48393	1.55000000e+01	nan	nan	nan	nan	0
3	3.24258343e+00	4.08216943e+00	3.98685455e+00	primer-uds-south-grizli-v7.2	48393	1.70000000e+01	nan	nan	nan	nan	0
3	3.24258343e+00	4.08216943e+00	3.98685455e+00	primer-uds-south-grizli-v7.2	48393	1.85000000e+01	nan	nan	nan	nan	0
3	3.24258343e+00	4.08216943e+00	3.98685455e+00	primer-uds-south-grizli-v7.2	48393	2.00000000e+01	nan	nan	nan	nan	0
3	3.24258343e+00	4.08216943e+00	3.98685455e+00	primer-uds-south-grizli-v7.2	48393	2.15000000e+01	nan	nan	nan	nan	0
3	3.24258343e+00	4.08216943e+00	3.98685455e+00	primer-uds-south-grizli-v7.2	48393	2.30000000e+01	nan	nan	nan	nan	0
3	3.24258343e+00	4.08216943e+00	3.98685455e+00	primer-uds-south-grizli-v7.2	48393	2.45000000e+01	nan	nan	nan	nan	0
3	3.24258343e+00	4.08216943e+00	3.98685455e+00	primer-uds-south-grizli-v7.2	48393	2.60000000e+01	nan	nan	nan	nan	0
3	3.24258343e+00	4.08216943e+00	3.98685455e+00	primer-uds-south-grizli-v7.2	48393	2.75000000e+01	nan	nan	nan	nan	0
3	3.24258343e+00	4.08216943e+00	3.98685455e+00	primer-uds-south-grizli-v7.2	48393	2.90000000e+01	nan	nan	nan	nan	0
3	3.24258343e+00	4.08216943e+00	3.98685455e+00	primer-uds-south-grizli-v7.2	48393	3.05000000e+01	nan	nan	nan	nan	0
3	3.24258343e+00	4.08216943e+00	3.29205656e+00	primer-uds-south-grizli-v7.2	48552	5.00000000e-01	4.41724078e+09	6.08719209e+00	1.37805304e-09	4.85697107e-01	1
3	3.24258343e+00	4.08216943e+00	3.29205656e+00	primer-uds-south-grizli-v7.2	48552	2.00000000e+00	1.27752622e+09	4.10230479e+00	3.21113158e-09	4.34559990e-01	1
3	3.24258343e+00	4.08216943e+00	3.29205656e+00	primer-uds-south-grizli-v7.2	48552	3.50000000e+00	1.99508744e+08	6.79875319e-01	3.40774698e-09	3.44669367e-01	1
3	3.24258343e+00	4.08216943e+00	3.29205656e+00	primer-uds-south-grizli-v7.2	48552	5.00000000e+00	nan	nan	nan	nan	1
3	3.24258343e+00	4.08216943e+00	3.29205656e+00	primer-uds-south-grizli-v7.2	48552	6.50000000e+00	nan	nan	nan	nan	1
3	3.24258343e+00	4.08216943e+00	3.29205656e+00	primer-uds-south-grizli-v7.2	48552	8.00000000e+00	nan	nan	nan	nan	1
3	3.24258343e+00	4.08216943e+00	3.29205656e+00	primer-uds-south-grizli-v7.2	48552	9.50000000e+00	nan	nan	nan	nan	1
3	3.24258343e+00	4.08216943e+00	3.29205656e+00	primer-uds-south-grizli-v7.2	48552	1.10000000e+01	nan	nan	nan	nan	1
3	3.24258343e+00	4.08216943e+00	3.29205656e+00	primer-uds-south-grizli-v7.2	48552	1.25000000e+01	nan	nan	nan	nan	0
3	3.24258343e+00	4.08216943e+00	3.29205656e+00	primer-uds-south-grizli-v7.2	48552	1.40000000e+01	nan	nan	nan	nan	0
3	3.24258343e+00	4.08216943e+00	3.29205656e+00	primer-uds-south-grizli-v7.2	48552	1.55000000e+01	nan	nan	nan	nan	0
3	3.24258343e+00	4.08216943e+00	3.29205656e+00	primer-uds-south-grizli-v7.2	48552	1.70000000e+01	nan	nan	nan	nan	0
3	3.24258343e+00	4.08216943e+00	3.29205656e+00	primer-uds-south-grizli-v7.2	48552	1.85000000e+01	nan	nan	nan	nan	0
3	3.24258343e+00	4.08216943e+00	3.29205656e+00	primer-uds-south-grizli-v7.2	48552	2.00000000e+01	nan	nan	nan	nan	0
3	3.24258343e+00	4.08216943e+00	3.29205656e+00	primer-uds-south-grizli-v7.2	48552	2.15000000e+01	nan	nan	nan	nan	0
3	3.24258343e+00	4.08216943e+00	3.29205656e+00	primer-uds-south-grizli-v7.2	48552	2.30000000e+01	nan	nan	nan	nan	0
3	3.24258343e+00	4.08216943e+00	3.29205656e+00	primer-uds-south-grizli-v7.2	48552	2.45000000e+01	nan	nan	nan	nan	0
3	3.24258343e+00	4.08216943e+00	3.29205656e+00	primer-uds-south-grizli-v7.2	48552	2.60000000e+01	nan	nan	nan	nan	0
3	3.24258343e+00	4.08216943e+00	3.29205656e+00	primer-uds-south-grizli-v7.2	48552	2.75000000e+01	nan	nan	nan	nan	0
3	3.24258343e+00	4.08216943e+00	3.29205656e+00	primer-uds-south-grizli-v7.2	48552	2.90000000e+01	nan	nan	nan	nan	0
3	3.24258343e+00	4.08216943e+00	3.29205656e+00	primer-uds-south-grizli-v7.2	48552	3.05000000e+01	nan	nan	nan	nan	0
3	3.24258343e+00	4.08216943e+00	3.76867509e+00	primer-uds-south-grizli-v7.2	48959	5.00000000e-01	3.15318751e+09	6.86958499e+00	2.17861607e-09	3.26303443e-01	1
3	3.24258343e+00	4.08216943e+00	3.76867509e+00	primer-uds-south-grizli-v7.2	48959	2.00000000e+00	1.43958795e+09	2.81844541e+00	1.95781398e-09	4.85169173e-01	1
3	3.24258343e+00	4.08216943e+00	3.76867509e+00	primer-uds-south-grizli-v7.2	48959	3.50000000e+00	6.11512907e+08	1.78682884e+00	2.92198059e-09	4.51695074e-01	1
3	3.24258343e+00	4.08216943e+00	3.76867509e+00	primer-uds-south-grizli-v7.2	48959	5.00000000e+00	2.83764399e+08	1.32433616e+00	4.66702718e-09	3.30093246e-01	1
3	3.24258343e+00	4.08216943e+00	3.76867509e+00	primer-uds-south-grizli-v7.2	48959	6.50000000e+00	1.75762896e+08	9.43303650e-01	5.36691003e-09	2.98662091e-01	1
3	3.24258343e+00	4.08216943e+00	3.76867509e+00	primer-uds-south-grizli-v7.2	48959	8.00000000e+00	1.54862921e+08	6.61588957e-01	4.27209400e-09	2.96993548e-01	1
3	3.24258343e+00	4.08216943e+00	3.76867509e+00	primer-uds-south-grizli-v7.2	48959	9.50000000e+00	1.46532047e+08	4.77427734e-01	3.25817966e-09	2.92706984e-01	1
3	3.24258343e+00	4.08216943e+00	3.76867509e+00	primer-uds-south-grizli-v7.2	48959	1.10000000e+01	nan	nan	nan	nan	1
3	3.24258343e+00	4.08216943e+00	3.76867509e+00	primer-uds-south-grizli-v7.2	48959	1.25000000e+01	nan	nan	nan	nan	0
3	3.24258343e+00	4.08216943e+00	3.76867509e+00	primer-uds-south-grizli-v7.2	48959	1.40000000e+01	nan	nan	nan	nan	0
3	3.24258343e+00	4.08216943e+00	3.76867509e+00	primer-uds-south-grizli-v7.2	48959	1.55000000e+01	nan	nan	nan	nan	0
3	3.24258343e+00	4.08216943e+00	3.76867509e+00	primer-uds-south-grizli-v7.2	48959	1.70000000e+01	nan	nan	nan	nan	0
3	3.24258343e+00	4.08216943e+00	3.76867509e+00	primer-uds-south-grizli-v7.2	48959	1.85000000e+01	nan	nan	nan	nan	0
3	3.24258343e+00	4.08216943e+00	3.76867509e+00	primer-uds-south-grizli-v7.2	48959	2.00000000e+01	nan	nan	nan	nan	0
3	3.24258343e+00	4.08216943e+00	3.76867509e+00	primer-uds-south-grizli-v7.2	48959	2.15000000e+01	nan	nan	nan	nan	0
3	3.24258343e+00	4.08216943e+00	3.76867509e+00	primer-uds-south-grizli-v7.2	48959	2.30000000e+01	nan	nan	nan	nan	0
3	3.24258343e+00	4.08216943e+00	3.76867509e+00	primer-uds-south-grizli-v7.2	48959	2.45000000e+01	nan	nan	nan	nan	0
3	3.24258343e+00	4.08216943e+00	3.76867509e+00	primer-uds-south-grizli-v7.2	48959	2.60000000e+01	nan	nan	nan	nan	0
3	3.24258343e+00	4.08216943e+00	3.76867509e+00	primer-uds-south-grizli-v7.2	48959	2.75000000e+01	nan	nan	nan	nan	0
3	3.24258343e+00	4.08216943e+00	3.76867509e+00	primer-uds-south-grizli-v7.2	48959	2.90000000e+01	nan	nan	nan	nan	0
3	3.24258343e+00	4.08216943e+00	3.76867509e+00	primer-uds-south-grizli-v7.2	48959	3.05000000e+01	nan	nan	nan	nan	0
3	3.24258343e+00	4.08216943e+00	3.65459704e+00	primer-uds-south-grizli-v7.2	67898	5.00000000e-01	8.72137398e+09	1.17369715e+01	1.34577092e-09	8.05377435e-01	1
3	3.24258343e+00	4.08216943e+00	3.65459704e+00	primer-uds-south-grizli-v7.2	67898	2.00000000e+00	9.54306924e+08	3.58499133e+00	3.75664395e-09	3.14467274e-01	1
3	3.24258343e+00	4.08216943e+00	3.65459704e+00	primer-uds-south-grizli-v7.2	67898	3.50000000e+00	1.17134403e+08	1.09707679e+00	9.36596561e-09	2.37878933e-01	1
3	3.24258343e+00	4.08216943e+00	3.65459704e+00	primer-uds-south-grizli-v7.2	67898	5.00000000e+00	nan	nan	nan	nan	1
3	3.24258343e+00	4.08216943e+00	3.65459704e+00	primer-uds-south-grizli-v7.2	67898	6.50000000e+00	nan	nan	nan	nan	1
3	3.24258343e+00	4.08216943e+00	3.65459704e+00	primer-uds-south-grizli-v7.2	67898	8.00000000e+00	nan	nan	nan	nan	1
3	3.24258343e+00	4.08216943e+00	3.65459704e+00	primer-uds-south-grizli-v7.2	67898	9.50000000e+00	nan	nan	nan	nan	1
3	3.24258343e+00	4.08216943e+00	3.65459704e+00	primer-uds-south-grizli-v7.2	67898	1.10000000e+01	nan	nan	nan	nan	1
3	3.24258343e+00	4.08216943e+00	3.65459704e+00	primer-uds-south-grizli-v7.2	67898	1.25000000e+01	nan	nan	nan	nan	0
3	3.24258343e+00	4.08216943e+00	3.65459704e+00	primer-uds-south-grizli-v7.2	67898	1.40000000e+01	nan	nan	nan	nan	0
3	3.24258343e+00	4.08216943e+00	3.65459704e+00	primer-uds-south-grizli-v7.2	67898	1.55000000e+01	nan	nan	nan	nan	0
3	3.24258343e+00	4.08216943e+00	3.65459704e+00	primer-uds-south-grizli-v7.2	67898	1.70000000e+01	nan	nan	nan	nan	0
3	3.24258343e+00	4.08216943e+00	3.65459704e+00	primer-uds-south-grizli-v7.2	67898	1.85000000e+01	nan	nan	nan	nan	0
3	3.24258343e+00	4.08216943e+00	3.65459704e+00	primer-uds-south-grizli-v7.2	67898	2.00000000e+01	nan	nan	nan	nan	0
3	3.24258343e+00	4.08216943e+00	3.65459704e+00	primer-uds-south-grizli-v7.2	67898	2.15000000e+01	nan	nan	nan	nan	0
3	3.24258343e+00	4.08216943e+00	3.65459704e+00	primer-uds-south-grizli-v7.2	67898	2.30000000e+01	nan	nan	nan	nan	0
3	3.24258343e+00	4.08216943e+00	3.65459704e+00	primer-uds-south-grizli-v7.2	67898	2.45000000e+01	nan	nan	nan	nan	0
3	3.24258343e+00	4.08216943e+00	3.65459704e+00	primer-uds-south-grizli-v7.2	67898	2.60000000e+01	nan	nan	nan	nan	0
3	3.24258343e+00	4.08216943e+00	3.65459704e+00	primer-uds-south-grizli-v7.2	67898	2.75000000e+01	nan	nan	nan	nan	0
3	3.24258343e+00	4.08216943e+00	3.65459704e+00	primer-uds-south-grizli-v7.2	67898	2.90000000e+01	nan	nan	nan	nan	0
3	3.24258343e+00	4.08216943e+00	3.65459704e+00	primer-uds-south-grizli-v7.2	67898	3.05000000e+01	nan	nan	nan	nan	0
4	4.08216943e+00	5.00000000e+00	4.38291788e+00	ceers-full-grizli-v7.2	3945	5.00000000e-01	2.59748464e+08	1.17667220e+00	4.53004491e-09	1.67521109e-01	1
4	4.08216943e+00	5.00000000e+00	4.38291788e+00	ceers-full-grizli-v7.2	3945	2.00000000e+00	1.36163231e+08	6.94241391e-01	5.09859663e-09	1.64095315e-01	1
4	4.08216943e+00	5.00000000e+00	4.38291788e+00	ceers-full-grizli-v7.2	3945	3.50000000e+00	9.16278469e+07	4.87854394e-01	5.32430271e-09	1.80619847e-01	1
4	4.08216943e+00	5.00000000e+00	4.38291788e+00	ceers-full-grizli-v7.2	3945	5.00000000e+00	9.02318677e+07	5.52170070e-01	6.11945739e-09	1.50281710e-01	1
4	4.08216943e+00	5.00000000e+00	4.38291788e+00	ceers-full-grizli-v7.2	3945	6.50000000e+00	7.12376217e+07	3.85890245e-01	5.41694453e-09	1.43311797e-01	1
4	4.08216943e+00	5.00000000e+00	4.38291788e+00	ceers-full-grizli-v7.2	3945	8.00000000e+00	2.94159116e+07	1.72422256e-01	5.86153026e-09	1.53135785e-01	0
4	4.08216943e+00	5.00000000e+00	4.38291788e+00	ceers-full-grizli-v7.2	3945	9.50000000e+00	1.32473659e+07	1.01356275e-01	7.65105127e-09	9.66581661e-02	0
4	4.08216943e+00	5.00000000e+00	4.38291788e+00	ceers-full-grizli-v7.2	3945	1.10000000e+01	nan	nan	nan	nan	0
4	4.08216943e+00	5.00000000e+00	4.38291788e+00	ceers-full-grizli-v7.2	3945	1.25000000e+01	nan	nan	nan	nan	0
4	4.08216943e+00	5.00000000e+00	4.38291788e+00	ceers-full-grizli-v7.2	3945	1.40000000e+01	nan	nan	nan	nan	0
4	4.08216943e+00	5.00000000e+00	4.38291788e+00	ceers-full-grizli-v7.2	3945	1.55000000e+01	nan	nan	nan	nan	0
4	4.08216943e+00	5.00000000e+00	4.38291788e+00	ceers-full-grizli-v7.2	3945	1.70000000e+01	nan	nan	nan	nan	0
4	4.08216943e+00	5.00000000e+00	4.38291788e+00	ceers-full-grizli-v7.2	3945	1.85000000e+01	nan	nan	nan	nan	0
4	4.08216943e+00	5.00000000e+00	4.38291788e+00	ceers-full-grizli-v7.2	3945	2.00000000e+01	nan	nan	nan	nan	0
4	4.08216943e+00	5.00000000e+00	4.38291788e+00	ceers-full-grizli-v7.2	3945	2.15000000e+01	nan	nan	nan	nan	0
4	4.08216943e+00	5.00000000e+00	4.38291788e+00	ceers-full-grizli-v7.2	3945	2.30000000e+01	nan	nan	nan	nan	0
4	4.08216943e+00	5.00000000e+00	4.38291788e+00	ceers-full-grizli-v7.2	3945	2.45000000e+01	nan	nan	nan	nan	0
4	4.08216943e+00	5.00000000e+00	4.38291788e+00	ceers-full-grizli-v7.2	3945	2.60000000e+01	nan	nan	nan	nan	0
4	4.08216943e+00	5.00000000e+00	4.38291788e+00	ceers-full-grizli-v7.2	3945	2.75000000e+01	nan	nan	nan	nan	0
4	4.08216943e+00	5.00000000e+00	4.38291788e+00	ceers-full-grizli-v7.2	3945	2.90000000e+01	nan	nan	nan	nan	0
4	4.08216943e+00	5.00000000e+00	4.38291788e+00	ceers-full-grizli-v7.2	3945	3.05000000e+01	nan	nan	nan	nan	0
4	4.08216943e+00	5.00000000e+00	4.46966600e+00	ceers-full-grizli-v7.2	9589	5.00000000e-01	1.63009443e+09	4.78741478e+00	2.93689414e-09	2.58264497e-01	1
4	4.08216943e+00	5.00000000e+00	4.46966600e+00	ceers-full-grizli-v7.2	9589	2.00000000e+00	5.52624419e+08	1.89923734e+00	3.43675970e-09	2.18549083e-01	1
4	4.08216943e+00	5.00000000e+00	4.46966600e+00	ceers-full-grizli-v7.2	9589	3.50000000e+00	1.29279838e+08	4.77288554e-01	3.69190247e-09	2.08398637e-01	1
4	4.08216943e+00	5.00000000e+00	4.46966600e+00	ceers-full-grizli-v7.2	9589	5.00000000e+00	5.28873409e+07	2.47595908e-01	4.68157226e-09	1.88387407e-01	1
4	4.08216943e+00	5.00000000e+00	4.46966600e+00	ceers-full-grizli-v7.2	9589	6.50000000e+00	2.71025608e+07	1.32743446e-01	4.89781933e-09	1.65809248e-01	1
4	4.08216943e+00	5.00000000e+00	4.46966600e+00	ceers-full-grizli-v7.2	9589	8.00000000e+00	nan	nan	nan	nan	0
4	4.08216943e+00	5.00000000e+00	4.46966600e+00	ceers-full-grizli-v7.2	9589	9.50000000e+00	nan	nan	nan	nan	0
4	4.08216943e+00	5.00000000e+00	4.46966600e+00	ceers-full-grizli-v7.2	9589	1.10000000e+01	nan	nan	nan	nan	0
4	4.08216943e+00	5.00000000e+00	4.46966600e+00	ceers-full-grizli-v7.2	9589	1.25000000e+01	nan	nan	nan	nan	0
4	4.08216943e+00	5.00000000e+00	4.46966600e+00	ceers-full-grizli-v7.2	9589	1.40000000e+01	nan	nan	nan	nan	0
4	4.08216943e+00	5.00000000e+00	4.46966600e+00	ceers-full-grizli-v7.2	9589	1.55000000e+01	nan	nan	nan	nan	0
4	4.08216943e+00	5.00000000e+00	4.46966600e+00	ceers-full-grizli-v7.2	9589	1.70000000e+01	nan	nan	nan	nan	0
4	4.08216943e+00	5.00000000e+00	4.46966600e+00	ceers-full-grizli-v7.2	9589	1.85000000e+01	nan	nan	nan	nan	0
4	4.08216943e+00	5.00000000e+00	4.46966600e+00	ceers-full-grizli-v7.2	9589	2.00000000e+01	nan	nan	nan	nan	0
4	4.08216943e+00	5.00000000e+00	4.46966600e+00	ceers-full-grizli-v7.2	9589	2.15000000e+01	nan	nan	nan	nan	0
4	4.08216943e+00	5.00000000e+00	4.46966600e+00	ceers-full-grizli-v7.2	9589	2.30000000e+01	nan	nan	nan	nan	0
4	4.08216943e+00	5.00000000e+00	4.46966600e+00	ceers-full-grizli-v7.2	9589	2.45000000e+01	nan	nan	nan	nan	0
4	4.08216943e+00	5.00000000e+00	4.46966600e+00	ceers-full-grizli-v7.2	9589	2.60000000e+01	nan	nan	nan	nan	0
4	4.08216943e+00	5.00000000e+00	4.46966600e+00	ceers-full-grizli-v7.2	9589	2.75000000e+01	nan	nan	nan	nan	0
4	4.08216943e+00	5.00000000e+00	4.46966600e+00	ceers-full-grizli-v7.2	9589	2.90000000e+01	nan	nan	nan	nan	0
4	4.08216943e+00	5.00000000e+00	4.46966600e+00	ceers-full-grizli-v7.2	9589	3.05000000e+01	nan	nan	nan	nan	0
4	4.08216943e+00	5.00000000e+00	4.39566612e+00	ceers-full-grizli-v7.2	12229	5.00000000e-01	8.27012663e+08	3.03656917e+00	3.67173237e-09	2.09630313e-01	1
4	4.08216943e+00	5.00000000e+00	4.39566612e+00	ceers-full-grizli-v7.2	12229	2.00000000e+00	2.31856394e+08	9.10619812e-01	3.92751650e-09	1.96086804e-01	1
4	4.08216943e+00	5.00000000e+00	4.39566612e+00	ceers-full-grizli-v7.2	12229	3.50000000e+00	5.66281551e+07	2.40639682e-01	4.24947063e-09	1.86027314e-01	1
4	4.08216943e+00	5.00000000e+00	4.39566612e+00	ceers-full-grizli-v7.2	12229	5.00000000e+00	5.28532958e+07	2.12839864e-01	4.02699322e-09	1.92171128e-01	1
4	4.08216943e+00	5.00000000e+00	4.39566612e+00	ceers-full-grizli-v7.2	12229	6.50000000e+00	7.43279848e+07	2.95843443e-01	3.98024303e-09	2.18436763e-01	1
4	4.08216943e+00	5.00000000e+00	4.39566612e+00	ceers-full-grizli-v7.2	12229	8.00000000e+00	nan	nan	nan	nan	0
4	4.08216943e+00	5.00000000e+00	4.39566612e+00	ceers-full-grizli-v7.2	12229	9.50000000e+00	nan	nan	nan	nan	0
4	4.08216943e+00	5.00000000e+00	4.39566612e+00	ceers-full-grizli-v7.2	12229	1.10000000e+01	nan	nan	nan	nan	0
4	4.08216943e+00	5.00000000e+00	4.39566612e+00	ceers-full-grizli-v7.2	12229	1.25000000e+01	nan	nan	nan	nan	0
4	4.08216943e+00	5.00000000e+00	4.39566612e+00	ceers-full-grizli-v7.2	12229	1.40000000e+01	nan	nan	nan	nan	0
4	4.08216943e+00	5.00000000e+00	4.39566612e+00	ceers-full-grizli-v7.2	12229	1.55000000e+01	nan	nan	nan	nan	0
4	4.08216943e+00	5.00000000e+00	4.39566612e+00	ceers-full-grizli-v7.2	12229	1.70000000e+01	nan	nan	nan	nan	0
4	4.08216943e+00	5.00000000e+00	4.39566612e+00	ceers-full-grizli-v7.2	12229	1.85000000e+01	nan	nan	nan	nan	0
4	4.08216943e+00	5.00000000e+00	4.39566612e+00	ceers-full-grizli-v7.2	12229	2.00000000e+01	nan	nan	nan	nan	0
4	4.08216943e+00	5.00000000e+00	4.39566612e+00	ceers-full-grizli-v7.2	12229	2.15000000e+01	nan	nan	nan	nan	0
4	4.08216943e+00	5.00000000e+00	4.39566612e+00	ceers-full-grizli-v7.2	12229	2.30000000e+01	nan	nan	nan	nan	0
4	4.08216943e+00	5.00000000e+00	4.39566612e+00	ceers-full-grizli-v7.2	12229	2.45000000e+01	nan	nan	nan	nan	0
4	4.08216943e+00	5.00000000e+00	4.39566612e+00	ceers-full-grizli-v7.2	12229	2.60000000e+01	nan	nan	nan	nan	0
4	4.08216943e+00	5.00000000e+00	4.39566612e+00	ceers-full-grizli-v7.2	12229	2.75000000e+01	nan	nan	nan	nan	0
4	4.08216943e+00	5.00000000e+00	4.39566612e+00	ceers-full-grizli-v7.2	12229	2.90000000e+01	nan	nan	nan	nan	0
4	4.08216943e+00	5.00000000e+00	4.39566612e+00	ceers-full-grizli-v7.2	12229	3.05000000e+01	nan	nan	nan	nan	0
4	4.08216943e+00	5.00000000e+00	4.28885984e+00	ceers-full-grizli-v7.2	24053	5.00000000e-01	9.43968509e+08	4.12865829e+00	4.37372460e-09	1.59894873e-01	1
4	4.08216943e+00	5.00000000e+00	4.28885984e+00	ceers-full-grizli-v7.2	24053	2.00000000e+00	1.17511029e+08	8.60387549e-01	7.32175995e-09	9.68097752e-02	1
4	4.08216943e+00	5.00000000e+00	4.28885984e+00	ceers-full-grizli-v7.2	24053	3.50000000e+00	6.53294985e+07	4.92392168e-01	7.53705721e-09	9.30936234e-02	1
4	4.08216943e+00	5.00000000e+00	4.28885984e+00	ceers-full-grizli-v7.2	24053	5.00000000e+00	8.08905322e+07	5.22337716e-01	6.45734058e-09	1.07716204e-01	1
4	4.08216943e+00	5.00000000e+00	4.28885984e+00	ceers-full-grizli-v7.2	24053	6.50000000e+00	3.52193980e+07	1.66082883e-01	4.71566501e-09	1.22851548e-01	1
4	4.08216943e+00	5.00000000e+00	4.28885984e+00	ceers-full-grizli-v7.2	24053	8.00000000e+00	nan	nan	nan	nan	0
4	4.08216943e+00	5.00000000e+00	4.28885984e+00	ceers-full-grizli-v7.2	24053	9.50000000e+00	nan	nan	nan	nan	0
4	4.08216943e+00	5.00000000e+00	4.28885984e+00	ceers-full-grizli-v7.2	24053	1.10000000e+01	nan	nan	nan	nan	0
4	4.08216943e+00	5.00000000e+00	4.28885984e+00	ceers-full-grizli-v7.2	24053	1.25000000e+01	nan	nan	nan	nan	0
4	4.08216943e+00	5.00000000e+00	4.28885984e+00	ceers-full-grizli-v7.2	24053	1.40000000e+01	nan	nan	nan	nan	0
4	4.08216943e+00	5.00000000e+00	4.28885984e+00	ceers-full-grizli-v7.2	24053	1.55000000e+01	nan	nan	nan	nan	0
4	4.08216943e+00	5.00000000e+00	4.28885984e+00	ceers-full-grizli-v7.2	24053	1.70000000e+01	nan	nan	nan	nan	0
4	4.08216943e+00	5.00000000e+00	4.28885984e+00	ceers-full-grizli-v7.2	24053	1.85000000e+01	nan	nan	nan	nan	0
4	4.08216943e+00	5.00000000e+00	4.28885984e+00	ceers-full-grizli-v7.2	24053	2.00000000e+01	nan	nan	nan	nan	0
4	4.08216943e+00	5.00000000e+00	4.28885984e+00	ceers-full-grizli-v7.2	24053	2.15000000e+01	nan	nan	nan	nan	0
4	4.08216943e+00	5.00000000e+00	4.28885984e+00	ceers-full-grizli-v7.2	24053	2.30000000e+01	nan	nan	nan	nan	0
4	4.08216943e+00	5.00000000e+00	4.28885984e+00	ceers-full-grizli-v7.2	24053	2.45000000e+01	nan	nan	nan	nan	0
4	4.08216943e+00	5.00000000e+00	4.28885984e+00	ceers-full-grizli-v7.2	24053	2.60000000e+01	nan	nan	nan	nan	0
4	4.08216943e+00	5.00000000e+00	4.28885984e+00	ceers-full-grizli-v7.2	24053	2.75000000e+01	nan	nan	nan	nan	0
4	4.08216943e+00	5.00000000e+00	4.28885984e+00	ceers-full-grizli-v7.2	24053	2.90000000e+01	nan	nan	nan	nan	0
4	4.08216943e+00	5.00000000e+00	4.28885984e+00	ceers-full-grizli-v7.2	24053	3.05000000e+01	nan	nan	nan	nan	0
4	4.08216943e+00	5.00000000e+00	4.49786091e+00	ceers-full-grizli-v7.2	24948	5.00000000e-01	2.90982364e+09	7.81036849e+00	2.68413810e-09	4.40477006e-01	1
4	4.08216943e+00	5.00000000e+00	4.49786091e+00	ceers-full-grizli-v7.2	24948	2.00000000e+00	2.34230180e+08	9.50843362e-01	4.05944000e-09	2.53073222e-01	1
4	4.08216943e+00	5.00000000e+00	4.49786091e+00	ceers-full-grizli-v7.2	24948	3.50000000e+00	6.52989651e+07	2.28084706e-01	3.49292987e-09	2.40463770e-01	1
4	4.08216943e+00	5.00000000e+00	4.49786091e+00	ceers-full-grizli-v7.2	24948	5.00000000e+00	4.41618538e+07	1.47918582e-01	3.34946497e-09	2.16736793e-01	1
4	4.08216943e+00	5.00000000e+00	4.49786091e+00	ceers-full-grizli-v7.2	24948	6.50000000e+00	nan	nan	nan	nan	1
4	4.08216943e+00	5.00000000e+00	4.49786091e+00	ceers-full-grizli-v7.2	24948	8.00000000e+00	nan	nan	nan	nan	0
4	4.08216943e+00	5.00000000e+00	4.49786091e+00	ceers-full-grizli-v7.2	24948	9.50000000e+00	nan	nan	nan	nan	0
4	4.08216943e+00	5.00000000e+00	4.49786091e+00	ceers-full-grizli-v7.2	24948	1.10000000e+01	nan	nan	nan	nan	0
4	4.08216943e+00	5.00000000e+00	4.49786091e+00	ceers-full-grizli-v7.2	24948	1.25000000e+01	nan	nan	nan	nan	0
4	4.08216943e+00	5.00000000e+00	4.49786091e+00	ceers-full-grizli-v7.2	24948	1.40000000e+01	nan	nan	nan	nan	0
4	4.08216943e+00	5.00000000e+00	4.49786091e+00	ceers-full-grizli-v7.2	24948	1.55000000e+01	nan	nan	nan	nan	0
4	4.08216943e+00	5.00000000e+00	4.49786091e+00	ceers-full-grizli-v7.2	24948	1.70000000e+01	nan	nan	nan	nan	0
4	4.08216943e+00	5.00000000e+00	4.49786091e+00	ceers-full-grizli-v7.2	24948	1.85000000e+01	nan	nan	nan	nan	0
4	4.08216943e+00	5.00000000e+00	4.49786091e+00	ceers-full-grizli-v7.2	24948	2.00000000e+01	nan	nan	nan	nan	0
4	4.08216943e+00	5.00000000e+00	4.49786091e+00	ceers-full-grizli-v7.2	24948	2.15000000e+01	nan	nan	nan	nan	0
4	4.08216943e+00	5.00000000e+00	4.49786091e+00	ceers-full-grizli-v7.2	24948	2.30000000e+01	nan	nan	nan	nan	0
4	4.08216943e+00	5.00000000e+00	4.49786091e+00	ceers-full-grizli-v7.2	24948	2.45000000e+01	nan	nan	nan	nan	0
4	4.08216943e+00	5.00000000e+00	4.49786091e+00	ceers-full-grizli-v7.2	24948	2.60000000e+01	nan	nan	nan	nan	0
4	4.08216943e+00	5.00000000e+00	4.49786091e+00	ceers-full-grizli-v7.2	24948	2.75000000e+01	nan	nan	nan	nan	0
4	4.08216943e+00	5.00000000e+00	4.49786091e+00	ceers-full-grizli-v7.2	24948	2.90000000e+01	nan	nan	nan	nan	0
4	4.08216943e+00	5.00000000e+00	4.49786091e+00	ceers-full-grizli-v7.2	24948	3.05000000e+01	nan	nan	nan	nan	0
4	4.08216943e+00	5.00000000e+00	4.40577364e+00	ceers-full-grizli-v7.2	29533	5.00000000e-01	8.01460673e+08	3.56299807e+00	4.44563057e-09	1.68025027e-01	1
4	4.08216943e+00	5.00000000e+00	4.40577364e+00	ceers-full-grizli-v7.2	29533	2.00000000e+00	2.63413128e+08	1.08186828e+00	4.10711602e-09	1.94181139e-01	1
4	4.08216943e+00	5.00000000e+00	4.40577364e+00	ceers-full-grizli-v7.2	29533	3.50000000e+00	8.90757382e+07	3.48243818e-01	3.90952491e-09	2.00543689e-01	1
4	4.08216943e+00	5.00000000e+00	4.40577364e+00	ceers-full-grizli-v7.2	29533	5.00000000e+00	4.74294263e+07	1.97510062e-01	4.16429370e-09	1.83814862e-01	1
4	4.08216943e+00	5.00000000e+00	4.40577364e+00	ceers-full-grizli-v7.2	29533	6.50000000e+00	nan	nan	nan	nan	1
4	4.08216943e+00	5.00000000e+00	4.40577364e+00	ceers-full-grizli-v7.2	29533	8.00000000e+00	nan	nan	nan	nan	0
4	4.08216943e+00	5.00000000e+00	4.40577364e+00	ceers-full-grizli-v7.2	29533	9.50000000e+00	nan	nan	nan	nan	0
4	4.08216943e+00	5.00000000e+00	4.40577364e+00	ceers-full-grizli-v7.2	29533	1.10000000e+01	nan	nan	nan	nan	0
4	4.08216943e+00	5.00000000e+00	4.40577364e+00	ceers-full-grizli-v7.2	29533	1.25000000e+01	nan	nan	nan	nan	0
4	4.08216943e+00	5.00000000e+00	4.40577364e+00	ceers-full-grizli-v7.2	29533	1.40000000e+01	nan	nan	nan	nan	0
4	4.08216943e+00	5.00000000e+00	4.40577364e+00	ceers-full-grizli-v7.2	29533	1.55000000e+01	nan	nan	nan	nan	0
4	4.08216943e+00	5.00000000e+00	4.40577364e+00	ceers-full-grizli-v7.2	29533	1.70000000e+01	nan	nan	nan	nan	0
4	4.08216943e+00	5.00000000e+00	4.40577364e+00	ceers-full-grizli-v7.2	29533	1.85000000e+01	nan	nan	nan	nan	0
4	4.08216943e+00	5.00000000e+00	4.40577364e+00	ceers-full-grizli-v7.2	29533	2.00000000e+01	nan	nan	nan	nan	0
4	4.08216943e+00	5.00000000e+00	4.40577364e+00	ceers-full-grizli-v7.2	29533	2.15000000e+01	nan	nan	nan	nan	0
4	4.08216943e+00	5.00000000e+00	4.40577364e+00	ceers-full-grizli-v7.2	29533	2.30000000e+01	nan	nan	nan	nan	0
4	4.08216943e+00	5.00000000e+00	4.40577364e+00	ceers-full-grizli-v7.2	29533	2.45000000e+01	nan	nan	nan	nan	0
4	4.08216943e+00	5.00000000e+00	4.40577364e+00	ceers-full-grizli-v7.2	29533	2.60000000e+01	nan	nan	nan	nan	0
4	4.08216943e+00	5.00000000e+00	4.40577364e+00	ceers-full-grizli-v7.2	29533	2.75000000e+01	nan	nan	nan	nan	0
4	4.08216943e+00	5.00000000e+00	4.40577364e+00	ceers-full-grizli-v7.2	29533	2.90000000e+01	nan	nan	nan	nan	0
4	4.08216943e+00	5.00000000e+00	4.40577364e+00	ceers-full-grizli-v7.2	29533	3.05000000e+01	nan	nan	nan	nan	0
4	4.08216943e+00	5.00000000e+00	4.17147684e+00	ceers-full-grizli-v7.2	39794	5.00000000e-01	7.94007932e+08	4.42584886e+00	5.57406126e-09	1.34828247e-01	1
4	4.08216943e+00	5.00000000e+00	4.17147684e+00	ceers-full-grizli-v7.2	39794	2.00000000e+00	1.99080260e+08	1.14698631e+00	5.76142662e-09	1.45781146e-01	1
4	4.08216943e+00	5.00000000e+00	4.17147684e+00	ceers-full-grizli-v7.2	39794	3.50000000e+00	5.00919600e+07	2.49469456e-01	4.98022948e-09	1.67096748e-01	1
4	4.08216943e+00	5.00000000e+00	4.17147684e+00	ceers-full-grizli-v7.2	39794	5.00000000e+00	3.42927642e+07	1.18508023e-01	3.45577341e-09	1.76973902e-01	1
4	4.08216943e+00	5.00000000e+00	4.17147684e+00	ceers-full-grizli-v7.2	39794	6.50000000e+00	nan	nan	nan	nan	1
4	4.08216943e+00	5.00000000e+00	4.17147684e+00	ceers-full-grizli-v7.2	39794	8.00000000e+00	nan	nan	nan	nan	0
4	4.08216943e+00	5.00000000e+00	4.17147684e+00	ceers-full-grizli-v7.2	39794	9.50000000e+00	nan	nan	nan	nan	0
4	4.08216943e+00	5.00000000e+00	4.17147684e+00	ceers-full-grizli-v7.2	39794	1.10000000e+01	nan	nan	nan	nan	0
4	4.08216943e+00	5.00000000e+00	4.17147684e+00	ceers-full-grizli-v7.2	39794	1.25000000e+01	nan	nan	nan	nan	0
4	4.08216943e+00	5.00000000e+00	4.17147684e+00	ceers-full-grizli-v7.2	39794	1.40000000e+01	nan	nan	nan	nan	0
4	4.08216943e+00	5.00000000e+00	4.17147684e+00	ceers-full-grizli-v7.2	39794	1.55000000e+01	nan	nan	nan	nan	0
4	4.08216943e+00	5.00000000e+00	4.17147684e+00	ceers-full-grizli-v7.2	39794	1.70000000e+01	nan	nan	nan	nan	0
4	4.08216943e+00	5.00000000e+00	4.17147684e+00	ceers-full-grizli-v7.2	39794	1.85000000e+01	nan	nan	nan	nan	0
4	4.08216943e+00	5.00000000e+00	4.17147684e+00	ceers-full-grizli-v7.2	39794	2.00000000e+01	nan	nan	nan	nan	0
4	4.08216943e+00	5.00000000e+00	4.17147684e+00	ceers-full-grizli-v7.2	39794	2.15000000e+01	nan	nan	nan	nan	0
4	4.08216943e+00	5.00000000e+00	4.17147684e+00	ceers-full-grizli-v7.2	39794	2.30000000e+01	nan	nan	nan	nan	0
4	4.08216943e+00	5.00000000e+00	4.17147684e+00	ceers-full-grizli-v7.2	39794	2.45000000e+01	nan	nan	nan	nan	0
4	4.08216943e+00	5.00000000e+00	4.17147684e+00	ceers-full-grizli-v7.2	39794	2.60000000e+01	nan	nan	nan	nan	0
4	4.08216943e+00	5.00000000e+00	4.17147684e+00	ceers-full-grizli-v7.2	39794	2.75000000e+01	nan	nan	nan	nan	0
4	4.08216943e+00	5.00000000e+00	4.17147684e+00	ceers-full-grizli-v7.2	39794	2.90000000e+01	nan	nan	nan	nan	0
4	4.08216943e+00	5.00000000e+00	4.17147684e+00	ceers-full-grizli-v7.2	39794	3.05000000e+01	nan	nan	nan	nan	0
4	4.08216943e+00	5.00000000e+00	4.35458469e+00	ceers-full-grizli-v7.2	52109	5.00000000e-01	1.71643192e+09	7.13336935e+00	4.15592908e-09	1.87267638e-01	1
4	4.08216943e+00	5.00000000e+00	4.35458469e+00	ceers-full-grizli-v7.2	52109	2.00000000e+00	5.60417063e+08	2.86208802e+00	5.10706795e-09	1.66352628e-01	1
4	4.08216943e+00	5.00000000e+00	4.35458469e+00	ceers-full-grizli-v7.2	52109	3.50000000e+00	9.03770691e+07	5.03393965e-01	5.56993018e-09	1.54764903e-01	1
4	4.08216943e+00	5.00000000e+00	4.35458469e+00	ceers-full-grizli-v7.2	52109	5.00000000e+00	3.28075373e+07	2.03761647e-01	6.21081812e-09	1.41182404e-01	1
4	4.08216943e+00	5.00000000e+00	4.35458469e+00	ceers-full-grizli-v7.2	52109	6.50000000e+00	nan	nan	nan	nan	1
4	4.08216943e+00	5.00000000e+00	4.35458469e+00	ceers-full-grizli-v7.2	52109	8.00000000e+00	nan	nan	nan	nan	0
4	4.08216943e+00	5.00000000e+00	4.35458469e+00	ceers-full-grizli-v7.2	52109	9.50000000e+00	nan	nan	nan	nan	0
4	4.08216943e+00	5.00000000e+00	4.35458469e+00	ceers-full-grizli-v7.2	52109	1.10000000e+01	nan	nan	nan	nan	0
4	4.08216943e+00	5.00000000e+00	4.35458469e+00	ceers-full-grizli-v7.2	52109	1.25000000e+01	nan	nan	nan	nan	0
4	4.08216943e+00	5.00000000e+00	4.35458469e+00	ceers-full-grizli-v7.2	52109	1.40000000e+01	nan	nan	nan	nan	0
4	4.08216943e+00	5.00000000e+00	4.35458469e+00	ceers-full-grizli-v7.2	52109	1.55000000e+01	nan	nan	nan	nan	0
4	4.08216943e+00	5.00000000e+00	4.35458469e+00	ceers-full-grizli-v7.2	52109	1.70000000e+01	nan	nan	nan	nan	0
4	4.08216943e+00	5.00000000e+00	4.35458469e+00	ceers-full-grizli-v7.2	52109	1.85000000e+01	nan	nan	nan	nan	0
4	4.08216943e+00	5.00000000e+00	4.35458469e+00	ceers-full-grizli-v7.2	52109	2.00000000e+01	nan	nan	nan	nan	0
4	4.08216943e+00	5.00000000e+00	4.35458469e+00	ceers-full-grizli-v7.2	52109	2.15000000e+01	nan	nan	nan	nan	0
4	4.08216943e+00	5.00000000e+00	4.35458469e+00	ceers-full-grizli-v7.2	52109	2.30000000e+01	nan	nan	nan	nan	0
4	4.08216943e+00	5.00000000e+00	4.35458469e+00	ceers-full-grizli-v7.2	52109	2.45000000e+01	nan	nan	nan	nan	0
4	4.08216943e+00	5.00000000e+00	4.35458469e+00	ceers-full-grizli-v7.2	52109	2.60000000e+01	nan	nan	nan	nan	0
4	4.08216943e+00	5.00000000e+00	4.35458469e+00	ceers-full-grizli-v7.2	52109	2.75000000e+01	nan	nan	nan	nan	0
4	4.08216943e+00	5.00000000e+00	4.35458469e+00	ceers-full-grizli-v7.2	52109	2.90000000e+01	nan	nan	nan	nan	0
4	4.08216943e+00	5.00000000e+00	4.35458469e+00	ceers-full-grizli-v7.2	52109	3.05000000e+01	nan	nan	nan	nan	0
4	4.08216943e+00	5.00000000e+00	4.30234480e+00	ceers-full-grizli-v7.2	56394	5.00000000e-01	5.61223938e+08	2.58313841e+00	4.60268752e-09	1.59106883e-01	1
4	4.08216943e+00	5.00000000e+00	4.30234480e+00	ceers-full-grizli-v7.2	56394	2.00000000e+00	1.79145785e+08	1.09160080e+00	6.09336580e-09	1.29925472e-01	1
4	4.08216943e+00	5.00000000e+00	4.30234480e+00	ceers-full-grizli-v7.2	56394	3.50000000e+00	7.76521460e+07	4.40275435e-01	5.66984247e-09	1.35632698e-01	1
4	4.08216943e+00	5.00000000e+00	4.30234480e+00	ceers-full-grizli-v7.2	56394	5.00000000e+00	6.95343086e+07	3.29352198e-01	4.73654236e-09	1.59642283e-01	1
4	4.08216943e+00	5.00000000e+00	4.30234480e+00	ceers-full-grizli-v7.2	56394	6.50000000e+00	4.17299416e+07	2.02612744e-01	4.85533255e-09	1.69051004e-01	1
4	4.08216943e+00	5.00000000e+00	4.30234480e+00	ceers-full-grizli-v7.2	56394	8.00000000e+00	3.88639453e+07	1.57172428e-01	4.04417067e-09	1.85620192e-01	0
4	4.08216943e+00	5.00000000e+00	4.30234480e+00	ceers-full-grizli-v7.2	56394	9.50000000e+00	nan	nan	nan	nan	0
4	4.08216943e+00	5.00000000e+00	4.30234480e+00	ceers-full-grizli-v7.2	56394	1.10000000e+01	nan	nan	nan	nan	0
4	4.08216943e+00	5.00000000e+00	4.30234480e+00	ceers-full-grizli-v7.2	56394	1.25000000e+01	nan	nan	nan	nan	0
4	4.08216943e+00	5.00000000e+00	4.30234480e+00	ceers-full-grizli-v7.2	56394	1.40000000e+01	nan	nan	nan	nan	0
4	4.08216943e+00	5.00000000e+00	4.30234480e+00	ceers-full-grizli-v7.2	56394	1.55000000e+01	nan	nan	nan	nan	0
4	4.08216943e+00	5.00000000e+00	4.30234480e+00	ceers-full-grizli-v7.2	56394	1.70000000e+01	nan	nan	nan	nan	0
4	4.08216943e+00	5.00000000e+00	4.30234480e+00	ceers-full-grizli-v7.2	56394	1.85000000e+01	nan	nan	nan	nan	0
4	4.08216943e+00	5.00000000e+00	4.30234480e+00	ceers-full-grizli-v7.2	56394	2.00000000e+01	nan	nan	nan	nan	0
4	4.08216943e+00	5.00000000e+00	4.30234480e+00	ceers-full-grizli-v7.2	56394	2.15000000e+01	nan	nan	nan	nan	0
4	4.08216943e+00	5.00000000e+00	4.30234480e+00	ceers-full-grizli-v7.2	56394	2.30000000e+01	nan	nan	nan	nan	0
4	4.08216943e+00	5.00000000e+00	4.30234480e+00	ceers-full-grizli-v7.2	56394	2.45000000e+01	nan	nan	nan	nan	0
4	4.08216943e+00	5.00000000e+00	4.30234480e+00	ceers-full-grizli-v7.2	56394	2.60000000e+01	nan	nan	nan	nan	0
4	4.08216943e+00	5.00000000e+00	4.30234480e+00	ceers-full-grizli-v7.2	56394	2.75000000e+01	nan	nan	nan	nan	0
4	4.08216943e+00	5.00000000e+00	4.30234480e+00	ceers-full-grizli-v7.2	56394	2.90000000e+01	nan	nan	nan	nan	0
4	4.08216943e+00	5.00000000e+00	4.30234480e+00	ceers-full-grizli-v7.2	56394	3.05000000e+01	nan	nan	nan	nan	0
4	4.08216943e+00	5.00000000e+00	4.63033247e+00	ceers-full-grizli-v7.2	56826	5.00000000e-01	2.15211120e+09	1.07338265e+01	4.98757988e-09	1.59004647e-01	1
4	4.08216943e+00	5.00000000e+00	4.63033247e+00	ceers-full-grizli-v7.2	56826	2.00000000e+00	3.43190836e+08	1.95329195e+00	5.69156208e-09	1.68819059e-01	1
4	4.08216943e+00	5.00000000e+00	4.63033247e+00	ceers-full-grizli-v7.2	56826	3.50000000e+00	1.22916654e+08	8.60235490e-01	6.99852674e-09	1.85205749e-01	1
4	4.08216943e+00	5.00000000e+00	4.63033247e+00	ceers-full-grizli-v7.2	56826	5.00000000e+00	nan	nan	nan	nan	1
4	4.08216943e+00	5.00000000e+00	4.63033247e+00	ceers-full-grizli-v7.2	56826	6.50000000e+00	nan	nan	nan	nan	1
4	4.08216943e+00	5.00000000e+00	4.63033247e+00	ceers-full-grizli-v7.2	56826	8.00000000e+00	nan	nan	nan	nan	0
4	4.08216943e+00	5.00000000e+00	4.63033247e+00	ceers-full-grizli-v7.2	56826	9.50000000e+00	nan	nan	nan	nan	0
4	4.08216943e+00	5.00000000e+00	4.63033247e+00	ceers-full-grizli-v7.2	56826	1.10000000e+01	nan	nan	nan	nan	0
4	4.08216943e+00	5.00000000e+00	4.63033247e+00	ceers-full-grizli-v7.2	56826	1.25000000e+01	nan	nan	nan	nan	0
4	4.08216943e+00	5.00000000e+00	4.63033247e+00	ceers-full-grizli-v7.2	56826	1.40000000e+01	nan	nan	nan	nan	0
4	4.08216943e+00	5.00000000e+00	4.63033247e+00	ceers-full-grizli-v7.2	56826	1.55000000e+01	nan	nan	nan	nan	0
4	4.08216943e+00	5.00000000e+00	4.63033247e+00	ceers-full-grizli-v7.2	56826	1.70000000e+01	nan	nan	nan	nan	0
4	4.08216943e+00	5.00000000e+00	4.63033247e+00	ceers-full-grizli-v7.2	56826	1.85000000e+01	nan	nan	nan	nan	0
4	4.08216943e+00	5.00000000e+00	4.63033247e+00	ceers-full-grizli-v7.2	56826	2.00000000e+01	nan	nan	nan	nan	0
4	4.08216943e+00	5.00000000e+00	4.63033247e+00	ceers-full-grizli-v7.2	56826	2.15000000e+01	nan	nan	nan	nan	0
4	4.08216943e+00	5.00000000e+00	4.63033247e+00	ceers-full-grizli-v7.2	56826	2.30000000e+01	nan	nan	nan	nan	0
4	4.08216943e+00	5.00000000e+00	4.63033247e+00	ceers-full-grizli-v7.2	56826	2.45000000e+01	nan	nan	nan	nan	0
4	4.08216943e+00	5.00000000e+00	4.63033247e+00	ceers-full-grizli-v7.2	56826	2.60000000e+01	nan	nan	nan	nan	0
4	4.08216943e+00	5.00000000e+00	4.63033247e+00	ceers-full-grizli-v7.2	56826	2.75000000e+01	nan	nan	nan	nan	0
4	4.08216943e+00	5.00000000e+00	4.63033247e+00	ceers-full-grizli-v7.2	56826	2.90000000e+01	nan	nan	nan	nan	0
4	4.08216943e+00	5.00000000e+00	4.63033247e+00	ceers-full-grizli-v7.2	56826	3.05000000e+01	nan	nan	nan	nan	0
4	4.08216943e+00	5.00000000e+00	4.57240391e+00	ceers-full-grizli-v7.2	63149	5.00000000e-01	1.62045793e+09	9.83835618e+00	6.07134316e-09	1.91063845e-01	1
4	4.08216943e+00	5.00000000e+00	4.57240391e+00	ceers-full-grizli-v7.2	63149	2.00000000e+00	2.01426271e+08	1.07377055e+00	5.33083667e-09	1.65122771e-01	1
4	4.08216943e+00	5.00000000e+00	4.57240391e+00	ceers-full-grizli-v7.2	63149	3.50000000e+00	7.37359969e+07	4.15740458e-01	5.63822929e-09	1.51157714e-01	1
4	4.08216943e+00	5.00000000e+00	4.57240391e+00	ceers-full-grizli-v7.2	63149	5.00000000e+00	6.54679193e+07	3.15411335e-01	4.81779990e-09	1.73211673e-01	1
4	4.08216943e+00	5.00000000e+00	4.57240391e+00	ceers-full-grizli-v7.2	63149	6.50000000e+00	2.74565699e+07	1.10927517e-01	4.04010835e-09	1.80409873e-01	1
4	4.08216943e+00	5.00000000e+00	4.57240391e+00	ceers-full-grizli-v7.2	63149	8.00000000e+00	nan	nan	nan	nan	0
4	4.08216943e+00	5.00000000e+00	4.57240391e+00	ceers-full-grizli-v7.2	63149	9.50000000e+00	nan	nan	nan	nan	0
4	4.08216943e+00	5.00000000e+00	4.57240391e+00	ceers-full-grizli-v7.2	63149	1.10000000e+01	nan	nan	nan	nan	0
4	4.08216943e+00	5.00000000e+00	4.57240391e+00	ceers-full-grizli-v7.2	63149	1.25000000e+01	nan	nan	nan	nan	0
4	4.08216943e+00	5.00000000e+00	4.57240391e+00	ceers-full-grizli-v7.2	63149	1.40000000e+01	nan	nan	nan	nan	0
4	4.08216943e+00	5.00000000e+00	4.57240391e+00	ceers-full-grizli-v7.2	63149	1.55000000e+01	nan	nan	nan	nan	0
4	4.08216943e+00	5.00000000e+00	4.57240391e+00	ceers-full-grizli-v7.2	63149	1.70000000e+01	nan	nan	nan	nan	0
4	4.08216943e+00	5.00000000e+00	4.57240391e+00	ceers-full-grizli-v7.2	63149	1.85000000e+01	nan	nan	nan	nan	0
4	4.08216943e+00	5.00000000e+00	4.57240391e+00	ceers-full-grizli-v7.2	63149	2.00000000e+01	nan	nan	nan	nan	0
4	4.08216943e+00	5.00000000e+00	4.57240391e+00	ceers-full-grizli-v7.2	63149	2.15000000e+01	nan	nan	nan	nan	0
4	4.08216943e+00	5.00000000e+00	4.57240391e+00	ceers-full-grizli-v7.2	63149	2.30000000e+01	nan	nan	nan	nan	0
4	4.08216943e+00	5.00000000e+00	4.57240391e+00	ceers-full-grizli-v7.2	63149	2.45000000e+01	nan	nan	nan	nan	0
4	4.08216943e+00	5.00000000e+00	4.57240391e+00	ceers-full-grizli-v7.2	63149	2.60000000e+01	nan	nan	nan	nan	0
4	4.08216943e+00	5.00000000e+00	4.57240391e+00	ceers-full-grizli-v7.2	63149	2.75000000e+01	nan	nan	nan	nan	0
4	4.08216943e+00	5.00000000e+00	4.57240391e+00	ceers-full-grizli-v7.2	63149	2.90000000e+01	nan	nan	nan	nan	0
4	4.08216943e+00	5.00000000e+00	4.57240391e+00	ceers-full-grizli-v7.2	63149	3.05000000e+01	nan	nan	nan	nan	0
4	4.08216943e+00	5.00000000e+00	4.45825958e+00	ceers-full-grizli-v7.2	71333	5.00000000e-01	1.79578299e+09	1.06164144e+01	5.91185818e-09	1.80305184e-01	1
4	4.08216943e+00	5.00000000e+00	4.45825958e+00	ceers-full-grizli-v7.2	71333	2.00000000e+00	5.20658944e+08	2.29341930e+00	4.40483992e-09	1.83982697e-01	1
4	4.08216943e+00	5.00000000e+00	4.45825958e+00	ceers-full-grizli-v7.2	71333	3.50000000e+00	2.02213359e+08	9.35760599e-01	4.62759039e-09	1.81747130e-01	1
4	4.08216943e+00	5.00000000e+00	4.45825958e+00	ceers-full-grizli-v7.2	71333	5.00000000e+00	1.26230487e+08	5.62307581e-01	4.45460994e-09	1.90469832e-01	1
4	4.08216943e+00	5.00000000e+00	4.45825958e+00	ceers-full-grizli-v7.2	71333	6.50000000e+00	7.41181124e+07	3.20020636e-01	4.31771164e-09	1.96333371e-01	1
4	4.08216943e+00	5.00000000e+00	4.45825958e+00	ceers-full-grizli-v7.2	71333	8.00000000e+00	nan	nan	nan	nan	0
4	4.08216943e+00	5.00000000e+00	4.45825958e+00	ceers-full-grizli-v7.2	71333	9.50000000e+00	nan	nan	nan	nan	0
4	4.08216943e+00	5.00000000e+00	4.45825958e+00	ceers-full-grizli-v7.2	71333	1.10000000e+01	nan	nan	nan	nan	0
4	4.08216943e+00	5.00000000e+00	4.45825958e+00	ceers-full-grizli-v7.2	71333	1.25000000e+01	nan	nan	nan	nan	0
4	4.08216943e+00	5.00000000e+00	4.45825958e+00	ceers-full-grizli-v7.2	71333	1.40000000e+01	nan	nan	nan	nan	0
4	4.08216943e+00	5.00000000e+00	4.45825958e+00	ceers-full-grizli-v7.2	71333	1.55000000e+01	nan	nan	nan	nan	0
4	4.08216943e+00	5.00000000e+00	4.45825958e+00	ceers-full-grizli-v7.2	71333	1.70000000e+01	nan	nan	nan	nan	0
4	4.08216943e+00	5.00000000e+00	4.45825958e+00	ceers-full-grizli-v7.2	71333	1.85000000e+01	nan	nan	nan	nan	0
4	4.08216943e+00	5.00000000e+00	4.45825958e+00	ceers-full-grizli-v7.2	71333	2.00000000e+01	nan	nan	nan	nan	0
4	4.08216943e+00	5.00000000e+00	4.45825958e+00	ceers-full-grizli-v7.2	71333	2.15000000e+01	nan	nan	nan	nan	0
4	4.08216943e+00	5.00000000e+00	4.45825958e+00	ceers-full-grizli-v7.2	71333	2.30000000e+01	nan	nan	nan	nan	0
4	4.08216943e+00	5.00000000e+00	4.45825958e+00	ceers-full-grizli-v7.2	71333	2.45000000e+01	nan	nan	nan	nan	0
4	4.08216943e+00	5.00000000e+00	4.45825958e+00	ceers-full-grizli-v7.2	71333	2.60000000e+01	nan	nan	nan	nan	0
4	4.08216943e+00	5.00000000e+00	4.45825958e+00	ceers-full-grizli-v7.2	71333	2.75000000e+01	nan	nan	nan	nan	0
4	4.08216943e+00	5.00000000e+00	4.45825958e+00	ceers-full-grizli-v7.2	71333	2.90000000e+01	nan	nan	nan	nan	0
4	4.08216943e+00	5.00000000e+00	4.45825958e+00	ceers-full-grizli-v7.2	71333	3.05000000e+01	nan	nan	nan	nan	0
4	4.08216943e+00	5.00000000e+00	4.29545593e+00	primer-cosmos-east-grizli-v7.0	4531	5.00000000e-01	1.34563161e+09	5.80819728e+00	4.31633533e-09	1.89659056e-01	1
4	4.08216943e+00	5.00000000e+00	4.29545593e+00	primer-cosmos-east-grizli-v7.0	4531	2.00000000e+00	nan	nan	nan	nan	1
4	4.08216943e+00	5.00000000e+00	4.29545593e+00	primer-cosmos-east-grizli-v7.0	4531	3.50000000e+00	nan	nan	nan	nan	1
4	4.08216943e+00	5.00000000e+00	4.29545593e+00	primer-cosmos-east-grizli-v7.0	4531	5.00000000e+00	nan	nan	nan	nan	1
4	4.08216943e+00	5.00000000e+00	4.29545593e+00	primer-cosmos-east-grizli-v7.0	4531	6.50000000e+00	nan	nan	nan	nan	1
4	4.08216943e+00	5.00000000e+00	4.29545593e+00	primer-cosmos-east-grizli-v7.0	4531	8.00000000e+00	nan	nan	nan	nan	0
4	4.08216943e+00	5.00000000e+00	4.29545593e+00	primer-cosmos-east-grizli-v7.0	4531	9.50000000e+00	nan	nan	nan	nan	0
4	4.08216943e+00	5.00000000e+00	4.29545593e+00	primer-cosmos-east-grizli-v7.0	4531	1.10000000e+01	nan	nan	nan	nan	0
4	4.08216943e+00	5.00000000e+00	4.29545593e+00	primer-cosmos-east-grizli-v7.0	4531	1.25000000e+01	nan	nan	nan	nan	0
4	4.08216943e+00	5.00000000e+00	4.29545593e+00	primer-cosmos-east-grizli-v7.0	4531	1.40000000e+01	nan	nan	nan	nan	0
4	4.08216943e+00	5.00000000e+00	4.29545593e+00	primer-cosmos-east-grizli-v7.0	4531	1.55000000e+01	nan	nan	nan	nan	0
4	4.08216943e+00	5.00000000e+00	4.29545593e+00	primer-cosmos-east-grizli-v7.0	4531	1.70000000e+01	nan	nan	nan	nan	0
4	4.08216943e+00	5.00000000e+00	4.29545593e+00	primer-cosmos-east-grizli-v7.0	4531	1.85000000e+01	nan	nan	nan	nan	0
4	4.08216943e+00	5.00000000e+00	4.29545593e+00	primer-cosmos-east-grizli-v7.0	4531	2.00000000e+01	nan	nan	nan	nan	0
4	4.08216943e+00	5.00000000e+00	4.29545593e+00	primer-cosmos-east-grizli-v7.0	4531	2.15000000e+01	nan	nan	nan	nan	0
4	4.08216943e+00	5.00000000e+00	4.29545593e+00	primer-cosmos-east-grizli-v7.0	4531	2.30000000e+01	nan	nan	nan	nan	0
4	4.08216943e+00	5.00000000e+00	4.29545593e+00	primer-cosmos-east-grizli-v7.0	4531	2.45000000e+01	nan	nan	nan	nan	0
4	4.08216943e+00	5.00000000e+00	4.29545593e+00	primer-cosmos-east-grizli-v7.0	4531	2.60000000e+01	nan	nan	nan	nan	0
4	4.08216943e+00	5.00000000e+00	4.29545593e+00	primer-cosmos-east-grizli-v7.0	4531	2.75000000e+01	nan	nan	nan	nan	0
4	4.08216943e+00	5.00000000e+00	4.29545593e+00	primer-cosmos-east-grizli-v7.0	4531	2.90000000e+01	nan	nan	nan	nan	0
4	4.08216943e+00	5.00000000e+00	4.29545593e+00	primer-cosmos-east-grizli-v7.0	4531	3.05000000e+01	nan	nan	nan	nan	0
4	4.08216943e+00	5.00000000e+00	4.54306650e+00	primer-cosmos-east-grizli-v7.0	32928	5.00000000e-01	1.51089571e+09	5.20934102e+00	3.44784950e-09	2.32983331e-01	1
4	4.08216943e+00	5.00000000e+00	4.54306650e+00	primer-cosmos-east-grizli-v7.0	32928	2.00000000e+00	nan	nan	nan	nan	1
4	4.08216943e+00	5.00000000e+00	4.54306650e+00	primer-cosmos-east-grizli-v7.0	32928	3.50000000e+00	nan	nan	nan	nan	1
4	4.08216943e+00	5.00000000e+00	4.54306650e+00	primer-cosmos-east-grizli-v7.0	32928	5.00000000e+00	nan	nan	nan	nan	1
4	4.08216943e+00	5.00000000e+00	4.54306650e+00	primer-cosmos-east-grizli-v7.0	32928	6.50000000e+00	nan	nan	nan	nan	1
4	4.08216943e+00	5.00000000e+00	4.54306650e+00	primer-cosmos-east-grizli-v7.0	32928	8.00000000e+00	nan	nan	nan	nan	0
4	4.08216943e+00	5.00000000e+00	4.54306650e+00	primer-cosmos-east-grizli-v7.0	32928	9.50000000e+00	nan	nan	nan	nan	0
4	4.08216943e+00	5.00000000e+00	4.54306650e+00	primer-cosmos-east-grizli-v7.0	32928	1.10000000e+01	nan	nan	nan	nan	0
4	4.08216943e+00	5.00000000e+00	4.54306650e+00	primer-cosmos-east-grizli-v7.0	32928	1.25000000e+01	nan	nan	nan	nan	0
4	4.08216943e+00	5.00000000e+00	4.54306650e+00	primer-cosmos-east-grizli-v7.0	32928	1.40000000e+01	nan	nan	nan	nan	0
4	4.08216943e+00	5.00000000e+00	4.54306650e+00	primer-cosmos-east-grizli-v7.0	32928	1.55000000e+01	nan	nan	nan	nan	0
4	4.08216943e+00	5.00000000e+00	4.54306650e+00	primer-cosmos-east-grizli-v7.0	32928	1.70000000e+01	nan	nan	nan	nan	0
4	4.08216943e+00	5.00000000e+00	4.54306650e+00	primer-cosmos-east-grizli-v7.0	32928	1.85000000e+01	nan	nan	nan	nan	0
4	4.08216943e+00	5.00000000e+00	4.54306650e+00	primer-cosmos-east-grizli-v7.0	32928	2.00000000e+01	nan	nan	nan	nan	0
4	4.08216943e+00	5.00000000e+00	4.54306650e+00	primer-cosmos-east-grizli-v7.0	32928	2.15000000e+01	nan	nan	nan	nan	0
4	4.08216943e+00	5.00000000e+00	4.54306650e+00	primer-cosmos-east-grizli-v7.0	32928	2.30000000e+01	nan	nan	nan	nan	0
4	4.08216943e+00	5.00000000e+00	4.54306650e+00	primer-cosmos-east-grizli-v7.0	32928	2.45000000e+01	nan	nan	nan	nan	0
4	4.08216943e+00	5.00000000e+00	4.54306650e+00	primer-cosmos-east-grizli-v7.0	32928	2.60000000e+01	nan	nan	nan	nan	0
4	4.08216943e+00	5.00000000e+00	4.54306650e+00	primer-cosmos-east-grizli-v7.0	32928	2.75000000e+01	nan	nan	nan	nan	0
4	4.08216943e+00	5.00000000e+00	4.54306650e+00	primer-cosmos-east-grizli-v7.0	32928	2.90000000e+01	nan	nan	nan	nan	0
4	4.08216943e+00	5.00000000e+00	4.54306650e+00	primer-cosmos-east-grizli-v7.0	32928	3.05000000e+01	nan	nan	nan	nan	0
4	4.08216943e+00	5.00000000e+00	4.09000015e+00	primer-cosmos-east-grizli-v7.0	38353	5.00000000e-01	1.58332370e+09	2.49657052e+00	1.57679097e-09	4.94408172e-01	1
4	4.08216943e+00	5.00000000e+00	4.09000015e+00	primer-cosmos-east-grizli-v7.0	38353	2.00000000e+00	2.13613232e+08	5.44530184e-01	2.54914069e-09	3.16329108e-01	1
4	4.08216943e+00	5.00000000e+00	4.09000015e+00	primer-cosmos-east-grizli-v7.0	38353	3.50000000e+00	6.52642309e+07	1.72208022e-01	2.63862792e-09	2.70753745e-01	1
4	4.08216943e+00	5.00000000e+00	4.09000015e+00	primer-cosmos-east-grizli-v7.0	38353	5.00000000e+00	4.13801350e+07	1.76992368e-01	4.27723031e-09	2.20992070e-01	1
4	4.08216943e+00	5.00000000e+00	4.09000015e+00	primer-cosmos-east-grizli-v7.0	38353	6.50000000e+00	3.14134787e+07	1.12190015e-01	3.57139738e-09	2.22776936e-01	1
4	4.08216943e+00	5.00000000e+00	4.09000015e+00	primer-cosmos-east-grizli-v7.0	38353	8.00000000e+00	4.31946169e+07	1.13524410e-01	2.62820737e-09	2.13288417e-01	0
4	4.08216943e+00	5.00000000e+00	4.09000015e+00	primer-cosmos-east-grizli-v7.0	38353	9.50000000e+00	nan	nan	nan	nan	0
4	4.08216943e+00	5.00000000e+00	4.09000015e+00	primer-cosmos-east-grizli-v7.0	38353	1.10000000e+01	nan	nan	nan	nan	0
4	4.08216943e+00	5.00000000e+00	4.09000015e+00	primer-cosmos-east-grizli-v7.0	38353	1.25000000e+01	nan	nan	nan	nan	0
4	4.08216943e+00	5.00000000e+00	4.09000015e+00	primer-cosmos-east-grizli-v7.0	38353	1.40000000e+01	nan	nan	nan	nan	0
4	4.08216943e+00	5.00000000e+00	4.09000015e+00	primer-cosmos-east-grizli-v7.0	38353	1.55000000e+01	nan	nan	nan	nan	0
4	4.08216943e+00	5.00000000e+00	4.09000015e+00	primer-cosmos-east-grizli-v7.0	38353	1.70000000e+01	nan	nan	nan	nan	0
4	4.08216943e+00	5.00000000e+00	4.09000015e+00	primer-cosmos-east-grizli-v7.0	38353	1.85000000e+01	nan	nan	nan	nan	0
4	4.08216943e+00	5.00000000e+00	4.09000015e+00	primer-cosmos-east-grizli-v7.0	38353	2.00000000e+01	nan	nan	nan	nan	0
4	4.08216943e+00	5.00000000e+00	4.09000015e+00	primer-cosmos-east-grizli-v7.0	38353	2.15000000e+01	nan	nan	nan	nan	0
4	4.08216943e+00	5.00000000e+00	4.09000015e+00	primer-cosmos-east-grizli-v7.0	38353	2.30000000e+01	nan	nan	nan	nan	0
4	4.08216943e+00	5.00000000e+00	4.09000015e+00	primer-cosmos-east-grizli-v7.0	38353	2.45000000e+01	nan	nan	nan	nan	0
4	4.08216943e+00	5.00000000e+00	4.09000015e+00	primer-cosmos-east-grizli-v7.0	38353	2.60000000e+01	nan	nan	nan	nan	0
4	4.08216943e+00	5.00000000e+00	4.09000015e+00	primer-cosmos-east-grizli-v7.0	38353	2.75000000e+01	nan	nan	nan	nan	0
4	4.08216943e+00	5.00000000e+00	4.09000015e+00	primer-cosmos-east-grizli-v7.0	38353	2.90000000e+01	nan	nan	nan	nan	0
4	4.08216943e+00	5.00000000e+00	4.09000015e+00	primer-cosmos-east-grizli-v7.0	38353	3.05000000e+01	nan	nan	nan	nan	0
4	4.08216943e+00	5.00000000e+00	4.93112803e+00	primer-cosmos-east-grizli-v7.0	40610	5.00000000e-01	1.02195302e+09	6.08384034e+00	5.95315069e-09	1.26056111e-01	1
4	4.08216943e+00	5.00000000e+00	4.93112803e+00	primer-cosmos-east-grizli-v7.0	40610	2.00000000e+00	3.73935407e+08	1.79778418e+00	4.80773991e-09	1.67328447e-01	1
4	4.08216943e+00	5.00000000e+00	4.93112803e+00	primer-cosmos-east-grizli-v7.0	40610	3.50000000e+00	1.65938493e+08	8.98827259e-01	5.41662904e-09	1.84506173e-01	1
4	4.08216943e+00	5.00000000e+00	4.93112803e+00	primer-cosmos-east-grizli-v7.0	40610	5.00000000e+00	1.12632701e+08	6.03588628e-01	5.35891109e-09	1.67821791e-01	1
4	4.08216943e+00	5.00000000e+00	4.93112803e+00	primer-cosmos-east-grizli-v7.0	40610	6.50000000e+00	6.32881010e+07	3.71664549e-01	5.87258179e-09	1.56541004e-01	1
4	4.08216943e+00	5.00000000e+00	4.93112803e+00	primer-cosmos-east-grizli-v7.0	40610	8.00000000e+00	nan	nan	nan	nan	0
4	4.08216943e+00	5.00000000e+00	4.93112803e+00	primer-cosmos-east-grizli-v7.0	40610	9.50000000e+00	nan	nan	nan	nan	0
4	4.08216943e+00	5.00000000e+00	4.93112803e+00	primer-cosmos-east-grizli-v7.0	40610	1.10000000e+01	nan	nan	nan	nan	0
4	4.08216943e+00	5.00000000e+00	4.93112803e+00	primer-cosmos-east-grizli-v7.0	40610	1.25000000e+01	nan	nan	nan	nan	0
4	4.08216943e+00	5.00000000e+00	4.93112803e+00	primer-cosmos-east-grizli-v7.0	40610	1.40000000e+01	nan	nan	nan	nan	0
4	4.08216943e+00	5.00000000e+00	4.93112803e+00	primer-cosmos-east-grizli-v7.0	40610	1.55000000e+01	nan	nan	nan	nan	0
4	4.08216943e+00	5.00000000e+00	4.93112803e+00	primer-cosmos-east-grizli-v7.0	40610	1.70000000e+01	nan	nan	nan	nan	0
4	4.08216943e+00	5.00000000e+00	4.93112803e+00	primer-cosmos-east-grizli-v7.0	40610	1.85000000e+01	nan	nan	nan	nan	0
4	4.08216943e+00	5.00000000e+00	4.93112803e+00	primer-cosmos-east-grizli-v7.0	40610	2.00000000e+01	nan	nan	nan	nan	0
4	4.08216943e+00	5.00000000e+00	4.93112803e+00	primer-cosmos-east-grizli-v7.0	40610	2.15000000e+01	nan	nan	nan	nan	0
4	4.08216943e+00	5.00000000e+00	4.93112803e+00	primer-cosmos-east-grizli-v7.0	40610	2.30000000e+01	nan	nan	nan	nan	0
4	4.08216943e+00	5.00000000e+00	4.93112803e+00	primer-cosmos-east-grizli-v7.0	40610	2.45000000e+01	nan	nan	nan	nan	0
4	4.08216943e+00	5.00000000e+00	4.93112803e+00	primer-cosmos-east-grizli-v7.0	40610	2.60000000e+01	nan	nan	nan	nan	0
4	4.08216943e+00	5.00000000e+00	4.93112803e+00	primer-cosmos-east-grizli-v7.0	40610	2.75000000e+01	nan	nan	nan	nan	0
4	4.08216943e+00	5.00000000e+00	4.93112803e+00	primer-cosmos-east-grizli-v7.0	40610	2.90000000e+01	nan	nan	nan	nan	0
4	4.08216943e+00	5.00000000e+00	4.93112803e+00	primer-cosmos-east-grizli-v7.0	40610	3.05000000e+01	nan	nan	nan	nan	0
4	4.08216943e+00	5.00000000e+00	4.56445169e+00	primer-cosmos-east-grizli-v7.0	45355	5.00000000e-01	1.40894702e+09	7.09723717e+00	5.03726333e-09	1.43336855e-01	1
4	4.08216943e+00	5.00000000e+00	4.56445169e+00	primer-cosmos-east-grizli-v7.0	45355	2.00000000e+00	1.65202742e+08	1.04834541e+00	6.34581117e-09	1.54497461e-01	1
4	4.08216943e+00	5.00000000e+00	4.56445169e+00	primer-cosmos-east-grizli-v7.0	45355	3.50000000e+00	1.05477744e+08	5.45736486e-01	5.17394915e-09	1.80466847e-01	1
4	4.08216943e+00	5.00000000e+00	4.56445169e+00	primer-cosmos-east-grizli-v7.0	45355	5.00000000e+00	nan	nan	nan	nan	1
4	4.08216943e+00	5.00000000e+00	4.56445169e+00	primer-cosmos-east-grizli-v7.0	45355	6.50000000e+00	nan	nan	nan	nan	1
4	4.08216943e+00	5.00000000e+00	4.56445169e+00	primer-cosmos-east-grizli-v7.0	45355	8.00000000e+00	nan	nan	nan	nan	0
4	4.08216943e+00	5.00000000e+00	4.56445169e+00	primer-cosmos-east-grizli-v7.0	45355	9.50000000e+00	nan	nan	nan	nan	0
4	4.08216943e+00	5.00000000e+00	4.56445169e+00	primer-cosmos-east-grizli-v7.0	45355	1.10000000e+01	nan	nan	nan	nan	0
4	4.08216943e+00	5.00000000e+00	4.56445169e+00	primer-cosmos-east-grizli-v7.0	45355	1.25000000e+01	nan	nan	nan	nan	0
4	4.08216943e+00	5.00000000e+00	4.56445169e+00	primer-cosmos-east-grizli-v7.0	45355	1.40000000e+01	nan	nan	nan	nan	0
4	4.08216943e+00	5.00000000e+00	4.56445169e+00	primer-cosmos-east-grizli-v7.0	45355	1.55000000e+01	nan	nan	nan	nan	0
4	4.08216943e+00	5.00000000e+00	4.56445169e+00	primer-cosmos-east-grizli-v7.0	45355	1.70000000e+01	nan	nan	nan	nan	0
4	4.08216943e+00	5.00000000e+00	4.56445169e+00	primer-cosmos-east-grizli-v7.0	45355	1.85000000e+01	nan	nan	nan	nan	0
4	4.08216943e+00	5.00000000e+00	4.56445169e+00	primer-cosmos-east-grizli-v7.0	45355	2.00000000e+01	nan	nan	nan	nan	0
4	4.08216943e+00	5.00000000e+00	4.56445169e+00	primer-cosmos-east-grizli-v7.0	45355	2.15000000e+01	nan	nan	nan	nan	0
4	4.08216943e+00	5.00000000e+00	4.56445169e+00	primer-cosmos-east-grizli-v7.0	45355	2.30000000e+01	nan	nan	nan	nan	0
4	4.08216943e+00	5.00000000e+00	4.56445169e+00	primer-cosmos-east-grizli-v7.0	45355	2.45000000e+01	nan	nan	nan	nan	0
4	4.08216943e+00	5.00000000e+00	4.56445169e+00	primer-cosmos-east-grizli-v7.0	45355	2.60000000e+01	nan	nan	nan	nan	0
4	4.08216943e+00	5.00000000e+00	4.56445169e+00	primer-cosmos-east-grizli-v7.0	45355	2.75000000e+01	nan	nan	nan	nan	0
4	4.08216943e+00	5.00000000e+00	4.56445169e+00	primer-cosmos-east-grizli-v7.0	45355	2.90000000e+01	nan	nan	nan	nan	0
4	4.08216943e+00	5.00000000e+00	4.56445169e+00	primer-cosmos-east-grizli-v7.0	45355	3.05000000e+01	nan	nan	nan	nan	0
4	4.08216943e+00	5.00000000e+00	4.30715275e+00	primer-cosmos-east-grizli-v7.0	51514	5.00000000e-01	1.26044053e+09	4.00080401e+00	3.17413152e-09	2.32928585e-01	1
4	4.08216943e+00	5.00000000e+00	4.30715275e+00	primer-cosmos-east-grizli-v7.0	51514	2.00000000e+00	nan	nan	nan	nan	1
4	4.08216943e+00	5.00000000e+00	4.30715275e+00	primer-cosmos-east-grizli-v7.0	51514	3.50000000e+00	nan	nan	nan	nan	1
4	4.08216943e+00	5.00000000e+00	4.30715275e+00	primer-cosmos-east-grizli-v7.0	51514	5.00000000e+00	nan	nan	nan	nan	1
4	4.08216943e+00	5.00000000e+00	4.30715275e+00	primer-cosmos-east-grizli-v7.0	51514	6.50000000e+00	nan	nan	nan	nan	1
4	4.08216943e+00	5.00000000e+00	4.30715275e+00	primer-cosmos-east-grizli-v7.0	51514	8.00000000e+00	nan	nan	nan	nan	0
4	4.08216943e+00	5.00000000e+00	4.30715275e+00	primer-cosmos-east-grizli-v7.0	51514	9.50000000e+00	nan	nan	nan	nan	0
4	4.08216943e+00	5.00000000e+00	4.30715275e+00	primer-cosmos-east-grizli-v7.0	51514	1.10000000e+01	nan	nan	nan	nan	0
4	4.08216943e+00	5.00000000e+00	4.30715275e+00	primer-cosmos-east-grizli-v7.0	51514	1.25000000e+01	nan	nan	nan	nan	0
4	4.08216943e+00	5.00000000e+00	4.30715275e+00	primer-cosmos-east-grizli-v7.0	51514	1.40000000e+01	nan	nan	nan	nan	0
4	4.08216943e+00	5.00000000e+00	4.30715275e+00	primer-cosmos-east-grizli-v7.0	51514	1.55000000e+01	nan	nan	nan	nan	0
4	4.08216943e+00	5.00000000e+00	4.30715275e+00	primer-cosmos-east-grizli-v7.0	51514	1.70000000e+01	nan	nan	nan	nan	0
4	4.08216943e+00	5.00000000e+00	4.30715275e+00	primer-cosmos-east-grizli-v7.0	51514	1.85000000e+01	nan	nan	nan	nan	0
4	4.08216943e+00	5.00000000e+00	4.30715275e+00	primer-cosmos-east-grizli-v7.0	51514	2.00000000e+01	nan	nan	nan	nan	0
4	4.08216943e+00	5.00000000e+00	4.30715275e+00	primer-cosmos-east-grizli-v7.0	51514	2.15000000e+01	nan	nan	nan	nan	0
4	4.08216943e+00	5.00000000e+00	4.30715275e+00	primer-cosmos-east-grizli-v7.0	51514	2.30000000e+01	nan	nan	nan	nan	0
4	4.08216943e+00	5.00000000e+00	4.30715275e+00	primer-cosmos-east-grizli-v7.0	51514	2.45000000e+01	nan	nan	nan	nan	0
4	4.08216943e+00	5.00000000e+00	4.30715275e+00	primer-cosmos-east-grizli-v7.0	51514	2.60000000e+01	nan	nan	nan	nan	0
4	4.08216943e+00	5.00000000e+00	4.30715275e+00	primer-cosmos-east-grizli-v7.0	51514	2.75000000e+01	nan	nan	nan	nan	0
4	4.08216943e+00	5.00000000e+00	4.30715275e+00	primer-cosmos-east-grizli-v7.0	51514	2.90000000e+01	nan	nan	nan	nan	0
4	4.08216943e+00	5.00000000e+00	4.30715275e+00	primer-cosmos-east-grizli-v7.0	51514	3.05000000e+01	nan	nan	nan	nan	0
4	4.08216943e+00	5.00000000e+00	4.38190699e+00	primer-cosmos-west-grizli-v7.0	10778	5.00000000e-01	1.14744827e+09	4.70296087e+00	4.09862562e-09	1.80349821e-01	1
4	4.08216943e+00	5.00000000e+00	4.38190699e+00	primer-cosmos-west-grizli-v7.0	10778	2.00000000e+00	2.70966615e+08	1.35025269e+00	4.98309612e-09	1.68154411e-01	1
4	4.08216943e+00	5.00000000e+00	4.38190699e+00	primer-cosmos-west-grizli-v7.0	10778	3.50000000e+00	1.04222828e+08	4.78010475e-01	4.58642780e-09	1.60947823e-01	1
4	4.08216943e+00	5.00000000e+00	4.38190699e+00	primer-cosmos-west-grizli-v7.0	10778	5.00000000e+00	9.57562979e+07	5.00291294e-01	5.22463070e-09	1.82426947e-01	1
4	4.08216943e+00	5.00000000e+00	4.38190699e+00	primer-cosmos-west-grizli-v7.0	10778	6.50000000e+00	nan	nan	nan	nan	1
4	4.08216943e+00	5.00000000e+00	4.38190699e+00	primer-cosmos-west-grizli-v7.0	10778	8.00000000e+00	nan	nan	nan	nan	0
4	4.08216943e+00	5.00000000e+00	4.38190699e+00	primer-cosmos-west-grizli-v7.0	10778	9.50000000e+00	nan	nan	nan	nan	0
4	4.08216943e+00	5.00000000e+00	4.38190699e+00	primer-cosmos-west-grizli-v7.0	10778	1.10000000e+01	nan	nan	nan	nan	0
4	4.08216943e+00	5.00000000e+00	4.38190699e+00	primer-cosmos-west-grizli-v7.0	10778	1.25000000e+01	nan	nan	nan	nan	0
4	4.08216943e+00	5.00000000e+00	4.38190699e+00	primer-cosmos-west-grizli-v7.0	10778	1.40000000e+01	nan	nan	nan	nan	0
4	4.08216943e+00	5.00000000e+00	4.38190699e+00	primer-cosmos-west-grizli-v7.0	10778	1.55000000e+01	nan	nan	nan	nan	0
4	4.08216943e+00	5.00000000e+00	4.38190699e+00	primer-cosmos-west-grizli-v7.0	10778	1.70000000e+01	nan	nan	nan	nan	0
4	4.08216943e+00	5.00000000e+00	4.38190699e+00	primer-cosmos-west-grizli-v7.0	10778	1.85000000e+01	nan	nan	nan	nan	0
4	4.08216943e+00	5.00000000e+00	4.38190699e+00	primer-cosmos-west-grizli-v7.0	10778	2.00000000e+01	nan	nan	nan	nan	0
4	4.08216943e+00	5.00000000e+00	4.38190699e+00	primer-cosmos-west-grizli-v7.0	10778	2.15000000e+01	nan	nan	nan	nan	0
4	4.08216943e+00	5.00000000e+00	4.38190699e+00	primer-cosmos-west-grizli-v7.0	10778	2.30000000e+01	nan	nan	nan	nan	0
4	4.08216943e+00	5.00000000e+00	4.38190699e+00	primer-cosmos-west-grizli-v7.0	10778	2.45000000e+01	nan	nan	nan	nan	0
4	4.08216943e+00	5.00000000e+00	4.38190699e+00	primer-cosmos-west-grizli-v7.0	10778	2.60000000e+01	nan	nan	nan	nan	0
4	4.08216943e+00	5.00000000e+00	4.38190699e+00	primer-cosmos-west-grizli-v7.0	10778	2.75000000e+01	nan	nan	nan	nan	0
4	4.08216943e+00	5.00000000e+00	4.38190699e+00	primer-cosmos-west-grizli-v7.0	10778	2.90000000e+01	nan	nan	nan	nan	0
4	4.08216943e+00	5.00000000e+00	4.38190699e+00	primer-cosmos-west-grizli-v7.0	10778	3.05000000e+01	nan	nan	nan	nan	0
4	4.08216943e+00	5.00000000e+00	4.44674253e+00	primer-cosmos-west-grizli-v7.0	11730	5.00000000e-01	4.99560640e+09	7.43478366e+00	1.48826450e-09	3.35789513e-01	1
4	4.08216943e+00	5.00000000e+00	4.44674253e+00	primer-cosmos-west-grizli-v7.0	11730	2.00000000e+00	7.29247137e+08	1.87624539e+00	2.57285260e-09	2.53785481e-01	1
4	4.08216943e+00	5.00000000e+00	4.44674253e+00	primer-cosmos-west-grizli-v7.0	11730	3.50000000e+00	1.74763712e+08	7.98306628e-01	4.56791984e-09	2.26616314e-01	1
4	4.08216943e+00	5.00000000e+00	4.44674253e+00	primer-cosmos-west-grizli-v7.0	11730	5.00000000e+00	nan	nan	nan	nan	1
4	4.08216943e+00	5.00000000e+00	4.44674253e+00	primer-cosmos-west-grizli-v7.0	11730	6.50000000e+00	nan	nan	nan	nan	1
4	4.08216943e+00	5.00000000e+00	4.44674253e+00	primer-cosmos-west-grizli-v7.0	11730	8.00000000e+00	nan	nan	nan	nan	0
4	4.08216943e+00	5.00000000e+00	4.44674253e+00	primer-cosmos-west-grizli-v7.0	11730	9.50000000e+00	nan	nan	nan	nan	0
4	4.08216943e+00	5.00000000e+00	4.44674253e+00	primer-cosmos-west-grizli-v7.0	11730	1.10000000e+01	nan	nan	nan	nan	0
4	4.08216943e+00	5.00000000e+00	4.44674253e+00	primer-cosmos-west-grizli-v7.0	11730	1.25000000e+01	nan	nan	nan	nan	0
4	4.08216943e+00	5.00000000e+00	4.44674253e+00	primer-cosmos-west-grizli-v7.0	11730	1.40000000e+01	nan	nan	nan	nan	0
4	4.08216943e+00	5.00000000e+00	4.44674253e+00	primer-cosmos-west-grizli-v7.0	11730	1.55000000e+01	nan	nan	nan	nan	0
4	4.08216943e+00	5.00000000e+00	4.44674253e+00	primer-cosmos-west-grizli-v7.0	11730	1.70000000e+01	nan	nan	nan	nan	0
4	4.08216943e+00	5.00000000e+00	4.44674253e+00	primer-cosmos-west-grizli-v7.0	11730	1.85000000e+01	nan	nan	nan	nan	0
4	4.08216943e+00	5.00000000e+00	4.44674253e+00	primer-cosmos-west-grizli-v7.0	11730	2.00000000e+01	nan	nan	nan	nan	0
4	4.08216943e+00	5.00000000e+00	4.44674253e+00	primer-cosmos-west-grizli-v7.0	11730	2.15000000e+01	nan	nan	nan	nan	0
4	4.08216943e+00	5.00000000e+00	4.44674253e+00	primer-cosmos-west-grizli-v7.0	11730	2.30000000e+01	nan	nan	nan	nan	0
4	4.08216943e+00	5.00000000e+00	4.44674253e+00	primer-cosmos-west-grizli-v7.0	11730	2.45000000e+01	nan	nan	nan	nan	0
4	4.08216943e+00	5.00000000e+00	4.44674253e+00	primer-cosmos-west-grizli-v7.0	11730	2.60000000e+01	nan	nan	nan	nan	0
4	4.08216943e+00	5.00000000e+00	4.44674253e+00	primer-cosmos-west-grizli-v7.0	11730	2.75000000e+01	nan	nan	nan	nan	0
4	4.08216943e+00	5.00000000e+00	4.44674253e+00	primer-cosmos-west-grizli-v7.0	11730	2.90000000e+01	nan	nan	nan	nan	0
4	4.08216943e+00	5.00000000e+00	4.44674253e+00	primer-cosmos-west-grizli-v7.0	11730	3.05000000e+01	nan	nan	nan	nan	0
4	4.08216943e+00	5.00000000e+00	4.96500015e+00	primer-cosmos-west-grizli-v7.0	18480	5.00000000e-01	7.86693397e+08	4.52340778e+00	5.74989926e-09	1.29034599e-01	1
4	4.08216943e+00	5.00000000e+00	4.96500015e+00	primer-cosmos-west-grizli-v7.0	18480	2.00000000e+00	2.31440794e+08	1.24501792e+00	5.37942297e-09	1.52371100e-01	1
4	4.08216943e+00	5.00000000e+00	4.96500015e+00	primer-cosmos-west-grizli-v7.0	18480	3.50000000e+00	1.24253794e+08	5.59554991e-01	4.50332316e-09	1.72478660e-01	1
4	4.08216943e+00	5.00000000e+00	4.96500015e+00	primer-cosmos-west-grizli-v7.0	18480	5.00000000e+00	nan	nan	nan	nan	1
4	4.08216943e+00	5.00000000e+00	4.96500015e+00	primer-cosmos-west-grizli-v7.0	18480	6.50000000e+00	nan	nan	nan	nan	1
4	4.08216943e+00	5.00000000e+00	4.96500015e+00	primer-cosmos-west-grizli-v7.0	18480	8.00000000e+00	nan	nan	nan	nan	0
4	4.08216943e+00	5.00000000e+00	4.96500015e+00	primer-cosmos-west-grizli-v7.0	18480	9.50000000e+00	nan	nan	nan	nan	0
4	4.08216943e+00	5.00000000e+00	4.96500015e+00	primer-cosmos-west-grizli-v7.0	18480	1.10000000e+01	nan	nan	nan	nan	0
4	4.08216943e+00	5.00000000e+00	4.96500015e+00	primer-cosmos-west-grizli-v7.0	18480	1.25000000e+01	nan	nan	nan	nan	0
4	4.08216943e+00	5.00000000e+00	4.96500015e+00	primer-cosmos-west-grizli-v7.0	18480	1.40000000e+01	nan	nan	nan	nan	0
4	4.08216943e+00	5.00000000e+00	4.96500015e+00	primer-cosmos-west-grizli-v7.0	18480	1.55000000e+01	nan	nan	nan	nan	0
4	4.08216943e+00	5.00000000e+00	4.96500015e+00	primer-cosmos-west-grizli-v7.0	18480	1.70000000e+01	nan	nan	nan	nan	0
4	4.08216943e+00	5.00000000e+00	4.96500015e+00	primer-cosmos-west-grizli-v7.0	18480	1.85000000e+01	nan	nan	nan	nan	0
4	4.08216943e+00	5.00000000e+00	4.96500015e+00	primer-cosmos-west-grizli-v7.0	18480	2.00000000e+01	nan	nan	nan	nan	0
4	4.08216943e+00	5.00000000e+00	4.96500015e+00	primer-cosmos-west-grizli-v7.0	18480	2.15000000e+01	nan	nan	nan	nan	0
4	4.08216943e+00	5.00000000e+00	4.96500015e+00	primer-cosmos-west-grizli-v7.0	18480	2.30000000e+01	nan	nan	nan	nan	0
4	4.08216943e+00	5.00000000e+00	4.96500015e+00	primer-cosmos-west-grizli-v7.0	18480	2.45000000e+01	nan	nan	nan	nan	0
4	4.08216943e+00	5.00000000e+00	4.96500015e+00	primer-cosmos-west-grizli-v7.0	18480	2.60000000e+01	nan	nan	nan	nan	0
4	4.08216943e+00	5.00000000e+00	4.96500015e+00	primer-cosmos-west-grizli-v7.0	18480	2.75000000e+01	nan	nan	nan	nan	0
4	4.08216943e+00	5.00000000e+00	4.96500015e+00	primer-cosmos-west-grizli-v7.0	18480	2.90000000e+01	nan	nan	nan	nan	0
4	4.08216943e+00	5.00000000e+00	4.96500015e+00	primer-cosmos-west-grizli-v7.0	18480	3.05000000e+01	nan	nan	nan	nan	0
4	4.08216943e+00	5.00000000e+00	4.47266912e+00	primer-cosmos-west-grizli-v7.0	23147	5.00000000e-01	9.83263472e+08	5.29559301e+00	5.38573146e-09	1.40339838e-01	1
4	4.08216943e+00	5.00000000e+00	4.47266912e+00	primer-cosmos-west-grizli-v7.0	23147	2.00000000e+00	2.24765529e+08	9.79014422e-01	4.35571428e-09	1.80651925e-01	1
4	4.08216943e+00	5.00000000e+00	4.47266912e+00	primer-cosmos-west-grizli-v7.0	23147	3.50000000e+00	6.11752046e+07	2.51186265e-01	4.10601430e-09	1.94546903e-01	1
4	4.08216943e+00	5.00000000e+00	4.47266912e+00	primer-cosmos-west-grizli-v7.0	23147	5.00000000e+00	nan	nan	nan	nan	1
4	4.08216943e+00	5.00000000e+00	4.47266912e+00	primer-cosmos-west-grizli-v7.0	23147	6.50000000e+00	nan	nan	nan	nan	1
4	4.08216943e+00	5.00000000e+00	4.47266912e+00	primer-cosmos-west-grizli-v7.0	23147	8.00000000e+00	nan	nan	nan	nan	0
4	4.08216943e+00	5.00000000e+00	4.47266912e+00	primer-cosmos-west-grizli-v7.0	23147	9.50000000e+00	nan	nan	nan	nan	0
4	4.08216943e+00	5.00000000e+00	4.47266912e+00	primer-cosmos-west-grizli-v7.0	23147	1.10000000e+01	nan	nan	nan	nan	0
4	4.08216943e+00	5.00000000e+00	4.47266912e+00	primer-cosmos-west-grizli-v7.0	23147	1.25000000e+01	nan	nan	nan	nan	0
4	4.08216943e+00	5.00000000e+00	4.47266912e+00	primer-cosmos-west-grizli-v7.0	23147	1.40000000e+01	nan	nan	nan	nan	0
4	4.08216943e+00	5.00000000e+00	4.47266912e+00	primer-cosmos-west-grizli-v7.0	23147	1.55000000e+01	nan	nan	nan	nan	0
4	4.08216943e+00	5.00000000e+00	4.47266912e+00	primer-cosmos-west-grizli-v7.0	23147	1.70000000e+01	nan	nan	nan	nan	0
4	4.08216943e+00	5.00000000e+00	4.47266912e+00	primer-cosmos-west-grizli-v7.0	23147	1.85000000e+01	nan	nan	nan	nan	0
4	4.08216943e+00	5.00000000e+00	4.47266912e+00	primer-cosmos-west-grizli-v7.0	23147	2.00000000e+01	nan	nan	nan	nan	0
4	4.08216943e+00	5.00000000e+00	4.47266912e+00	primer-cosmos-west-grizli-v7.0	23147	2.15000000e+01	nan	nan	nan	nan	0
4	4.08216943e+00	5.00000000e+00	4.47266912e+00	primer-cosmos-west-grizli-v7.0	23147	2.30000000e+01	nan	nan	nan	nan	0
4	4.08216943e+00	5.00000000e+00	4.47266912e+00	primer-cosmos-west-grizli-v7.0	23147	2.45000000e+01	nan	nan	nan	nan	0
4	4.08216943e+00	5.00000000e+00	4.47266912e+00	primer-cosmos-west-grizli-v7.0	23147	2.60000000e+01	nan	nan	nan	nan	0
4	4.08216943e+00	5.00000000e+00	4.47266912e+00	primer-cosmos-west-grizli-v7.0	23147	2.75000000e+01	nan	nan	nan	nan	0
4	4.08216943e+00	5.00000000e+00	4.47266912e+00	primer-cosmos-west-grizli-v7.0	23147	2.90000000e+01	nan	nan	nan	nan	0
4	4.08216943e+00	5.00000000e+00	4.47266912e+00	primer-cosmos-west-grizli-v7.0	23147	3.05000000e+01	nan	nan	nan	nan	0
4	4.08216943e+00	5.00000000e+00	4.45497751e+00	primer-cosmos-west-grizli-v7.0	25832	5.00000000e-01	8.92293459e+08	3.74043359e+00	4.19193209e-09	1.78103405e-01	1
4	4.08216943e+00	5.00000000e+00	4.45497751e+00	primer-cosmos-west-grizli-v7.0	25832	2.00000000e+00	2.29866385e+08	1.03709400e+00	4.51172537e-09	1.73543093e-01	1
4	4.08216943e+00	5.00000000e+00	4.45497751e+00	primer-cosmos-west-grizli-v7.0	25832	3.50000000e+00	6.78088372e+07	2.92219739e-01	4.30946394e-09	1.52383804e-01	1
4	4.08216943e+00	5.00000000e+00	4.45497751e+00	primer-cosmos-west-grizli-v7.0	25832	5.00000000e+00	nan	nan	nan	nan	1
4	4.08216943e+00	5.00000000e+00	4.45497751e+00	primer-cosmos-west-grizli-v7.0	25832	6.50000000e+00	nan	nan	nan	nan	1
4	4.08216943e+00	5.00000000e+00	4.45497751e+00	primer-cosmos-west-grizli-v7.0	25832	8.00000000e+00	nan	nan	nan	nan	0
4	4.08216943e+00	5.00000000e+00	4.45497751e+00	primer-cosmos-west-grizli-v7.0	25832	9.50000000e+00	nan	nan	nan	nan	0
4	4.08216943e+00	5.00000000e+00	4.45497751e+00	primer-cosmos-west-grizli-v7.0	25832	1.10000000e+01	nan	nan	nan	nan	0
4	4.08216943e+00	5.00000000e+00	4.45497751e+00	primer-cosmos-west-grizli-v7.0	25832	1.25000000e+01	nan	nan	nan	nan	0
4	4.08216943e+00	5.00000000e+00	4.45497751e+00	primer-cosmos-west-grizli-v7.0	25832	1.40000000e+01	nan	nan	nan	nan	0
4	4.08216943e+00	5.00000000e+00	4.45497751e+00	primer-cosmos-west-grizli-v7.0	25832	1.55000000e+01	nan	nan	nan	nan	0
4	4.08216943e+00	5.00000000e+00	4.45497751e+00	primer-cosmos-west-grizli-v7.0	25832	1.70000000e+01	nan	nan	nan	nan	0
4	4.08216943e+00	5.00000000e+00	4.45497751e+00	primer-cosmos-west-grizli-v7.0	25832	1.85000000e+01	nan	nan	nan	nan	0
4	4.08216943e+00	5.00000000e+00	4.45497751e+00	primer-cosmos-west-grizli-v7.0	25832	2.00000000e+01	nan	nan	nan	nan	0
4	4.08216943e+00	5.00000000e+00	4.45497751e+00	primer-cosmos-west-grizli-v7.0	25832	2.15000000e+01	nan	nan	nan	nan	0
4	4.08216943e+00	5.00000000e+00	4.45497751e+00	primer-cosmos-west-grizli-v7.0	25832	2.30000000e+01	nan	nan	nan	nan	0
4	4.08216943e+00	5.00000000e+00	4.45497751e+00	primer-cosmos-west-grizli-v7.0	25832	2.45000000e+01	nan	nan	nan	nan	0
4	4.08216943e+00	5.00000000e+00	4.45497751e+00	primer-cosmos-west-grizli-v7.0	25832	2.60000000e+01	nan	nan	nan	nan	0
4	4.08216943e+00	5.00000000e+00	4.45497751e+00	primer-cosmos-west-grizli-v7.0	25832	2.75000000e+01	nan	nan	nan	nan	0
4	4.08216943e+00	5.00000000e+00	4.45497751e+00	primer-cosmos-west-grizli-v7.0	25832	2.90000000e+01	nan	nan	nan	nan	0
4	4.08216943e+00	5.00000000e+00	4.45497751e+00	primer-cosmos-west-grizli-v7.0	25832	3.05000000e+01	nan	nan	nan	nan	0
4	4.08216943e+00	5.00000000e+00	4.28970814e+00	primer-cosmos-west-grizli-v7.0	31247	5.00000000e-01	7.22981121e+09	7.28283152e+01	1.00733357e-08	3.96125012e-01	1
4	4.08216943e+00	5.00000000e+00	4.28970814e+00	primer-cosmos-west-grizli-v7.0	31247	2.00000000e+00	5.12800842e+08	1.99924476e+00	3.89867683e-09	2.92608344e-01	1
4	4.08216943e+00	5.00000000e+00	4.28970814e+00	primer-cosmos-west-grizli-v7.0	31247	3.50000000e+00	nan	nan	nan	nan	1
4	4.08216943e+00	5.00000000e+00	4.28970814e+00	primer-cosmos-west-grizli-v7.0	31247	5.00000000e+00	nan	nan	nan	nan	1
4	4.08216943e+00	5.00000000e+00	4.28970814e+00	primer-cosmos-west-grizli-v7.0	31247	6.50000000e+00	nan	nan	nan	nan	1
4	4.08216943e+00	5.00000000e+00	4.28970814e+00	primer-cosmos-west-grizli-v7.0	31247	8.00000000e+00	nan	nan	nan	nan	0
4	4.08216943e+00	5.00000000e+00	4.28970814e+00	primer-cosmos-west-grizli-v7.0	31247	9.50000000e+00	nan	nan	nan	nan	0
4	4.08216943e+00	5.00000000e+00	4.28970814e+00	primer-cosmos-west-grizli-v7.0	31247	1.10000000e+01	nan	nan	nan	nan	0
4	4.08216943e+00	5.00000000e+00	4.28970814e+00	primer-cosmos-west-grizli-v7.0	31247	1.25000000e+01	nan	nan	nan	nan	0
4	4.08216943e+00	5.00000000e+00	4.28970814e+00	primer-cosmos-west-grizli-v7.0	31247	1.40000000e+01	nan	nan	nan	nan	0
4	4.08216943e+00	5.00000000e+00	4.28970814e+00	primer-cosmos-west-grizli-v7.0	31247	1.55000000e+01	nan	nan	nan	nan	0
4	4.08216943e+00	5.00000000e+00	4.28970814e+00	primer-cosmos-west-grizli-v7.0	31247	1.70000000e+01	nan	nan	nan	nan	0
4	4.08216943e+00	5.00000000e+00	4.28970814e+00	primer-cosmos-west-grizli-v7.0	31247	1.85000000e+01	nan	nan	nan	nan	0
4	4.08216943e+00	5.00000000e+00	4.28970814e+00	primer-cosmos-west-grizli-v7.0	31247	2.00000000e+01	nan	nan	nan	nan	0
4	4.08216943e+00	5.00000000e+00	4.28970814e+00	primer-cosmos-west-grizli-v7.0	31247	2.15000000e+01	nan	nan	nan	nan	0
4	4.08216943e+00	5.00000000e+00	4.28970814e+00	primer-cosmos-west-grizli-v7.0	31247	2.30000000e+01	nan	nan	nan	nan	0
4	4.08216943e+00	5.00000000e+00	4.28970814e+00	primer-cosmos-west-grizli-v7.0	31247	2.45000000e+01	nan	nan	nan	nan	0
4	4.08216943e+00	5.00000000e+00	4.28970814e+00	primer-cosmos-west-grizli-v7.0	31247	2.60000000e+01	nan	nan	nan	nan	0
4	4.08216943e+00	5.00000000e+00	4.28970814e+00	primer-cosmos-west-grizli-v7.0	31247	2.75000000e+01	nan	nan	nan	nan	0
4	4.08216943e+00	5.00000000e+00	4.28970814e+00	primer-cosmos-west-grizli-v7.0	31247	2.90000000e+01	nan	nan	nan	nan	0
4	4.08216943e+00	5.00000000e+00	4.28970814e+00	primer-cosmos-west-grizli-v7.0	31247	3.05000000e+01	nan	nan	nan	nan	0
4	4.08216943e+00	5.00000000e+00	4.54277468e+00	primer-cosmos-west-grizli-v7.0	38491	5.00000000e-01	1.16620691e+09	6.74428475e+00	5.78309448e-09	1.84052313e-01	1
4	4.08216943e+00	5.00000000e+00	4.54277468e+00	primer-cosmos-west-grizli-v7.0	38491	2.00000000e+00	4.18217824e+08	2.45004240e+00	5.85829264e-09	1.37302307e-01	1
4	4.08216943e+00	5.00000000e+00	4.54277468e+00	primer-cosmos-west-grizli-v7.0	38491	3.50000000e+00	1.06317077e+08	7.37986899e-01	6.94137688e-09	1.24677562e-01	1
4	4.08216943e+00	5.00000000e+00	4.54277468e+00	primer-cosmos-west-grizli-v7.0	38491	5.00000000e+00	7.71224429e+07	5.22934143e-01	6.78057026e-09	1.39738691e-01	1
4	4.08216943e+00	5.00000000e+00	4.54277468e+00	primer-cosmos-west-grizli-v7.0	38491	6.50000000e+00	1.04652841e+08	6.91028392e-01	6.60305430e-09	1.51444645e-01	1
4	4.08216943e+00	5.00000000e+00	4.54277468e+00	primer-cosmos-west-grizli-v7.0	38491	8.00000000e+00	1.51548277e+08	7.09637076e-01	4.68258095e-09	1.44549524e-01	0
4	4.08216943e+00	5.00000000e+00	4.54277468e+00	primer-cosmos-west-grizli-v7.0	38491	9.50000000e+00	1.09801680e+08	5.72498889e-01	5.21393559e-09	1.29385404e-01	0
4	4.08216943e+00	5.00000000e+00	4.54277468e+00	primer-cosmos-west-grizli-v7.0	38491	1.10000000e+01	6.66949308e+07	3.84168271e-01	5.76008201e-09	1.23128629e-01	0
4	4.08216943e+00	5.00000000e+00	4.54277468e+00	primer-cosmos-west-grizli-v7.0	38491	1.25000000e+01	4.83959268e+07	3.13395349e-01	6.47565549e-09	1.28419402e-01	0
4	4.08216943e+00	5.00000000e+00	4.54277468e+00	primer-cosmos-west-grizli-v7.0	38491	1.40000000e+01	nan	nan	nan	nan	0
4	4.08216943e+00	5.00000000e+00	4.54277468e+00	primer-cosmos-west-grizli-v7.0	38491	1.55000000e+01	nan	nan	nan	nan	0
4	4.08216943e+00	5.00000000e+00	4.54277468e+00	primer-cosmos-west-grizli-v7.0	38491	1.70000000e+01	nan	nan	nan	nan	0
4	4.08216943e+00	5.00000000e+00	4.54277468e+00	primer-cosmos-west-grizli-v7.0	38491	1.85000000e+01	nan	nan	nan	nan	0
4	4.08216943e+00	5.00000000e+00	4.54277468e+00	primer-cosmos-west-grizli-v7.0	38491	2.00000000e+01	nan	nan	nan	nan	0
4	4.08216943e+00	5.00000000e+00	4.54277468e+00	primer-cosmos-west-grizli-v7.0	38491	2.15000000e+01	nan	nan	nan	nan	0
4	4.08216943e+00	5.00000000e+00	4.54277468e+00	primer-cosmos-west-grizli-v7.0	38491	2.30000000e+01	nan	nan	nan	nan	0
4	4.08216943e+00	5.00000000e+00	4.54277468e+00	primer-cosmos-west-grizli-v7.0	38491	2.45000000e+01	nan	nan	nan	nan	0
4	4.08216943e+00	5.00000000e+00	4.54277468e+00	primer-cosmos-west-grizli-v7.0	38491	2.60000000e+01	nan	nan	nan	nan	0
4	4.08216943e+00	5.00000000e+00	4.54277468e+00	primer-cosmos-west-grizli-v7.0	38491	2.75000000e+01	nan	nan	nan	nan	0
4	4.08216943e+00	5.00000000e+00	4.54277468e+00	primer-cosmos-west-grizli-v7.0	38491	2.90000000e+01	nan	nan	nan	nan	0
4	4.08216943e+00	5.00000000e+00	4.54277468e+00	primer-cosmos-west-grizli-v7.0	38491	3.05000000e+01	nan	nan	nan	nan	0
4	4.08216943e+00	5.00000000e+00	4.45997429e+00	primer-cosmos-west-grizli-v7.0	40177	5.00000000e-01	3.27782618e+09	9.06684124e+00	2.76611411e-09	2.51365037e-01	1
4	4.08216943e+00	5.00000000e+00	4.45997429e+00	primer-cosmos-west-grizli-v7.0	40177	2.00000000e+00	nan	nan	nan	nan	1
4	4.08216943e+00	5.00000000e+00	4.45997429e+00	primer-cosmos-west-grizli-v7.0	40177	3.50000000e+00	nan	nan	nan	nan	1
4	4.08216943e+00	5.00000000e+00	4.45997429e+00	primer-cosmos-west-grizli-v7.0	40177	5.00000000e+00	nan	nan	nan	nan	1
4	4.08216943e+00	5.00000000e+00	4.45997429e+00	primer-cosmos-west-grizli-v7.0	40177	6.50000000e+00	nan	nan	nan	nan	1
4	4.08216943e+00	5.00000000e+00	4.45997429e+00	primer-cosmos-west-grizli-v7.0	40177	8.00000000e+00	nan	nan	nan	nan	0
4	4.08216943e+00	5.00000000e+00	4.45997429e+00	primer-cosmos-west-grizli-v7.0	40177	9.50000000e+00	nan	nan	nan	nan	0
4	4.08216943e+00	5.00000000e+00	4.45997429e+00	primer-cosmos-west-grizli-v7.0	40177	1.10000000e+01	nan	nan	nan	nan	0
4	4.08216943e+00	5.00000000e+00	4.45997429e+00	primer-cosmos-west-grizli-v7.0	40177	1.25000000e+01	nan	nan	nan	nan	0
4	4.08216943e+00	5.00000000e+00	4.45997429e+00	primer-cosmos-west-grizli-v7.0	40177	1.40000000e+01	nan	nan	nan	nan	0
4	4.08216943e+00	5.00000000e+00	4.45997429e+00	primer-cosmos-west-grizli-v7.0	40177	1.55000000e+01	nan	nan	nan	nan	0
4	4.08216943e+00	5.00000000e+00	4.45997429e+00	primer-cosmos-west-grizli-v7.0	40177	1.70000000e+01	nan	nan	nan	nan	0
4	4.08216943e+00	5.00000000e+00	4.45997429e+00	primer-cosmos-west-grizli-v7.0	40177	1.85000000e+01	nan	nan	nan	nan	0
4	4.08216943e+00	5.00000000e+00	4.45997429e+00	primer-cosmos-west-grizli-v7.0	40177	2.00000000e+01	nan	nan	nan	nan	0
4	4.08216943e+00	5.00000000e+00	4.45997429e+00	primer-cosmos-west-grizli-v7.0	40177	2.15000000e+01	nan	nan	nan	nan	0
4	4.08216943e+00	5.00000000e+00	4.45997429e+00	primer-cosmos-west-grizli-v7.0	40177	2.30000000e+01	nan	nan	nan	nan	0
4	4.08216943e+00	5.00000000e+00	4.45997429e+00	primer-cosmos-west-grizli-v7.0	40177	2.45000000e+01	nan	nan	nan	nan	0
4	4.08216943e+00	5.00000000e+00	4.45997429e+00	primer-cosmos-west-grizli-v7.0	40177	2.60000000e+01	nan	nan	nan	nan	0
4	4.08216943e+00	5.00000000e+00	4.45997429e+00	primer-cosmos-west-grizli-v7.0	40177	2.75000000e+01	nan	nan	nan	nan	0
4	4.08216943e+00	5.00000000e+00	4.45997429e+00	primer-cosmos-west-grizli-v7.0	40177	2.90000000e+01	nan	nan	nan	nan	0
4	4.08216943e+00	5.00000000e+00	4.45997429e+00	primer-cosmos-west-grizli-v7.0	40177	3.05000000e+01	nan	nan	nan	nan	0
4	4.08216943e+00	5.00000000e+00	4.40972233e+00	primer-cosmos-west-grizli-v7.0	44963	5.00000000e-01	1.00390826e+09	4.26059597e+00	4.24400929e-09	1.89795300e-01	1
4	4.08216943e+00	5.00000000e+00	4.40972233e+00	primer-cosmos-west-grizli-v7.0	44963	2.00000000e+00	2.11280023e+08	1.03458525e+00	4.89674907e-09	1.81289675e-01	1
4	4.08216943e+00	5.00000000e+00	4.40972233e+00	primer-cosmos-west-grizli-v7.0	44963	3.50000000e+00	7.78603682e+07	5.53769078e-01	7.11233572e-09	1.53872731e-01	1
4	4.08216943e+00	5.00000000e+00	4.40972233e+00	primer-cosmos-west-grizli-v7.0	44963	5.00000000e+00	nan	nan	nan	nan	1
4	4.08216943e+00	5.00000000e+00	4.40972233e+00	primer-cosmos-west-grizli-v7.0	44963	6.50000000e+00	nan	nan	nan	nan	1
4	4.08216943e+00	5.00000000e+00	4.40972233e+00	primer-cosmos-west-grizli-v7.0	44963	8.00000000e+00	nan	nan	nan	nan	0
4	4.08216943e+00	5.00000000e+00	4.40972233e+00	primer-cosmos-west-grizli-v7.0	44963	9.50000000e+00	nan	nan	nan	nan	0
4	4.08216943e+00	5.00000000e+00	4.40972233e+00	primer-cosmos-west-grizli-v7.0	44963	1.10000000e+01	nan	nan	nan	nan	0
4	4.08216943e+00	5.00000000e+00	4.40972233e+00	primer-cosmos-west-grizli-v7.0	44963	1.25000000e+01	nan	nan	nan	nan	0
4	4.08216943e+00	5.00000000e+00	4.40972233e+00	primer-cosmos-west-grizli-v7.0	44963	1.40000000e+01	nan	nan	nan	nan	0
4	4.08216943e+00	5.00000000e+00	4.40972233e+00	primer-cosmos-west-grizli-v7.0	44963	1.55000000e+01	nan	nan	nan	nan	0
4	4.08216943e+00	5.00000000e+00	4.40972233e+00	primer-cosmos-west-grizli-v7.0	44963	1.70000000e+01	nan	nan	nan	nan	0
4	4.08216943e+00	5.00000000e+00	4.40972233e+00	primer-cosmos-west-grizli-v7.0	44963	1.85000000e+01	nan	nan	nan	nan	0
4	4.08216943e+00	5.00000000e+00	4.40972233e+00	primer-cosmos-west-grizli-v7.0	44963	2.00000000e+01	nan	nan	nan	nan	0
4	4.08216943e+00	5.00000000e+00	4.40972233e+00	primer-cosmos-west-grizli-v7.0	44963	2.15000000e+01	nan	nan	nan	nan	0
4	4.08216943e+00	5.00000000e+00	4.40972233e+00	primer-cosmos-west-grizli-v7.0	44963	2.30000000e+01	nan	nan	nan	nan	0
4	4.08216943e+00	5.00000000e+00	4.40972233e+00	primer-cosmos-west-grizli-v7.0	44963	2.45000000e+01	nan	nan	nan	nan	0
4	4.08216943e+00	5.00000000e+00	4.40972233e+00	primer-cosmos-west-grizli-v7.0	44963	2.60000000e+01	nan	nan	nan	nan	0
4	4.08216943e+00	5.00000000e+00	4.40972233e+00	primer-cosmos-west-grizli-v7.0	44963	2.75000000e+01	nan	nan	nan	nan	0
4	4.08216943e+00	5.00000000e+00	4.40972233e+00	primer-cosmos-west-grizli-v7.0	44963	2.90000000e+01	nan	nan	nan	nan	0
4	4.08216943e+00	5.00000000e+00	4.40972233e+00	primer-cosmos-west-grizli-v7.0	44963	3.05000000e+01	nan	nan	nan	nan	0
4	4.08216943e+00	5.00000000e+00	4.12099981e+00	primer-cosmos-west-grizli-v7.0	49292	5.00000000e-01	4.49012472e+09	3.76852270e+00	8.39291319e-10	5.04085562e-01	1
4	4.08216943e+00	5.00000000e+00	4.12099981e+00	primer-cosmos-west-grizli-v7.0	49292	2.00000000e+00	7.84170491e+08	1.55626518e+00	1.98460054e-09	3.36494425e-01	1
4	4.08216943e+00	5.00000000e+00	4.12099981e+00	primer-cosmos-west-grizli-v7.0	49292	3.50000000e+00	2.00135465e+08	4.65115780e-01	2.32400479e-09	2.88804257e-01	1
4	4.08216943e+00	5.00000000e+00	4.12099981e+00	primer-cosmos-west-grizli-v7.0	49292	5.00000000e+00	9.76876005e+07	2.85768081e-01	2.92532604e-09	2.55354467e-01	1
4	4.08216943e+00	5.00000000e+00	4.12099981e+00	primer-cosmos-west-grizli-v7.0	49292	6.50000000e+00	6.34407699e+07	1.94179920e-01	3.06080649e-09	2.47033607e-01	1
4	4.08216943e+00	5.00000000e+00	4.12099981e+00	primer-cosmos-west-grizli-v7.0	49292	8.00000000e+00	5.45541659e+07	1.70287481e-01	3.12143864e-09	2.45620442e-01	0
4	4.08216943e+00	5.00000000e+00	4.12099981e+00	primer-cosmos-west-grizli-v7.0	49292	9.50000000e+00	5.84923129e+07	1.99866345e-01	3.41696772e-09	2.45062232e-01	0
4	4.08216943e+00	5.00000000e+00	4.12099981e+00	primer-cosmos-west-grizli-v7.0	49292	1.10000000e+01	nan	nan	nan	nan	0
4	4.08216943e+00	5.00000000e+00	4.12099981e+00	primer-cosmos-west-grizli-v7.0	49292	1.25000000e+01	nan	nan	nan	nan	0
4	4.08216943e+00	5.00000000e+00	4.12099981e+00	primer-cosmos-west-grizli-v7.0	49292	1.40000000e+01	nan	nan	nan	nan	0
4	4.08216943e+00	5.00000000e+00	4.12099981e+00	primer-cosmos-west-grizli-v7.0	49292	1.55000000e+01	nan	nan	nan	nan	0
4	4.08216943e+00	5.00000000e+00	4.12099981e+00	primer-cosmos-west-grizli-v7.0	49292	1.70000000e+01	nan	nan	nan	nan	0
4	4.08216943e+00	5.00000000e+00	4.12099981e+00	primer-cosmos-west-grizli-v7.0	49292	1.85000000e+01	nan	nan	nan	nan	0
4	4.08216943e+00	5.00000000e+00	4.12099981e+00	primer-cosmos-west-grizli-v7.0	49292	2.00000000e+01	nan	nan	nan	nan	0
4	4.08216943e+00	5.00000000e+00	4.12099981e+00	primer-cosmos-west-grizli-v7.0	49292	2.15000000e+01	nan	nan	nan	nan	0
4	4.08216943e+00	5.00000000e+00	4.12099981e+00	primer-cosmos-west-grizli-v7.0	49292	2.30000000e+01	nan	nan	nan	nan	0
4	4.08216943e+00	5.00000000e+00	4.12099981e+00	primer-cosmos-west-grizli-v7.0	49292	2.45000000e+01	nan	nan	nan	nan	0
4	4.08216943e+00	5.00000000e+00	4.12099981e+00	primer-cosmos-west-grizli-v7.0	49292	2.60000000e+01	nan	nan	nan	nan	0
4	4.08216943e+00	5.00000000e+00	4.12099981e+00	primer-cosmos-west-grizli-v7.0	49292	2.75000000e+01	nan	nan	nan	nan	0
4	4.08216943e+00	5.00000000e+00	4.12099981e+00	primer-cosmos-west-grizli-v7.0	49292	2.90000000e+01	nan	nan	nan	nan	0
4	4.08216943e+00	5.00000000e+00	4.12099981e+00	primer-cosmos-west-grizli-v7.0	49292	3.05000000e+01	nan	nan	nan	nan	0
4	4.08216943e+00	5.00000000e+00	4.69607878e+00	primer-cosmos-west-grizli-v7.0	53235	5.00000000e-01	4.82506670e+08	2.98141637e+00	6.17901588e-09	1.61289220e-01	1
4	4.08216943e+00	5.00000000e+00	4.69607878e+00	primer-cosmos-west-grizli-v7.0	53235	2.00000000e+00	2.30168099e+08	1.28550159e+00	5.58505542e-09	1.42816192e-01	1
4	4.08216943e+00	5.00000000e+00	4.69607878e+00	primer-cosmos-west-grizli-v7.0	53235	3.50000000e+00	1.31916984e+08	7.41613192e-01	5.62181738e-09	1.40228925e-01	1
4	4.08216943e+00	5.00000000e+00	4.69607878e+00	primer-cosmos-west-grizli-v7.0	53235	5.00000000e+00	nan	nan	nan	nan	1
4	4.08216943e+00	5.00000000e+00	4.69607878e+00	primer-cosmos-west-grizli-v7.0	53235	6.50000000e+00	nan	nan	nan	nan	1
4	4.08216943e+00	5.00000000e+00	4.69607878e+00	primer-cosmos-west-grizli-v7.0	53235	8.00000000e+00	nan	nan	nan	nan	0
4	4.08216943e+00	5.00000000e+00	4.69607878e+00	primer-cosmos-west-grizli-v7.0	53235	9.50000000e+00	nan	nan	nan	nan	0
4	4.08216943e+00	5.00000000e+00	4.69607878e+00	primer-cosmos-west-grizli-v7.0	53235	1.10000000e+01	nan	nan	nan	nan	0
4	4.08216943e+00	5.00000000e+00	4.69607878e+00	primer-cosmos-west-grizli-v7.0	53235	1.25000000e+01	nan	nan	nan	nan	0
4	4.08216943e+00	5.00000000e+00	4.69607878e+00	primer-cosmos-west-grizli-v7.0	53235	1.40000000e+01	nan	nan	nan	nan	0
4	4.08216943e+00	5.00000000e+00	4.69607878e+00	primer-cosmos-west-grizli-v7.0	53235	1.55000000e+01	nan	nan	nan	nan	0
4	4.08216943e+00	5.00000000e+00	4.69607878e+00	primer-cosmos-west-grizli-v7.0	53235	1.70000000e+01	nan	nan	nan	nan	0
4	4.08216943e+00	5.00000000e+00	4.69607878e+00	primer-cosmos-west-grizli-v7.0	53235	1.85000000e+01	nan	nan	nan	nan	0
4	4.08216943e+00	5.00000000e+00	4.69607878e+00	primer-cosmos-west-grizli-v7.0	53235	2.00000000e+01	nan	nan	nan	nan	0
4	4.08216943e+00	5.00000000e+00	4.69607878e+00	primer-cosmos-west-grizli-v7.0	53235	2.15000000e+01	nan	nan	nan	nan	0
4	4.08216943e+00	5.00000000e+00	4.69607878e+00	primer-cosmos-west-grizli-v7.0	53235	2.30000000e+01	nan	nan	nan	nan	0
4	4.08216943e+00	5.00000000e+00	4.69607878e+00	primer-cosmos-west-grizli-v7.0	53235	2.45000000e+01	nan	nan	nan	nan	0
4	4.08216943e+00	5.00000000e+00	4.69607878e+00	primer-cosmos-west-grizli-v7.0	53235	2.60000000e+01	nan	nan	nan	nan	0
4	4.08216943e+00	5.00000000e+00	4.69607878e+00	primer-cosmos-west-grizli-v7.0	53235	2.75000000e+01	nan	nan	nan	nan	0
4	4.08216943e+00	5.00000000e+00	4.69607878e+00	primer-cosmos-west-grizli-v7.0	53235	2.90000000e+01	nan	nan	nan	nan	0
4	4.08216943e+00	5.00000000e+00	4.69607878e+00	primer-cosmos-west-grizli-v7.0	53235	3.05000000e+01	nan	nan	nan	nan	0
4	4.08216943e+00	5.00000000e+00	4.63950014e+00	primer-cosmos-west-grizli-v7.0	54371	5.00000000e-01	8.96572769e+08	2.46568396e+00	2.75012141e-09	2.34739779e-01	1
4	4.08216943e+00	5.00000000e+00	4.63950014e+00	primer-cosmos-west-grizli-v7.0	54371	2.00000000e+00	2.40250733e+08	1.03159030e+00	4.29380711e-09	1.72179383e-01	1
4	4.08216943e+00	5.00000000e+00	4.63950014e+00	primer-cosmos-west-grizli-v7.0	54371	3.50000000e+00	nan	nan	nan	nan	1
4	4.08216943e+00	5.00000000e+00	4.63950014e+00	primer-cosmos-west-grizli-v7.0	54371	5.00000000e+00	nan	nan	nan	nan	1
4	4.08216943e+00	5.00000000e+00	4.63950014e+00	primer-cosmos-west-grizli-v7.0	54371	6.50000000e+00	nan	nan	nan	nan	1
4	4.08216943e+00	5.00000000e+00	4.63950014e+00	primer-cosmos-west-grizli-v7.0	54371	8.00000000e+00	nan	nan	nan	nan	0
4	4.08216943e+00	5.00000000e+00	4.63950014e+00	primer-cosmos-west-grizli-v7.0	54371	9.50000000e+00	nan	nan	nan	nan	0
4	4.08216943e+00	5.00000000e+00	4.63950014e+00	primer-cosmos-west-grizli-v7.0	54371	1.10000000e+01	nan	nan	nan	nan	0
4	4.08216943e+00	5.00000000e+00	4.63950014e+00	primer-cosmos-west-grizli-v7.0	54371	1.25000000e+01	nan	nan	nan	nan	0
4	4.08216943e+00	5.00000000e+00	4.63950014e+00	primer-cosmos-west-grizli-v7.0	54371	1.40000000e+01	nan	nan	nan	nan	0
4	4.08216943e+00	5.00000000e+00	4.63950014e+00	primer-cosmos-west-grizli-v7.0	54371	1.55000000e+01	nan	nan	nan	nan	0
4	4.08216943e+00	5.00000000e+00	4.63950014e+00	primer-cosmos-west-grizli-v7.0	54371	1.70000000e+01	nan	nan	nan	nan	0
4	4.08216943e+00	5.00000000e+00	4.63950014e+00	primer-cosmos-west-grizli-v7.0	54371	1.85000000e+01	nan	nan	nan	nan	0
4	4.08216943e+00	5.00000000e+00	4.63950014e+00	primer-cosmos-west-grizli-v7.0	54371	2.00000000e+01	nan	nan	nan	nan	0
4	4.08216943e+00	5.00000000e+00	4.63950014e+00	primer-cosmos-west-grizli-v7.0	54371	2.15000000e+01	nan	nan	nan	nan	0
4	4.08216943e+00	5.00000000e+00	4.63950014e+00	primer-cosmos-west-grizli-v7.0	54371	2.30000000e+01	nan	nan	nan	nan	0
4	4.08216943e+00	5.00000000e+00	4.63950014e+00	primer-cosmos-west-grizli-v7.0	54371	2.45000000e+01	nan	nan	nan	nan	0
4	4.08216943e+00	5.00000000e+00	4.63950014e+00	primer-cosmos-west-grizli-v7.0	54371	2.60000000e+01	nan	nan	nan	nan	0
4	4.08216943e+00	5.00000000e+00	4.63950014e+00	primer-cosmos-west-grizli-v7.0	54371	2.75000000e+01	nan	nan	nan	nan	0
4	4.08216943e+00	5.00000000e+00	4.63950014e+00	primer-cosmos-west-grizli-v7.0	54371	2.90000000e+01	nan	nan	nan	nan	0
4	4.08216943e+00	5.00000000e+00	4.63950014e+00	primer-cosmos-west-grizli-v7.0	54371	3.05000000e+01	nan	nan	nan	nan	0
4	4.08216943e+00	5.00000000e+00	4.14270020e+00	primer-uds-north-grizli-v7.2	19227	5.00000000e-01	2.78065896e+09	7.16423490e+00	2.57645220e-09	2.94712709e-01	1
4	4.08216943e+00	5.00000000e+00	4.14270020e+00	primer-uds-north-grizli-v7.2	19227	2.00000000e+00	4.01408474e+08	1.78286011e+00	4.44151089e-09	2.08288864e-01	1
4	4.08216943e+00	5.00000000e+00	4.14270020e+00	primer-uds-north-grizli-v7.2	19227	3.50000000e+00	1.22036454e+08	8.07584139e-01	6.61756479e-09	1.96857249e-01	1
4	4.08216943e+00	5.00000000e+00	4.14270020e+00	primer-uds-north-grizli-v7.2	19227	5.00000000e+00	7.50948625e+07	4.22784702e-01	5.63000833e-09	1.75957525e-01	1
4	4.08216943e+00	5.00000000e+00	4.14270020e+00	primer-uds-north-grizli-v7.2	19227	6.50000000e+00	4.43637965e+07	2.13545015e-01	4.81349731e-09	1.46598152e-01	1
4	4.08216943e+00	5.00000000e+00	4.14270020e+00	primer-uds-north-grizli-v7.2	19227	8.00000000e+00	nan	nan	nan	nan	0
4	4.08216943e+00	5.00000000e+00	4.14270020e+00	primer-uds-north-grizli-v7.2	19227	9.50000000e+00	nan	nan	nan	nan	0
4	4.08216943e+00	5.00000000e+00	4.14270020e+00	primer-uds-north-grizli-v7.2	19227	1.10000000e+01	nan	nan	nan	nan	0
4	4.08216943e+00	5.00000000e+00	4.14270020e+00	primer-uds-north-grizli-v7.2	19227	1.25000000e+01	nan	nan	nan	nan	0
4	4.08216943e+00	5.00000000e+00	4.14270020e+00	primer-uds-north-grizli-v7.2	19227	1.40000000e+01	nan	nan	nan	nan	0
4	4.08216943e+00	5.00000000e+00	4.14270020e+00	primer-uds-north-grizli-v7.2	19227	1.55000000e+01	nan	nan	nan	nan	0
4	4.08216943e+00	5.00000000e+00	4.14270020e+00	primer-uds-north-grizli-v7.2	19227	1.70000000e+01	nan	nan	nan	nan	0
4	4.08216943e+00	5.00000000e+00	4.14270020e+00	primer-uds-north-grizli-v7.2	19227	1.85000000e+01	nan	nan	nan	nan	0
4	4.08216943e+00	5.00000000e+00	4.14270020e+00	primer-uds-north-grizli-v7.2	19227	2.00000000e+01	nan	nan	nan	nan	0
4	4.08216943e+00	5.00000000e+00	4.14270020e+00	primer-uds-north-grizli-v7.2	19227	2.15000000e+01	nan	nan	nan	nan	0
4	4.08216943e+00	5.00000000e+00	4.14270020e+00	primer-uds-north-grizli-v7.2	19227	2.30000000e+01	nan	nan	nan	nan	0
4	4.08216943e+00	5.00000000e+00	4.14270020e+00	primer-uds-north-grizli-v7.2	19227	2.45000000e+01	nan	nan	nan	nan	0
4	4.08216943e+00	5.00000000e+00	4.14270020e+00	primer-uds-north-grizli-v7.2	19227	2.60000000e+01	nan	nan	nan	nan	0
4	4.08216943e+00	5.00000000e+00	4.14270020e+00	primer-uds-north-grizli-v7.2	19227	2.75000000e+01	nan	nan	nan	nan	0
4	4.08216943e+00	5.00000000e+00	4.14270020e+00	primer-uds-north-grizli-v7.2	19227	2.90000000e+01	nan	nan	nan	nan	0
4	4.08216943e+00	5.00000000e+00	4.14270020e+00	primer-uds-north-grizli-v7.2	19227	3.05000000e+01	nan	nan	nan	nan	0
4	4.08216943e+00	5.00000000e+00	4.61999702e+00	primer-uds-north-grizli-v7.2	40707	5.00000000e-01	2.45262807e+10	2.36994199e+02	9.66286744e-09	2.91568555e-01	1
4	4.08216943e+00	5.00000000e+00	4.61999702e+00	primer-uds-north-grizli-v7.2	40707	2.00000000e+00	1.10967593e+09	4.70946792e+00	4.24400294e-09	2.57967603e-01	1
4	4.08216943e+00	5.00000000e+00	4.61999702e+00	primer-uds-north-grizli-v7.2	40707	3.50000000e+00	1.55539365e+08	6.52726198e-01	4.19653376e-09	2.14733817e-01	1
4	4.08216943e+00	5.00000000e+00	4.61999702e+00	primer-uds-north-grizli-v7.2	40707	5.00000000e+00	6.86293323e+07	3.70554294e-01	5.39935742e-09	1.72205907e-01	1
4	4.08216943e+00	5.00000000e+00	4.61999702e+00	primer-uds-north-grizli-v7.2	40707	6.50000000e+00	5.44452991e+07	2.47171655e-01	4.53981628e-09	1.56965439e-01	1
4	4.08216943e+00	5.00000000e+00	4.61999702e+00	primer-uds-north-grizli-v7.2	40707	8.00000000e+00	nan	nan	nan	nan	0
4	4.08216943e+00	5.00000000e+00	4.61999702e+00	primer-uds-north-grizli-v7.2	40707	9.50000000e+00	nan	nan	nan	nan	0
4	4.08216943e+00	5.00000000e+00	4.61999702e+00	primer-uds-north-grizli-v7.2	40707	1.10000000e+01	nan	nan	nan	nan	0
4	4.08216943e+00	5.00000000e+00	4.61999702e+00	primer-uds-north-grizli-v7.2	40707	1.25000000e+01	nan	nan	nan	nan	0
4	4.08216943e+00	5.00000000e+00	4.61999702e+00	primer-uds-north-grizli-v7.2	40707	1.40000000e+01	nan	nan	nan	nan	0
4	4.08216943e+00	5.00000000e+00	4.61999702e+00	primer-uds-north-grizli-v7.2	40707	1.55000000e+01	nan	nan	nan	nan	0
4	4.08216943e+00	5.00000000e+00	4.61999702e+00	primer-uds-north-grizli-v7.2	40707	1.70000000e+01	nan	nan	nan	nan	0
4	4.08216943e+00	5.00000000e+00	4.61999702e+00	primer-uds-north-grizli-v7.2	40707	1.85000000e+01	nan	nan	nan	nan	0
4	4.08216943e+00	5.00000000e+00	4.61999702e+00	primer-uds-north-grizli-v7.2	40707	2.00000000e+01	nan	nan	nan	nan	0
4	4.08216943e+00	5.00000000e+00	4.61999702e+00	primer-uds-north-grizli-v7.2	40707	2.15000000e+01	nan	nan	nan	nan	0
4	4.08216943e+00	5.00000000e+00	4.61999702e+00	primer-uds-north-grizli-v7.2	40707	2.30000000e+01	nan	nan	nan	nan	0
4	4.08216943e+00	5.00000000e+00	4.61999702e+00	primer-uds-north-grizli-v7.2	40707	2.45000000e+01	nan	nan	nan	nan	0
4	4.08216943e+00	5.00000000e+00	4.61999702e+00	primer-uds-north-grizli-v7.2	40707	2.60000000e+01	nan	nan	nan	nan	0
4	4.08216943e+00	5.00000000e+00	4.61999702e+00	primer-uds-north-grizli-v7.2	40707	2.75000000e+01	nan	nan	nan	nan	0
4	4.08216943e+00	5.00000000e+00	4.61999702e+00	primer-uds-north-grizli-v7.2	40707	2.90000000e+01	nan	nan	nan	nan	0
4	4.08216943e+00	5.00000000e+00	4.61999702e+00	primer-uds-north-grizli-v7.2	40707	3.05000000e+01	nan	nan	nan	nan	0
4	4.08216943e+00	5.00000000e+00	4.62659979e+00	primer-uds-north-grizli-v7.2	44429	5.00000000e-01	6.81917263e+08	3.33935614e+00	4.89701071e-09	1.53591806e-01	1
4	4.08216943e+00	5.00000000e+00	4.62659979e+00	primer-uds-north-grizli-v7.2	44429	2.00000000e+00	2.31908916e+08	1.25274074e+00	5.40186535e-09	1.57795381e-01	1
4	4.08216943e+00	5.00000000e+00	4.62659979e+00	primer-uds-north-grizli-v7.2	44429	3.50000000e+00	9.22195671e+07	4.76599869e-01	5.16809918e-09	1.50974337e-01	1
4	4.08216943e+00	5.00000000e+00	4.62659979e+00	primer-uds-north-grizli-v7.2	44429	5.00000000e+00	nan	nan	nan	nan	1
4	4.08216943e+00	5.00000000e+00	4.62659979e+00	primer-uds-north-grizli-v7.2	44429	6.50000000e+00	nan	nan	nan	nan	1
4	4.08216943e+00	5.00000000e+00	4.62659979e+00	primer-uds-north-grizli-v7.2	44429	8.00000000e+00	nan	nan	nan	nan	0
4	4.08216943e+00	5.00000000e+00	4.62659979e+00	primer-uds-north-grizli-v7.2	44429	9.50000000e+00	nan	nan	nan	nan	0
4	4.08216943e+00	5.00000000e+00	4.62659979e+00	primer-uds-north-grizli-v7.2	44429	1.10000000e+01	nan	nan	nan	nan	0
4	4.08216943e+00	5.00000000e+00	4.62659979e+00	primer-uds-north-grizli-v7.2	44429	1.25000000e+01	nan	nan	nan	nan	0
4	4.08216943e+00	5.00000000e+00	4.62659979e+00	primer-uds-north-grizli-v7.2	44429	1.40000000e+01	nan	nan	nan	nan	0
4	4.08216943e+00	5.00000000e+00	4.62659979e+00	primer-uds-north-grizli-v7.2	44429	1.55000000e+01	nan	nan	nan	nan	0
4	4.08216943e+00	5.00000000e+00	4.62659979e+00	primer-uds-north-grizli-v7.2	44429	1.70000000e+01	nan	nan	nan	nan	0
4	4.08216943e+00	5.00000000e+00	4.62659979e+00	primer-uds-north-grizli-v7.2	44429	1.85000000e+01	nan	nan	nan	nan	0
4	4.08216943e+00	5.00000000e+00	4.62659979e+00	primer-uds-north-grizli-v7.2	44429	2.00000000e+01	nan	nan	nan	nan	0
4	4.08216943e+00	5.00000000e+00	4.62659979e+00	primer-uds-north-grizli-v7.2	44429	2.15000000e+01	nan	nan	nan	nan	0
4	4.08216943e+00	5.00000000e+00	4.62659979e+00	primer-uds-north-grizli-v7.2	44429	2.30000000e+01	nan	nan	nan	nan	0
4	4.08216943e+00	5.00000000e+00	4.62659979e+00	primer-uds-north-grizli-v7.2	44429	2.45000000e+01	nan	nan	nan	nan	0
4	4.08216943e+00	5.00000000e+00	4.62659979e+00	primer-uds-north-grizli-v7.2	44429	2.60000000e+01	nan	nan	nan	nan	0
4	4.08216943e+00	5.00000000e+00	4.62659979e+00	primer-uds-north-grizli-v7.2	44429	2.75000000e+01	nan	nan	nan	nan	0
4	4.08216943e+00	5.00000000e+00	4.62659979e+00	primer-uds-north-grizli-v7.2	44429	2.90000000e+01	nan	nan	nan	nan	0
4	4.08216943e+00	5.00000000e+00	4.62659979e+00	primer-uds-north-grizli-v7.2	44429	3.05000000e+01	nan	nan	nan	nan	0
4	4.08216943e+00	5.00000000e+00	4.13397360e+00	primer-uds-north-grizli-v7.2	48450	5.00000000e-01	2.51625841e+09	5.74307757e+00	2.28238783e-09	3.23031912e-01	1
4	4.08216943e+00	5.00000000e+00	4.13397360e+00	primer-uds-north-grizli-v7.2	48450	2.00000000e+00	2.74179898e+08	1.15116612e+00	4.19857956e-09	2.54288446e-01	1
4	4.08216943e+00	5.00000000e+00	4.13397360e+00	primer-uds-north-grizli-v7.2	48450	3.50000000e+00	4.95254675e+07	2.43105375e-01	4.90869421e-09	2.03597939e-01	1
4	4.08216943e+00	5.00000000e+00	4.13397360e+00	primer-uds-north-grizli-v7.2	48450	5.00000000e+00	4.07780276e+07	2.07518315e-01	5.08897384e-09	1.85389303e-01	1
4	4.08216943e+00	5.00000000e+00	4.13397360e+00	primer-uds-north-grizli-v7.2	48450	6.50000000e+00	nan	nan	nan	nan	1
4	4.08216943e+00	5.00000000e+00	4.13397360e+00	primer-uds-north-grizli-v7.2	48450	8.00000000e+00	nan	nan	nan	nan	0
4	4.08216943e+00	5.00000000e+00	4.13397360e+00	primer-uds-north-grizli-v7.2	48450	9.50000000e+00	nan	nan	nan	nan	0
4	4.08216943e+00	5.00000000e+00	4.13397360e+00	primer-uds-north-grizli-v7.2	48450	1.10000000e+01	nan	nan	nan	nan	0
4	4.08216943e+00	5.00000000e+00	4.13397360e+00	primer-uds-north-grizli-v7.2	48450	1.25000000e+01	nan	nan	nan	nan	0
4	4.08216943e+00	5.00000000e+00	4.13397360e+00	primer-uds-north-grizli-v7.2	48450	1.40000000e+01	nan	nan	nan	nan	0
4	4.08216943e+00	5.00000000e+00	4.13397360e+00	primer-uds-north-grizli-v7.2	48450	1.55000000e+01	nan	nan	nan	nan	0
4	4.08216943e+00	5.00000000e+00	4.13397360e+00	primer-uds-north-grizli-v7.2	48450	1.70000000e+01	nan	nan	nan	nan	0
4	4.08216943e+00	5.00000000e+00	4.13397360e+00	primer-uds-north-grizli-v7.2	48450	1.85000000e+01	nan	nan	nan	nan	0
4	4.08216943e+00	5.00000000e+00	4.13397360e+00	primer-uds-north-grizli-v7.2	48450	2.00000000e+01	nan	nan	nan	nan	0
4	4.08216943e+00	5.00000000e+00	4.13397360e+00	primer-uds-north-grizli-v7.2	48450	2.15000000e+01	nan	nan	nan	nan	0
4	4.08216943e+00	5.00000000e+00	4.13397360e+00	primer-uds-north-grizli-v7.2	48450	2.30000000e+01	nan	nan	nan	nan	0
4	4.08216943e+00	5.00000000e+00	4.13397360e+00	primer-uds-north-grizli-v7.2	48450	2.45000000e+01	nan	nan	nan	nan	0
4	4.08216943e+00	5.00000000e+00	4.13397360e+00	primer-uds-north-grizli-v7.2	48450	2.60000000e+01	nan	nan	nan	nan	0
4	4.08216943e+00	5.00000000e+00	4.13397360e+00	primer-uds-north-grizli-v7.2	48450	2.75000000e+01	nan	nan	nan	nan	0
4	4.08216943e+00	5.00000000e+00	4.13397360e+00	primer-uds-north-grizli-v7.2	48450	2.90000000e+01	nan	nan	nan	nan	0
4	4.08216943e+00	5.00000000e+00	4.13397360e+00	primer-uds-north-grizli-v7.2	48450	3.05000000e+01	nan	nan	nan	nan	0
4	4.08216943e+00	5.00000000e+00	4.19289875e+00	primer-uds-north-grizli-v7.2	52066	5.00000000e-01	1.19130783e+09	5.95806222e+00	5.00127848e-09	1.49331336e-01	1
4	4.08216943e+00	5.00000000e+00	4.19289875e+00	primer-uds-north-grizli-v7.2	52066	2.00000000e+00	2.59117198e+08	1.16396363e+00	4.49203543e-09	1.92960189e-01	1
4	4.08216943e+00	5.00000000e+00	4.19289875e+00	primer-uds-north-grizli-v7.2	52066	3.50000000e+00	1.02568488e+08	3.89492578e-01	3.79739026e-09	2.02092289e-01	1
4	4.08216943e+00	5.00000000e+00	4.19289875e+00	primer-uds-north-grizli-v7.2	52066	5.00000000e+00	6.93737174e+07	4.32954302e-01	6.24089811e-09	1.91414286e-01	1
4	4.08216943e+00	5.00000000e+00	4.19289875e+00	primer-uds-north-grizli-v7.2	52066	6.50000000e+00	3.21693128e+07	2.25416810e-01	7.00720005e-09	1.02809918e-01	1
4	4.08216943e+00	5.00000000e+00	4.19289875e+00	primer-uds-north-grizli-v7.2	52066	8.00000000e+00	nan	nan	nan	nan	0
4	4.08216943e+00	5.00000000e+00	4.19289875e+00	primer-uds-north-grizli-v7.2	52066	9.50000000e+00	nan	nan	nan	nan	0
4	4.08216943e+00	5.00000000e+00	4.19289875e+00	primer-uds-north-grizli-v7.2	52066	1.10000000e+01	nan	nan	nan	nan	0
4	4.08216943e+00	5.00000000e+00	4.19289875e+00	primer-uds-north-grizli-v7.2	52066	1.25000000e+01	nan	nan	nan	nan	0
4	4.08216943e+00	5.00000000e+00	4.19289875e+00	primer-uds-north-grizli-v7.2	52066	1.40000000e+01	nan	nan	nan	nan	0
4	4.08216943e+00	5.00000000e+00	4.19289875e+00	primer-uds-north-grizli-v7.2	52066	1.55000000e+01	nan	nan	nan	nan	0
4	4.08216943e+00	5.00000000e+00	4.19289875e+00	primer-uds-north-grizli-v7.2	52066	1.70000000e+01	nan	nan	nan	nan	0
4	4.08216943e+00	5.00000000e+00	4.19289875e+00	primer-uds-north-grizli-v7.2	52066	1.85000000e+01	nan	nan	nan	nan	0
4	4.08216943e+00	5.00000000e+00	4.19289875e+00	primer-uds-north-grizli-v7.2	52066	2.00000000e+01	nan	nan	nan	nan	0
4	4.08216943e+00	5.00000000e+00	4.19289875e+00	primer-uds-north-grizli-v7.2	52066	2.15000000e+01	nan	nan	nan	nan	0
4	4.08216943e+00	5.00000000e+00	4.19289875e+00	primer-uds-north-grizli-v7.2	52066	2.30000000e+01	nan	nan	nan	nan	0
4	4.08216943e+00	5.00000000e+00	4.19289875e+00	primer-uds-north-grizli-v7.2	52066	2.45000000e+01	nan	nan	nan	nan	0
4	4.08216943e+00	5.00000000e+00	4.19289875e+00	primer-uds-north-grizli-v7.2	52066	2.60000000e+01	nan	nan	nan	nan	0
4	4.08216943e+00	5.00000000e+00	4.19289875e+00	primer-uds-north-grizli-v7.2	52066	2.75000000e+01	nan	nan	nan	nan	0
4	4.08216943e+00	5.00000000e+00	4.19289875e+00	primer-uds-north-grizli-v7.2	52066	2.90000000e+01	nan	nan	nan	nan	0
4	4.08216943e+00	5.00000000e+00	4.19289875e+00	primer-uds-north-grizli-v7.2	52066	3.05000000e+01	nan	nan	nan	nan	0
4	4.08216943e+00	5.00000000e+00	4.09408903e+00	primer-uds-north-grizli-v7.2	55916	5.00000000e-01	6.96701801e+09	2.45969476e+01	3.53048428e-09	2.32457101e-01	1
4	4.08216943e+00	5.00000000e+00	4.09408903e+00	primer-uds-north-grizli-v7.2	55916	2.00000000e+00	1.06251420e+09	3.20544234e+01	3.01684660e-08	2.32457101e-01	1
4	4.08216943e+00	5.00000000e+00	4.09408903e+00	primer-uds-north-grizli-v7.2	55916	3.50000000e+00	nan	nan	nan	nan	1
4	4.08216943e+00	5.00000000e+00	4.09408903e+00	primer-uds-north-grizli-v7.2	55916	5.00000000e+00	nan	nan	nan	nan	1
4	4.08216943e+00	5.00000000e+00	4.09408903e+00	primer-uds-north-grizli-v7.2	55916	6.50000000e+00	nan	nan	nan	nan	1
4	4.08216943e+00	5.00000000e+00	4.09408903e+00	primer-uds-north-grizli-v7.2	55916	8.00000000e+00	nan	nan	nan	nan	0
4	4.08216943e+00	5.00000000e+00	4.09408903e+00	primer-uds-north-grizli-v7.2	55916	9.50000000e+00	nan	nan	nan	nan	0
4	4.08216943e+00	5.00000000e+00	4.09408903e+00	primer-uds-north-grizli-v7.2	55916	1.10000000e+01	nan	nan	nan	nan	0
4	4.08216943e+00	5.00000000e+00	4.09408903e+00	primer-uds-north-grizli-v7.2	55916	1.25000000e+01	nan	nan	nan	nan	0
4	4.08216943e+00	5.00000000e+00	4.09408903e+00	primer-uds-north-grizli-v7.2	55916	1.40000000e+01	nan	nan	nan	nan	0
4	4.08216943e+00	5.00000000e+00	4.09408903e+00	primer-uds-north-grizli-v7.2	55916	1.55000000e+01	nan	nan	nan	nan	0
4	4.08216943e+00	5.00000000e+00	4.09408903e+00	primer-uds-north-grizli-v7.2	55916	1.70000000e+01	nan	nan	nan	nan	0
4	4.08216943e+00	5.00000000e+00	4.09408903e+00	primer-uds-north-grizli-v7.2	55916	1.85000000e+01	nan	nan	nan	nan	0
4	4.08216943e+00	5.00000000e+00	4.09408903e+00	primer-uds-north-grizli-v7.2	55916	2.00000000e+01	nan	nan	nan	nan	0
4	4.08216943e+00	5.00000000e+00	4.09408903e+00	primer-uds-north-grizli-v7.2	55916	2.15000000e+01	nan	nan	nan	nan	0
4	4.08216943e+00	5.00000000e+00	4.09408903e+00	primer-uds-north-grizli-v7.2	55916	2.30000000e+01	nan	nan	nan	nan	0
4	4.08216943e+00	5.00000000e+00	4.09408903e+00	primer-uds-north-grizli-v7.2	55916	2.45000000e+01	nan	nan	nan	nan	0
4	4.08216943e+00	5.00000000e+00	4.09408903e+00	primer-uds-north-grizli-v7.2	55916	2.60000000e+01	nan	nan	nan	nan	0
4	4.08216943e+00	5.00000000e+00	4.09408903e+00	primer-uds-north-grizli-v7.2	55916	2.75000000e+01	nan	nan	nan	nan	0
4	4.08216943e+00	5.00000000e+00	4.09408903e+00	primer-uds-north-grizli-v7.2	55916	2.90000000e+01	nan	nan	nan	nan	0
4	4.08216943e+00	5.00000000e+00	4.09408903e+00	primer-uds-north-grizli-v7.2	55916	3.05000000e+01	nan	nan	nan	nan	0
4	4.08216943e+00	5.00000000e+00	4.44778824e+00	primer-uds-north-grizli-v7.2	66675	5.00000000e-01	8.02647639e+09	9.52050641e+00	1.18613772e-09	3.86545258e-01	1
4	4.08216943e+00	5.00000000e+00	4.44778824e+00	primer-uds-north-grizli-v7.2	66675	2.00000000e+00	1.51303421e+09	2.83346746e+00	1.87270548e-09	3.56542685e-01	1
4	4.08216943e+00	5.00000000e+00	4.44778824e+00	primer-uds-north-grizli-v7.2	66675	3.50000000e+00	1.90376476e+08	4.57487195e-01	2.40306578e-09	2.76113997e-01	1
4	4.08216943e+00	5.00000000e+00	4.44778824e+00	primer-uds-north-grizli-v7.2	66675	5.00000000e+00	5.37420148e+07	2.05620571e-01	3.82606740e-09	2.34584860e-01	1
4	4.08216943e+00	5.00000000e+00	4.44778824e+00	primer-uds-north-grizli-v7.2	66675	6.50000000e+00	3.08014570e+07	2.04373411e-01	6.63518646e-09	2.13590996e-01	1
4	4.08216943e+00	5.00000000e+00	4.44778824e+00	primer-uds-north-grizli-v7.2	66675	8.00000000e+00	nan	nan	nan	nan	0
4	4.08216943e+00	5.00000000e+00	4.44778824e+00	primer-uds-north-grizli-v7.2	66675	9.50000000e+00	nan	nan	nan	nan	0
4	4.08216943e+00	5.00000000e+00	4.44778824e+00	primer-uds-north-grizli-v7.2	66675	1.10000000e+01	nan	nan	nan	nan	0
4	4.08216943e+00	5.00000000e+00	4.44778824e+00	primer-uds-north-grizli-v7.2	66675	1.25000000e+01	nan	nan	nan	nan	0
4	4.08216943e+00	5.00000000e+00	4.44778824e+00	primer-uds-north-grizli-v7.2	66675	1.40000000e+01	nan	nan	nan	nan	0
4	4.08216943e+00	5.00000000e+00	4.44778824e+00	primer-uds-north-grizli-v7.2	66675	1.55000000e+01	nan	nan	nan	nan	0
4	4.08216943e+00	5.00000000e+00	4.44778824e+00	primer-uds-north-grizli-v7.2	66675	1.70000000e+01	nan	nan	nan	nan	0
4	4.08216943e+00	5.00000000e+00	4.44778824e+00	primer-uds-north-grizli-v7.2	66675	1.85000000e+01	nan	nan	nan	nan	0
4	4.08216943e+00	5.00000000e+00	4.44778824e+00	primer-uds-north-grizli-v7.2	66675	2.00000000e+01	nan	nan	nan	nan	0
4	4.08216943e+00	5.00000000e+00	4.44778824e+00	primer-uds-north-grizli-v7.2	66675	2.15000000e+01	nan	nan	nan	nan	0
4	4.08216943e+00	5.00000000e+00	4.44778824e+00	primer-uds-north-grizli-v7.2	66675	2.30000000e+01	nan	nan	nan	nan	0
4	4.08216943e+00	5.00000000e+00	4.44778824e+00	primer-uds-north-grizli-v7.2	66675	2.45000000e+01	nan	nan	nan	nan	0
4	4.08216943e+00	5.00000000e+00	4.44778824e+00	primer-uds-north-grizli-v7.2	66675	2.60000000e+01	nan	nan	nan	nan	0
4	4.08216943e+00	5.00000000e+00	4.44778824e+00	primer-uds-north-grizli-v7.2	66675	2.75000000e+01	nan	nan	nan	nan	0
4	4.08216943e+00	5.00000000e+00	4.44778824e+00	primer-uds-north-grizli-v7.2	66675	2.90000000e+01	nan	nan	nan	nan	0
4	4.08216943e+00	5.00000000e+00	4.44778824e+00	primer-uds-north-grizli-v7.2	66675	3.05000000e+01	nan	nan	nan	nan	0
4	4.08216943e+00	5.00000000e+00	4.35913992e+00	primer-uds-north-grizli-v7.2	70753	5.00000000e-01	1.09787332e+09	3.26579600e+00	2.97465650e-09	2.47615675e-01	1
4	4.08216943e+00	5.00000000e+00	4.35913992e+00	primer-uds-north-grizli-v7.2	70753	2.00000000e+00	3.23246181e+08	1.02012439e+00	3.15587453e-09	2.65429017e-01	1
4	4.08216943e+00	5.00000000e+00	4.35913992e+00	primer-uds-north-grizli-v7.2	70753	3.50000000e+00	1.46553843e+08	7.47636904e-01	5.10144865e-09	2.36438187e-01	1
4	4.08216943e+00	5.00000000e+00	4.35913992e+00	primer-uds-north-grizli-v7.2	70753	5.00000000e+00	1.23740712e+08	1.10673387e+00	8.94397525e-09	2.14985152e-01	1
4	4.08216943e+00	5.00000000e+00	4.35913992e+00	primer-uds-north-grizli-v7.2	70753	6.50000000e+00	nan	nan	nan	nan	1
4	4.08216943e+00	5.00000000e+00	4.35913992e+00	primer-uds-north-grizli-v7.2	70753	8.00000000e+00	nan	nan	nan	nan	0
4	4.08216943e+00	5.00000000e+00	4.35913992e+00	primer-uds-north-grizli-v7.2	70753	9.50000000e+00	nan	nan	nan	nan	0
4	4.08216943e+00	5.00000000e+00	4.35913992e+00	primer-uds-north-grizli-v7.2	70753	1.10000000e+01	nan	nan	nan	nan	0
4	4.08216943e+00	5.00000000e+00	4.35913992e+00	primer-uds-north-grizli-v7.2	70753	1.25000000e+01	nan	nan	nan	nan	0
4	4.08216943e+00	5.00000000e+00	4.35913992e+00	primer-uds-north-grizli-v7.2	70753	1.40000000e+01	nan	nan	nan	nan	0
4	4.08216943e+00	5.00000000e+00	4.35913992e+00	primer-uds-north-grizli-v7.2	70753	1.55000000e+01	nan	nan	nan	nan	0
4	4.08216943e+00	5.00000000e+00	4.35913992e+00	primer-uds-north-grizli-v7.2	70753	1.70000000e+01	nan	nan	nan	nan	0
4	4.08216943e+00	5.00000000e+00	4.35913992e+00	primer-uds-north-grizli-v7.2	70753	1.85000000e+01	nan	nan	nan	nan	0
4	4.08216943e+00	5.00000000e+00	4.35913992e+00	primer-uds-north-grizli-v7.2	70753	2.00000000e+01	nan	nan	nan	nan	0
4	4.08216943e+00	5.00000000e+00	4.35913992e+00	primer-uds-north-grizli-v7.2	70753	2.15000000e+01	nan	nan	nan	nan	0
4	4.08216943e+00	5.00000000e+00	4.35913992e+00	primer-uds-north-grizli-v7.2	70753	2.30000000e+01	nan	nan	nan	nan	0
4	4.08216943e+00	5.00000000e+00	4.35913992e+00	primer-uds-north-grizli-v7.2	70753	2.45000000e+01	nan	nan	nan	nan	0
4	4.08216943e+00	5.00000000e+00	4.35913992e+00	primer-uds-north-grizli-v7.2	70753	2.60000000e+01	nan	nan	nan	nan	0
4	4.08216943e+00	5.00000000e+00	4.35913992e+00	primer-uds-north-grizli-v7.2	70753	2.75000000e+01	nan	nan	nan	nan	0
4	4.08216943e+00	5.00000000e+00	4.35913992e+00	primer-uds-north-grizli-v7.2	70753	2.90000000e+01	nan	nan	nan	nan	0
4	4.08216943e+00	5.00000000e+00	4.35913992e+00	primer-uds-north-grizli-v7.2	70753	3.05000000e+01	nan	nan	nan	nan	0
4	4.08216943e+00	5.00000000e+00	4.80470324e+00	primer-uds-south-grizli-v7.2	19735	5.00000000e-01	3.41095999e+09	1.58344247e+01	4.64221941e-09	1.92618558e-01	1
4	4.08216943e+00	5.00000000e+00	4.80470324e+00	primer-uds-south-grizli-v7.2	19735	2.00000000e+00	4.46008283e+08	3.17258515e+00	7.11328751e-09	1.78926447e-01	1
4	4.08216943e+00	5.00000000e+00	4.80470324e+00	primer-uds-south-grizli-v7.2	19735	3.50000000e+00	2.23491558e+08	1.88938188e+00	8.45392952e-09	1.53762797e-01	1
4	4.08216943e+00	5.00000000e+00	4.80470324e+00	primer-uds-south-grizli-v7.2	19735	5.00000000e+00	1.67539246e+08	7.88880563e-01	4.70863144e-09	1.64107488e-01	1
4	4.08216943e+00	5.00000000e+00	4.80470324e+00	primer-uds-south-grizli-v7.2	19735	6.50000000e+00	9.90858469e+07	7.04644930e-01	7.11145892e-09	1.59570668e-01	1
4	4.08216943e+00	5.00000000e+00	4.80470324e+00	primer-uds-south-grizli-v7.2	19735	8.00000000e+00	1.35655998e+08	9.23330435e-01	6.80641067e-09	1.46283964e-01	0
4	4.08216943e+00	5.00000000e+00	4.80470324e+00	primer-uds-south-grizli-v7.2	19735	9.50000000e+00	1.51458201e+08	9.44009467e-01	6.23280522e-09	1.48699157e-01	0
4	4.08216943e+00	5.00000000e+00	4.80470324e+00	primer-uds-south-grizli-v7.2	19735	1.10000000e+01	1.89536074e+08	1.02295984e+00	5.39717755e-09	1.65390364e-01	0
4	4.08216943e+00	5.00000000e+00	4.80470324e+00	primer-uds-south-grizli-v7.2	19735	1.25000000e+01	2.65245185e+08	1.29036948e+00	4.86481775e-09	1.61677344e-01	0
4	4.08216943e+00	5.00000000e+00	4.80470324e+00	primer-uds-south-grizli-v7.2	19735	1.40000000e+01	1.53325728e+08	8.04914659e-01	5.24970380e-09	1.58179591e-01	0
4	4.08216943e+00	5.00000000e+00	4.80470324e+00	primer-uds-south-grizli-v7.2	19735	1.55000000e+01	6.23124948e+07	2.81107208e-01	4.51124945e-09	1.61701936e-01	0
4	4.08216943e+00	5.00000000e+00	4.80470324e+00	primer-uds-south-grizli-v7.2	19735	1.70000000e+01	nan	nan	nan	nan	0
4	4.08216943e+00	5.00000000e+00	4.80470324e+00	primer-uds-south-grizli-v7.2	19735	1.85000000e+01	nan	nan	nan	nan	0
4	4.08216943e+00	5.00000000e+00	4.80470324e+00	primer-uds-south-grizli-v7.2	19735	2.00000000e+01	nan	nan	nan	nan	0
4	4.08216943e+00	5.00000000e+00	4.80470324e+00	primer-uds-south-grizli-v7.2	19735	2.15000000e+01	nan	nan	nan	nan	0
4	4.08216943e+00	5.00000000e+00	4.80470324e+00	primer-uds-south-grizli-v7.2	19735	2.30000000e+01	nan	nan	nan	nan	0
4	4.08216943e+00	5.00000000e+00	4.80470324e+00	primer-uds-south-grizli-v7.2	19735	2.45000000e+01	nan	nan	nan	nan	0
4	4.08216943e+00	5.00000000e+00	4.80470324e+00	primer-uds-south-grizli-v7.2	19735	2.60000000e+01	nan	nan	nan	nan	0
4	4.08216943e+00	5.00000000e+00	4.80470324e+00	primer-uds-south-grizli-v7.2	19735	2.75000000e+01	nan	nan	nan	nan	0
4	4.08216943e+00	5.00000000e+00	4.80470324e+00	primer-uds-south-grizli-v7.2	19735	2.90000000e+01	nan	nan	nan	nan	0
4	4.08216943e+00	5.00000000e+00	4.80470324e+00	primer-uds-south-grizli-v7.2	19735	3.05000000e+01	nan	nan	nan	nan	0
4	4.08216943e+00	5.00000000e+00	4.12757635e+00	primer-uds-south-grizli-v7.2	21036	5.00000000e-01	5.94037332e+09	1.82172819e+01	3.06668974e-09	2.46318685e-01	1
4	4.08216943e+00	5.00000000e+00	4.12757635e+00	primer-uds-south-grizli-v7.2	21036	2.00000000e+00	1.36947465e+09	5.02010110e+00	3.66571306e-09	2.35336833e-01	1
4	4.08216943e+00	5.00000000e+00	4.12757635e+00	primer-uds-south-grizli-v7.2	21036	3.50000000e+00	2.50485752e+08	1.22950168e+00	4.90846952e-09	2.20479119e-01	1
4	4.08216943e+00	5.00000000e+00	4.12757635e+00	primer-uds-south-grizli-v7.2	21036	5.00000000e+00	1.08032290e+08	4.64691198e-01	4.30141025e-09	2.13964531e-01	1
4	4.08216943e+00	5.00000000e+00	4.12757635e+00	primer-uds-south-grizli-v7.2	21036	6.50000000e+00	5.58323231e+07	2.48882511e-01	4.45767787e-09	1.99288043e-01	1
4	4.08216943e+00	5.00000000e+00	4.12757635e+00	primer-uds-south-grizli-v7.2	21036	8.00000000e+00	4.18832240e+07	1.65983974e-01	3.96301809e-09	2.03626634e-01	0
4	4.08216943e+00	5.00000000e+00	4.12757635e+00	primer-uds-south-grizli-v7.2	21036	9.50000000e+00	3.44640898e+07	1.51158607e-01	4.38597416e-09	2.09611793e-01	0
4	4.08216943e+00	5.00000000e+00	4.12757635e+00	primer-uds-south-grizli-v7.2	21036	1.10000000e+01	nan	nan	nan	nan	0
4	4.08216943e+00	5.00000000e+00	4.12757635e+00	primer-uds-south-grizli-v7.2	21036	1.25000000e+01	nan	nan	nan	nan	0
4	4.08216943e+00	5.00000000e+00	4.12757635e+00	primer-uds-south-grizli-v7.2	21036	1.40000000e+01	nan	nan	nan	nan	0
4	4.08216943e+00	5.00000000e+00	4.12757635e+00	primer-uds-south-grizli-v7.2	21036	1.55000000e+01	nan	nan	nan	nan	0
4	4.08216943e+00	5.00000000e+00	4.12757635e+00	primer-uds-south-grizli-v7.2	21036	1.70000000e+01	nan	nan	nan	nan	0
4	4.08216943e+00	5.00000000e+00	4.12757635e+00	primer-uds-south-grizli-v7.2	21036	1.85000000e+01	nan	nan	nan	nan	0
4	4.08216943e+00	5.00000000e+00	4.12757635e+00	primer-uds-south-grizli-v7.2	21036	2.00000000e+01	nan	nan	nan	nan	0
4	4.08216943e+00	5.00000000e+00	4.12757635e+00	primer-uds-south-grizli-v7.2	21036	2.15000000e+01	nan	nan	nan	nan	0
4	4.08216943e+00	5.00000000e+00	4.12757635e+00	primer-uds-south-grizli-v7.2	21036	2.30000000e+01	nan	nan	nan	nan	0
4	4.08216943e+00	5.00000000e+00	4.12757635e+00	primer-uds-south-grizli-v7.2	21036	2.45000000e+01	nan	nan	nan	nan	0
4	4.08216943e+00	5.00000000e+00	4.12757635e+00	primer-uds-south-grizli-v7.2	21036	2.60000000e+01	nan	nan	nan	nan	0
4	4.08216943e+00	5.00000000e+00	4.12757635e+00	primer-uds-south-grizli-v7.2	21036	2.75000000e+01	nan	nan	nan	nan	0
4	4.08216943e+00	5.00000000e+00	4.12757635e+00	primer-uds-south-grizli-v7.2	21036	2.90000000e+01	nan	nan	nan	nan	0
4	4.08216943e+00	5.00000000e+00	4.12757635e+00	primer-uds-south-grizli-v7.2	21036	3.05000000e+01	nan	nan	nan	nan	0
4	4.08216943e+00	5.00000000e+00	4.40868282e+00	primer-uds-south-grizli-v7.2	25927	5.00000000e-01	9.60965618e+08	4.29845271e+00	4.47305567e-09	1.72520418e-01	1
4	4.08216943e+00	5.00000000e+00	4.40868282e+00	primer-uds-south-grizli-v7.2	25927	2.00000000e+00	1.81506249e+08	9.39180924e-01	5.17437238e-09	1.69028037e-01	1
4	4.08216943e+00	5.00000000e+00	4.40868282e+00	primer-uds-south-grizli-v7.2	25927	3.50000000e+00	nan	nan	nan	nan	1
4	4.08216943e+00	5.00000000e+00	4.40868282e+00	primer-uds-south-grizli-v7.2	25927	5.00000000e+00	nan	nan	nan	nan	1
4	4.08216943e+00	5.00000000e+00	4.40868282e+00	primer-uds-south-grizli-v7.2	25927	6.50000000e+00	nan	nan	nan	nan	1
4	4.08216943e+00	5.00000000e+00	4.40868282e+00	primer-uds-south-grizli-v7.2	25927	8.00000000e+00	nan	nan	nan	nan	0
4	4.08216943e+00	5.00000000e+00	4.40868282e+00	primer-uds-south-grizli-v7.2	25927	9.50000000e+00	nan	nan	nan	nan	0
4	4.08216943e+00	5.00000000e+00	4.40868282e+00	primer-uds-south-grizli-v7.2	25927	1.10000000e+01	nan	nan	nan	nan	0
4	4.08216943e+00	5.00000000e+00	4.40868282e+00	primer-uds-south-grizli-v7.2	25927	1.25000000e+01	nan	nan	nan	nan	0
4	4.08216943e+00	5.00000000e+00	4.40868282e+00	primer-uds-south-grizli-v7.2	25927	1.40000000e+01	nan	nan	nan	nan	0
4	4.08216943e+00	5.00000000e+00	4.40868282e+00	primer-uds-south-grizli-v7.2	25927	1.55000000e+01	nan	nan	nan	nan	0
4	4.08216943e+00	5.00000000e+00	4.40868282e+00	primer-uds-south-grizli-v7.2	25927	1.70000000e+01	nan	nan	nan	nan	0
4	4.08216943e+00	5.00000000e+00	4.40868282e+00	primer-uds-south-grizli-v7.2	25927	1.85000000e+01	nan	nan	nan	nan	0
4	4.08216943e+00	5.00000000e+00	4.40868282e+00	primer-uds-south-grizli-v7.2	25927	2.00000000e+01	nan	nan	nan	nan	0
4	4.08216943e+00	5.00000000e+00	4.40868282e+00	primer-uds-south-grizli-v7.2	25927	2.15000000e+01	nan	nan	nan	nan	0
4	4.08216943e+00	5.00000000e+00	4.40868282e+00	primer-uds-south-grizli-v7.2	25927	2.30000000e+01	nan	nan	nan	nan	0
4	4.08216943e+00	5.00000000e+00	4.40868282e+00	primer-uds-south-grizli-v7.2	25927	2.45000000e+01	nan	nan	nan	nan	0
4	4.08216943e+00	5.00000000e+00	4.40868282e+00	primer-uds-south-grizli-v7.2	25927	2.60000000e+01	nan	nan	nan	nan	0
4	4.08216943e+00	5.00000000e+00	4.40868282e+00	primer-uds-south-grizli-v7.2	25927	2.75000000e+01	nan	nan	nan	nan	0
4	4.08216943e+00	5.00000000e+00	4.40868282e+00	primer-uds-south-grizli-v7.2	25927	2.90000000e+01	nan	nan	nan	nan	0
4	4.08216943e+00	5.00000000e+00	4.40868282e+00	primer-uds-south-grizli-v7.2	25927	3.05000000e+01	nan	nan	nan	nan	0
4	4.08216943e+00	5.00000000e+00	4.44837856e+00	primer-uds-south-grizli-v7.2	35581	5.00000000e-01	1.82061013e+09	4.68469401e+00	2.57314509e-09	3.11304757e-01	1
4	4.08216943e+00	5.00000000e+00	4.44837856e+00	primer-uds-south-grizli-v7.2	35581	2.00000000e+00	4.09914492e+08	1.64582063e+00	4.01503401e-09	2.11363128e-01	1
4	4.08216943e+00	5.00000000e+00	4.44837856e+00	primer-uds-south-grizli-v7.2	35581	3.50000000e+00	1.09713689e+08	4.97364899e-01	4.53329849e-09	2.09651104e-01	1
4	4.08216943e+00	5.00000000e+00	4.44837856e+00	primer-uds-south-grizli-v7.2	35581	5.00000000e+00	nan	nan	nan	nan	1
4	4.08216943e+00	5.00000000e+00	4.44837856e+00	primer-uds-south-grizli-v7.2	35581	6.50000000e+00	nan	nan	nan	nan	1
4	4.08216943e+00	5.00000000e+00	4.44837856e+00	primer-uds-south-grizli-v7.2	35581	8.00000000e+00	nan	nan	nan	nan	0
4	4.08216943e+00	5.00000000e+00	4.44837856e+00	primer-uds-south-grizli-v7.2	35581	9.50000000e+00	nan	nan	nan	nan	0
4	4.08216943e+00	5.00000000e+00	4.44837856e+00	primer-uds-south-grizli-v7.2	35581	1.10000000e+01	nan	nan	nan	nan	0
4	4.08216943e+00	5.00000000e+00	4.44837856e+00	primer-uds-south-grizli-v7.2	35581	1.25000000e+01	nan	nan	nan	nan	0
4	4.08216943e+00	5.00000000e+00	4.44837856e+00	primer-uds-south-grizli-v7.2	35581	1.40000000e+01	nan	nan	nan	nan	0
4	4.08216943e+00	5.00000000e+00	4.44837856e+00	primer-uds-south-grizli-v7.2	35581	1.55000000e+01	nan	nan	nan	nan	0
4	4.08216943e+00	5.00000000e+00	4.44837856e+00	primer-uds-south-grizli-v7.2	35581	1.70000000e+01	nan	nan	nan	nan	0
4	4.08216943e+00	5.00000000e+00	4.44837856e+00	primer-uds-south-grizli-v7.2	35581	1.85000000e+01	nan	nan	nan	nan	0
4	4.08216943e+00	5.00000000e+00	4.44837856e+00	primer-uds-south-grizli-v7.2	35581	2.00000000e+01	nan	nan	nan	nan	0
4	4.08216943e+00	5.00000000e+00	4.44837856e+00	primer-uds-south-grizli-v7.2	35581	2.15000000e+01	nan	nan	nan	nan	0
4	4.08216943e+00	5.00000000e+00	4.44837856e+00	primer-uds-south-grizli-v7.2	35581	2.30000000e+01	nan	nan	nan	nan	0
4	4.08216943e+00	5.00000000e+00	4.44837856e+00	primer-uds-south-grizli-v7.2	35581	2.45000000e+01	nan	nan	nan	nan	0
4	4.08216943e+00	5.00000000e+00	4.44837856e+00	primer-uds-south-grizli-v7.2	35581	2.60000000e+01	nan	nan	nan	nan	0
4	4.08216943e+00	5.00000000e+00	4.44837856e+00	primer-uds-south-grizli-v7.2	35581	2.75000000e+01	nan	nan	nan	nan	0
4	4.08216943e+00	5.00000000e+00	4.44837856e+00	primer-uds-south-grizli-v7.2	35581	2.90000000e+01	nan	nan	nan	nan	0
4	4.08216943e+00	5.00000000e+00	4.44837856e+00	primer-uds-south-grizli-v7.2	35581	3.05000000e+01	nan	nan	nan	nan	0
4	4.08216943e+00	5.00000000e+00	4.31504393e+00	primer-uds-south-grizli-v7.2	35974	5.00000000e-01	9.41982622e+08	5.53107947e+00	5.87174258e-09	1.33349691e-01	1
4	4.08216943e+00	5.00000000e+00	4.31504393e+00	primer-uds-south-grizli-v7.2	35974	2.00000000e+00	1.80198532e+08	1.09526290e+00	6.07809004e-09	1.39472196e-01	1
4	4.08216943e+00	5.00000000e+00	4.31504393e+00	primer-uds-south-grizli-v7.2	35974	3.50000000e+00	7.49256088e+07	7.03415636e-01	9.38818712e-09	1.55539472e-01	1
4	4.08216943e+00	5.00000000e+00	4.31504393e+00	primer-uds-south-grizli-v7.2	35974	5.00000000e+00	nan	nan	nan	nan	1
4	4.08216943e+00	5.00000000e+00	4.31504393e+00	primer-uds-south-grizli-v7.2	35974	6.50000000e+00	nan	nan	nan	nan	1
4	4.08216943e+00	5.00000000e+00	4.31504393e+00	primer-uds-south-grizli-v7.2	35974	8.00000000e+00	nan	nan	nan	nan	0
4	4.08216943e+00	5.00000000e+00	4.31504393e+00	primer-uds-south-grizli-v7.2	35974	9.50000000e+00	nan	nan	nan	nan	0
4	4.08216943e+00	5.00000000e+00	4.31504393e+00	primer-uds-south-grizli-v7.2	35974	1.10000000e+01	nan	nan	nan	nan	0
4	4.08216943e+00	5.00000000e+00	4.31504393e+00	primer-uds-south-grizli-v7.2	35974	1.25000000e+01	nan	nan	nan	nan	0
4	4.08216943e+00	5.00000000e+00	4.31504393e+00	primer-uds-south-grizli-v7.2	35974	1.40000000e+01	nan	nan	nan	nan	0
4	4.08216943e+00	5.00000000e+00	4.31504393e+00	primer-uds-south-grizli-v7.2	35974	1.55000000e+01	nan	nan	nan	nan	0
4	4.08216943e+00	5.00000000e+00	4.31504393e+00	primer-uds-south-grizli-v7.2	35974	1.70000000e+01	nan	nan	nan	nan	0
4	4.08216943e+00	5.00000000e+00	4.31504393e+00	primer-uds-south-grizli-v7.2	35974	1.85000000e+01	nan	nan	nan	nan	0
4	4.08216943e+00	5.00000000e+00	4.31504393e+00	primer-uds-south-grizli-v7.2	35974	2.00000000e+01	nan	nan	nan	nan	0
4	4.08216943e+00	5.00000000e+00	4.31504393e+00	primer-uds-south-grizli-v7.2	35974	2.15000000e+01	nan	nan	nan	nan	0
4	4.08216943e+00	5.00000000e+00	4.31504393e+00	primer-uds-south-grizli-v7.2	35974	2.30000000e+01	nan	nan	nan	nan	0
4	4.08216943e+00	5.00000000e+00	4.31504393e+00	primer-uds-south-grizli-v7.2	35974	2.45000000e+01	nan	nan	nan	nan	0
4	4.08216943e+00	5.00000000e+00	4.31504393e+00	primer-uds-south-grizli-v7.2	35974	2.60000000e+01	nan	nan	nan	nan	0
4	4.08216943e+00	5.00000000e+00	4.31504393e+00	primer-uds-south-grizli-v7.2	35974	2.75000000e+01	nan	nan	nan	nan	0
4	4.08216943e+00	5.00000000e+00	4.31504393e+00	primer-uds-south-grizli-v7.2	35974	2.90000000e+01	nan	nan	nan	nan	0
4	4.08216943e+00	5.00000000e+00	4.31504393e+00	primer-uds-south-grizli-v7.2	35974	3.05000000e+01	nan	nan	nan	nan	0
4	4.08216943e+00	5.00000000e+00	4.44698572e+00	primer-uds-south-grizli-v7.2	36025	5.00000000e-01	3.91514708e+09	8.37170302e+00	2.13828570e-09	4.67725176e-01	1
4	4.08216943e+00	5.00000000e+00	4.44698572e+00	primer-uds-south-grizli-v7.2	36025	2.00000000e+00	1.11087791e+09	3.58771006e+00	3.22961690e-09	2.91151222e-01	1
4	4.08216943e+00	5.00000000e+00	4.44698572e+00	primer-uds-south-grizli-v7.2	36025	3.50000000e+00	2.24519980e+08	1.21819668e+00	5.42578293e-09	2.23973283e-01	1
4	4.08216943e+00	5.00000000e+00	4.44698572e+00	primer-uds-south-grizli-v7.2	36025	5.00000000e+00	nan	nan	nan	nan	1
4	4.08216943e+00	5.00000000e+00	4.44698572e+00	primer-uds-south-grizli-v7.2	36025	6.50000000e+00	nan	nan	nan	nan	1
4	4.08216943e+00	5.00000000e+00	4.44698572e+00	primer-uds-south-grizli-v7.2	36025	8.00000000e+00	nan	nan	nan	nan	0
4	4.08216943e+00	5.00000000e+00	4.44698572e+00	primer-uds-south-grizli-v7.2	36025	9.50000000e+00	nan	nan	nan	nan	0
4	4.08216943e+00	5.00000000e+00	4.44698572e+00	primer-uds-south-grizli-v7.2	36025	1.10000000e+01	nan	nan	nan	nan	0
4	4.08216943e+00	5.00000000e+00	4.44698572e+00	primer-uds-south-grizli-v7.2	36025	1.25000000e+01	nan	nan	nan	nan	0
4	4.08216943e+00	5.00000000e+00	4.44698572e+00	primer-uds-south-grizli-v7.2	36025	1.40000000e+01	nan	nan	nan	nan	0
4	4.08216943e+00	5.00000000e+00	4.44698572e+00	primer-uds-south-grizli-v7.2	36025	1.55000000e+01	nan	nan	nan	nan	0
4	4.08216943e+00	5.00000000e+00	4.44698572e+00	primer-uds-south-grizli-v7.2	36025	1.70000000e+01	nan	nan	nan	nan	0
4	4.08216943e+00	5.00000000e+00	4.44698572e+00	primer-uds-south-grizli-v7.2	36025	1.85000000e+01	nan	nan	nan	nan	0
4	4.08216943e+00	5.00000000e+00	4.44698572e+00	primer-uds-south-grizli-v7.2	36025	2.00000000e+01	nan	nan	nan	nan	0
4	4.08216943e+00	5.00000000e+00	4.44698572e+00	primer-uds-south-grizli-v7.2	36025	2.15000000e+01	nan	nan	nan	nan	0
4	4.08216943e+00	5.00000000e+00	4.44698572e+00	primer-uds-south-grizli-v7.2	36025	2.30000000e+01	nan	nan	nan	nan	0
4	4.08216943e+00	5.00000000e+00	4.44698572e+00	primer-uds-south-grizli-v7.2	36025	2.45000000e+01	nan	nan	nan	nan	0
4	4.08216943e+00	5.00000000e+00	4.44698572e+00	primer-uds-south-grizli-v7.2	36025	2.60000000e+01	nan	nan	nan	nan	0
4	4.08216943e+00	5.00000000e+00	4.44698572e+00	primer-uds-south-grizli-v7.2	36025	2.75000000e+01	nan	nan	nan	nan	0
4	4.08216943e+00	5.00000000e+00	4.44698572e+00	primer-uds-south-grizli-v7.2	36025	2.90000000e+01	nan	nan	nan	nan	0
4	4.08216943e+00	5.00000000e+00	4.44698572e+00	primer-uds-south-grizli-v7.2	36025	3.05000000e+01	nan	nan	nan	nan	0
4	4.08216943e+00	5.00000000e+00	4.09274101e+00	primer-uds-south-grizli-v7.2	50383	5.00000000e-01	1.00849363e+10	3.37209620e+00	3.34369610e-10	7.48678827e-01	1
4	4.08216943e+00	5.00000000e+00	4.09274101e+00	primer-uds-south-grizli-v7.2	50383	2.00000000e+00	nan	nan	nan	nan	1
4	4.08216943e+00	5.00000000e+00	4.09274101e+00	primer-uds-south-grizli-v7.2	50383	3.50000000e+00	nan	nan	nan	nan	1
4	4.08216943e+00	5.00000000e+00	4.09274101e+00	primer-uds-south-grizli-v7.2	50383	5.00000000e+00	nan	nan	nan	nan	1
4	4.08216943e+00	5.00000000e+00	4.09274101e+00	primer-uds-south-grizli-v7.2	50383	6.50000000e+00	nan	nan	nan	nan	1
4	4.08216943e+00	5.00000000e+00	4.09274101e+00	primer-uds-south-grizli-v7.2	50383	8.00000000e+00	nan	nan	nan	nan	0
4	4.08216943e+00	5.00000000e+00	4.09274101e+00	primer-uds-south-grizli-v7.2	50383	9.50000000e+00	nan	nan	nan	nan	0
4	4.08216943e+00	5.00000000e+00	4.09274101e+00	primer-uds-south-grizli-v7.2	50383	1.10000000e+01	nan	nan	nan	nan	0
4	4.08216943e+00	5.00000000e+00	4.09274101e+00	primer-uds-south-grizli-v7.2	50383	1.25000000e+01	nan	nan	nan	nan	0
4	4.08216943e+00	5.00000000e+00	4.09274101e+00	primer-uds-south-grizli-v7.2	50383	1.40000000e+01	nan	nan	nan	nan	0
4	4.08216943e+00	5.00000000e+00	4.09274101e+00	primer-uds-south-grizli-v7.2	50383	1.55000000e+01	nan	nan	nan	nan	0
4	4.08216943e+00	5.00000000e+00	4.09274101e+00	primer-uds-south-grizli-v7.2	50383	1.70000000e+01	nan	nan	nan	nan	0
4	4.08216943e+00	5.00000000e+00	4.09274101e+00	primer-uds-south-grizli-v7.2	50383	1.85000000e+01	nan	nan	nan	nan	0
4	4.08216943e+00	5.00000000e+00	4.09274101e+00	primer-uds-south-grizli-v7.2	50383	2.00000000e+01	nan	nan	nan	nan	0
4	4.08216943e+00	5.00000000e+00	4.09274101e+00	primer-uds-south-grizli-v7.2	50383	2.15000000e+01	nan	nan	nan	nan	0
4	4.08216943e+00	5.00000000e+00	4.09274101e+00	primer-uds-south-grizli-v7.2	50383	2.30000000e+01	nan	nan	nan	nan	0
4	4.08216943e+00	5.00000000e+00	4.09274101e+00	primer-uds-south-grizli-v7.2	50383	2.45000000e+01	nan	nan	nan	nan	0
4	4.08216943e+00	5.00000000e+00	4.09274101e+00	primer-uds-south-grizli-v7.2	50383	2.60000000e+01	nan	nan	nan	nan	0
4	4.08216943e+00	5.00000000e+00	4.09274101e+00	primer-uds-south-grizli-v7.2	50383	2.75000000e+01	nan	nan	nan	nan	0
4	4.08216943e+00	5.00000000e+00	4.09274101e+00	primer-uds-south-grizli-v7.2	50383	2.90000000e+01	nan	nan	nan	nan	0
4	4.08216943e+00	5.00000000e+00	4.09274101e+00	primer-uds-south-grizli-v7.2	50383	3.05000000e+01	nan	nan	nan	nan	0
4	4.08216943e+00	5.00000000e+00	4.36274624e+00	primer-uds-south-grizli-v7.2	62259	5.00000000e-01	1.48590301e+10	6.39945421e+00	4.30677786e-10	8.95072284e-01	1
4	4.08216943e+00	5.00000000e+00	4.36274624e+00	primer-uds-south-grizli-v7.2	62259	2.00000000e+00	1.13102218e+09	2.95851085e+00	2.61578500e-09	3.65247983e-01	1
4	4.08216943e+00	5.00000000e+00	4.36274624e+00	primer-uds-south-grizli-v7.2	62259	3.50000000e+00	1.11958412e+08	5.32001278e-01	4.75177585e-09	2.21119689e-01	1
4	4.08216943e+00	5.00000000e+00	4.36274624e+00	primer-uds-south-grizli-v7.2	62259	5.00000000e+00	nan	nan	nan	nan	1
4	4.08216943e+00	5.00000000e+00	4.36274624e+00	primer-uds-south-grizli-v7.2	62259	6.50000000e+00	nan	nan	nan	nan	1
4	4.08216943e+00	5.00000000e+00	4.36274624e+00	primer-uds-south-grizli-v7.2	62259	8.00000000e+00	nan	nan	nan	nan	0
4	4.08216943e+00	5.00000000e+00	4.36274624e+00	primer-uds-south-grizli-v7.2	62259	9.50000000e+00	nan	nan	nan	nan	0
4	4.08216943e+00	5.00000000e+00	4.36274624e+00	primer-uds-south-grizli-v7.2	62259	1.10000000e+01	nan	nan	nan	nan	0
4	4.08216943e+00	5.00000000e+00	4.36274624e+00	primer-uds-south-grizli-v7.2	62259	1.25000000e+01	nan	nan	nan	nan	0
4	4.08216943e+00	5.00000000e+00	4.36274624e+00	primer-uds-south-grizli-v7.2	62259	1.40000000e+01	nan	nan	nan	nan	0
4	4.08216943e+00	5.00000000e+00	4.36274624e+00	primer-uds-south-grizli-v7.2	62259	1.55000000e+01	nan	nan	nan	nan	0
4	4.08216943e+00	5.00000000e+00	4.36274624e+00	primer-uds-south-grizli-v7.2	62259	1.70000000e+01	nan	nan	nan	nan	0
4	4.08216943e+00	5.00000000e+00	4.36274624e+00	primer-uds-south-grizli-v7.2	62259	1.85000000e+01	nan	nan	nan	nan	0
4	4.08216943e+00	5.00000000e+00	4.36274624e+00	primer-uds-south-grizli-v7.2	62259	2.00000000e+01	nan	nan	nan	nan	0
4	4.08216943e+00	5.00000000e+00	4.36274624e+00	primer-uds-south-grizli-v7.2	62259	2.15000000e+01	nan	nan	nan	nan	0
4	4.08216943e+00	5.00000000e+00	4.36274624e+00	primer-uds-south-grizli-v7.2	62259	2.30000000e+01	nan	nan	nan	nan	0
4	4.08216943e+00	5.00000000e+00	4.36274624e+00	primer-uds-south-grizli-v7.2	62259	2.45000000e+01	nan	nan	nan	nan	0
4	4.08216943e+00	5.00000000e+00	4.36274624e+00	primer-uds-south-grizli-v7.2	62259	2.60000000e+01	nan	nan	nan	nan	0
4	4.08216943e+00	5.00000000e+00	4.36274624e+00	primer-uds-south-grizli-v7.2	62259	2.75000000e+01	nan	nan	nan	nan	0
4	4.08216943e+00	5.00000000e+00	4.36274624e+00	primer-uds-south-grizli-v7.2	62259	2.90000000e+01	nan	nan	nan	nan	0
4	4.08216943e+00	5.00000000e+00	4.36274624e+00	primer-uds-south-grizli-v7.2	62259	3.05000000e+01	nan	nan	nan	nan	0
4	4.08216943e+00	5.00000000e+00	4.40594149e+00	primer-uds-south-grizli-v7.2	63291	5.00000000e-01	2.12616480e+09	3.74131354e+00	1.75965359e-09	2.20752320e-01	1
4	4.08216943e+00	5.00000000e+00	4.40594149e+00	primer-uds-south-grizli-v7.2	63291	2.00000000e+00	nan	nan	nan	nan	1
4	4.08216943e+00	5.00000000e+00	4.40594149e+00	primer-uds-south-grizli-v7.2	63291	3.50000000e+00	nan	nan	nan	nan	1
4	4.08216943e+00	5.00000000e+00	4.40594149e+00	primer-uds-south-grizli-v7.2	63291	5.00000000e+00	nan	nan	nan	nan	1
4	4.08216943e+00	5.00000000e+00	4.40594149e+00	primer-uds-south-grizli-v7.2	63291	6.50000000e+00	nan	nan	nan	nan	1
4	4.08216943e+00	5.00000000e+00	4.40594149e+00	primer-uds-south-grizli-v7.2	63291	8.00000000e+00	nan	nan	nan	nan	0
4	4.08216943e+00	5.00000000e+00	4.40594149e+00	primer-uds-south-grizli-v7.2	63291	9.50000000e+00	nan	nan	nan	nan	0
4	4.08216943e+00	5.00000000e+00	4.40594149e+00	primer-uds-south-grizli-v7.2	63291	1.10000000e+01	nan	nan	nan	nan	0
4	4.08216943e+00	5.00000000e+00	4.40594149e+00	primer-uds-south-grizli-v7.2	63291	1.25000000e+01	nan	nan	nan	nan	0
4	4.08216943e+00	5.00000000e+00	4.40594149e+00	primer-uds-south-grizli-v7.2	63291	1.40000000e+01	nan	nan	nan	nan	0
4	4.08216943e+00	5.00000000e+00	4.40594149e+00	primer-uds-south-grizli-v7.2	63291	1.55000000e+01	nan	nan	nan	nan	0
4	4.08216943e+00	5.00000000e+00	4.40594149e+00	primer-uds-south-grizli-v7.2	63291	1.70000000e+01	nan	nan	nan	nan	0
4	4.08216943e+00	5.00000000e+00	4.40594149e+00	primer-uds-south-grizli-v7.2	63291	1.85000000e+01	nan	nan	nan	nan	0
4	4.08216943e+00	5.00000000e+00	4.40594149e+00	primer-uds-south-grizli-v7.2	63291	2.00000000e+01	nan	nan	nan	nan	0
4	4.08216943e+00	5.00000000e+00	4.40594149e+00	primer-uds-south-grizli-v7.2	63291	2.15000000e+01	nan	nan	nan	nan	0
4	4.08216943e+00	5.00000000e+00	4.40594149e+00	primer-uds-south-grizli-v7.2	63291	2.30000000e+01	nan	nan	nan	nan	0
4	4.08216943e+00	5.00000000e+00	4.40594149e+00	primer-uds-south-grizli-v7.2	63291	2.45000000e+01	nan	nan	nan	nan	0
4	4.08216943e+00	5.00000000e+00	4.40594149e+00	primer-uds-south-grizli-v7.2	63291	2.60000000e+01	nan	nan	nan	nan	0
4	4.08216943e+00	5.00000000e+00	4.40594149e+00	primer-uds-south-grizli-v7.2	63291	2.75000000e+01	nan	nan	nan	nan	0
4	4.08216943e+00	5.00000000e+00	4.40594149e+00	primer-uds-south-grizli-v7.2	63291	2.90000000e+01	nan	nan	nan	nan	0
4	4.08216943e+00	5.00000000e+00	4.40594149e+00	primer-uds-south-grizli-v7.2	63291	3.05000000e+01	nan	nan	nan	nan	0
4	4.08216943e+00	5.00000000e+00	4.23140287e+00	primer-uds-south-grizli-v7.2	68778	5.00000000e-01	1.67199688e+09	7.63333787e+00	4.56540197e-09	2.44906108e-01	1
4	4.08216943e+00	5.00000000e+00	4.23140287e+00	primer-uds-south-grizli-v7.2	68778	2.00000000e+00	4.80118825e+08	1.62821391e+00	3.39127280e-09	2.49070577e-01	1
4	4.08216943e+00	5.00000000e+00	4.23140287e+00	primer-uds-south-grizli-v7.2	68778	3.50000000e+00	2.27526753e+08	7.03035242e-01	3.08990144e-09	2.38519426e-01	1
4	4.08216943e+00	5.00000000e+00	4.23140287e+00	primer-uds-south-grizli-v7.2	68778	5.00000000e+00	1.50905342e+08	6.18368835e-01	4.09772659e-09	2.29303566e-01	1
4	4.08216943e+00	5.00000000e+00	4.23140287e+00	primer-uds-south-grizli-v7.2	68778	6.50000000e+00	nan	nan	nan	nan	1
4	4.08216943e+00	5.00000000e+00	4.23140287e+00	primer-uds-south-grizli-v7.2	68778	8.00000000e+00	nan	nan	nan	nan	0
4	4.08216943e+00	5.00000000e+00	4.23140287e+00	primer-uds-south-grizli-v7.2	68778	9.50000000e+00	nan	nan	nan	nan	0
4	4.08216943e+00	5.00000000e+00	4.23140287e+00	primer-uds-south-grizli-v7.2	68778	1.10000000e+01	nan	nan	nan	nan	0
4	4.08216943e+00	5.00000000e+00	4.23140287e+00	primer-uds-south-grizli-v7.2	68778	1.25000000e+01	nan	nan	nan	nan	0
4	4.08216943e+00	5.00000000e+00	4.23140287e+00	primer-uds-south-grizli-v7.2	68778	1.40000000e+01	nan	nan	nan	nan	0
4	4.08216943e+00	5.00000000e+00	4.23140287e+00	primer-uds-south-grizli-v7.2	68778	1.55000000e+01	nan	nan	nan	nan	0
4	4.08216943e+00	5.00000000e+00	4.23140287e+00	primer-uds-south-grizli-v7.2	68778	1.70000000e+01	nan	nan	nan	nan	0
4	4.08216943e+00	5.00000000e+00	4.23140287e+00	primer-uds-south-grizli-v7.2	68778	1.85000000e+01	nan	nan	nan	nan	0
4	4.08216943e+00	5.00000000e+00	4.23140287e+00	primer-uds-south-grizli-v7.2	68778	2.00000000e+01	nan	nan	nan	nan	0
4	4.08216943e+00	5.00000000e+00	4.23140287e+00	primer-uds-south-grizli-v7.2	68778	2.15000000e+01	nan	nan	nan	nan	0
4	4.08216943e+00	5.00000000e+00	4.23140287e+00	primer-uds-south-grizli-v7.2	68778	2.30000000e+01	nan	nan	nan	nan	0
4	4.08216943e+00	5.00000000e+00	4.23140287e+00	primer-uds-south-grizli-v7.2	68778	2.45000000e+01	nan	nan	nan	nan	0
4	4.08216943e+00	5.00000000e+00	4.23140287e+00	primer-uds-south-grizli-v7.2	68778	2.60000000e+01	nan	nan	nan	nan	0
4	4.08216943e+00	5.00000000e+00	4.23140287e+00	primer-uds-south-grizli-v7.2	68778	2.75000000e+01	nan	nan	nan	nan	0
4	4.08216943e+00	5.00000000e+00	4.23140287e+00	primer-uds-south-grizli-v7.2	68778	2.90000000e+01	nan	nan	nan	nan	0
4	4.08216943e+00	5.00000000e+00	4.23140287e+00	primer-uds-south-grizli-v7.2	68778	3.05000000e+01	nan	nan	nan	nan	0
